Fecha,Valor
2024-01-01 00:00:00,109.3189621926262
2024-01-01 01:00:00,111.3579609928739
2024-01-01 02:00:00,132.5210654762035
2024-01-01 03:00:00,124.1892153856522
2024-01-01 04:00:00,125.701067707692
2024-01-01 05:00:00,134.3159199080106
2024-01-01 06:00:00,132.7433298511347
2024-01-01 07:00:00,133.9928059333367
2024-01-01 08:00:00,115.8911944208479
2024-01-01 09:00:00,126.9509747614327
2024-01-01 10:00:00,112.7153395339264
2024-01-01 11:00:00,102.811161735802
2024-01-01 12:00:00,93.99753907075052
2024-01-01 13:00:00,105.0151017334486
2024-01-01 14:00:00,81.1598640761189
2024-01-01 15:00:00,93.11497769430552
2024-01-01 16:00:00,77.8432208831707
2024-01-01 17:00:00,89.44072343347018
2024-01-01 18:00:00,91.20152167258914
2024-01-01 19:00:00,84.09868686599907
2024-01-01 20:00:00,82.6342158048737
2024-01-01 21:00:00,95.6877481715036
2024-01-01 22:00:00,110.0007696170746
2024-01-01 23:00:00,106.3148331701083
2024-01-02 00:00:00,133.1325432779322
2024-01-02 01:00:00,136.1742873785871
2024-01-02 02:00:00,146.4294114377922
2024-01-02 03:00:00,131.0847947126794
2024-01-02 04:00:00,156.7705613751148
2024-01-02 05:00:00,158.9880252936315
2024-01-02 06:00:00,149.2268911105649
2024-01-02 07:00:00,134.7526631926766
2024-01-02 08:00:00,133.9189749045507
2024-01-02 09:00:00,144.8807102142272
2024-01-02 10:00:00,129.7039205773981
2024-01-02 11:00:00,131.5603154784089
2024-01-02 12:00:00,123.7041838866743
2024-01-02 13:00:00,112.0266308835515
2024-01-02 14:00:00,112.5489563976977
2024-01-02 15:00:00,102.9526192718376
2024-01-02 16:00:00,94.00008131846135
2024-01-02 17:00:00,89.61370065743687
2024-01-02 18:00:00,94.30351660128144
2024-01-02 19:00:00,97.23450350590068
2024-01-02 20:00:00,97.16419349762353
2024-01-02 21:00:00,92.22816546562687
2024-01-02 22:00:00,101.6596545231972
2024-01-02 23:00:00,103.7607117012162
2024-01-03 00:00:00,106.3563307089992
2024-01-03 01:00:00,136.5904499296815
2024-01-03 02:00:00,131.506018369539
2024-01-03 03:00:00,125.7612705362189
2024-01-03 04:00:00,142.7768988139328
2024-01-03 05:00:00,146.8955906441281
2024-01-03 06:00:00,152.1677081950243
2024-01-03 07:00:00,139.3914659219618
2024-01-03 08:00:00,147.7680640823649
2024-01-03 09:00:00,145.611831020469
2024-01-03 10:00:00,133.8211906946003
2024-01-03 11:00:00,126.1130791958602
2024-01-03 12:00:00,109.6250282910079
2024-01-03 13:00:00,109.4879850650689
2024-01-03 14:00:00,94.52149948804855
2024-01-03 15:00:00,93.02150858986128
2024-01-03 16:00:00,93.43661249328447
2024-01-03 17:00:00,83.43189348964107
2024-01-03 18:00:00,85.90737658546627
2024-01-03 19:00:00,91.49492719484012
2024-01-03 20:00:00,93.0441928811781
2024-01-03 21:00:00,100.3055146314959
2024-01-03 22:00:00,102.3367450241475
2024-01-03 23:00:00,110.0007921683058
2024-01-04 00:00:00,118.2618577247803
2024-01-04 01:00:00,110.5679559114103
2024-01-04 02:00:00,126.5766063713596
2024-01-04 03:00:00,141.596794010039
2024-01-04 04:00:00,123.7718346006028
2024-01-04 05:00:00,147.1519353294678
2024-01-04 06:00:00,129.5643378194782
2024-01-04 07:00:00,122.5689406676098
2024-01-04 08:00:00,134.2053600429681
2024-01-04 09:00:00,125.6259792466146
2024-01-04 10:00:00,112.9336771168065
2024-01-04 11:00:00,120.1797665852579
2024-01-04 12:00:00,103.0550694077446
2024-01-04 13:00:00,102.8459519211541
2024-01-04 14:00:00,89.17321270049543
2024-01-04 15:00:00,82.21684637659807
2024-01-04 16:00:00,78.7738097119331
2024-01-04 17:00:00,68.65706008110071
2024-01-04 18:00:00,70.10982624997922
2024-01-04 19:00:00,72.7657838731526
2024-01-04 20:00:00,68.13023460088188
2024-01-04 21:00:00,69.6725791834763
2024-01-04 22:00:00,72.27381402981501
2024-01-04 23:00:00,87.44139053718187
2024-01-05 00:00:00,81.6404990181959
2024-01-05 01:00:00,100.2069800221402
2024-01-05 02:00:00,99.02049158830259
2024-01-05 03:00:00,106.1003769792614
2024-01-05 04:00:00,123.7292124212326
2024-01-05 05:00:00,110.5077725867443
2024-01-05 06:00:00,108.1257167011717
2024-01-05 07:00:00,127.7241057877718
2024-01-05 08:00:00,118.4117977249228
2024-01-05 09:00:00,112.542974277591
2024-01-05 10:00:00,97.84464627772626
2024-01-05 11:00:00,95.3115006453459
2024-01-05 12:00:00,82.08335311354988
2024-01-05 13:00:00,72.5620408954066
2024-01-05 14:00:00,71.99772911478794
2024-01-05 15:00:00,60.86970181501419
2024-01-05 16:00:00,59.96587264369315
2024-01-05 17:00:00,59.92538773477489
2024-01-05 18:00:00,48.76339039270052
2024-01-05 19:00:00,48.99073870961983
2024-01-05 20:00:00,54.56547325639266
2024-01-05 21:00:00,57.67297470905633
2024-01-05 22:00:00,65.22090658492672
2024-01-05 23:00:00,82.23808188345633
2024-01-06 00:00:00,79.78738730532856
2024-01-06 01:00:00,92.45169988366031
2024-01-06 02:00:00,88.56450632555281
2024-01-06 03:00:00,110.1275181306183
2024-01-06 04:00:00,107.3845458615306
2024-01-06 05:00:00,119.1269793903624
2024-01-06 06:00:00,110.992212423881
2024-01-06 07:00:00,121.1587147224274
2024-01-06 08:00:00,106.1407718233321
2024-01-06 09:00:00,104.5986685156187
2024-01-06 10:00:00,94.81169446604055
2024-01-06 11:00:00,93.23070164815302
2024-01-06 12:00:00,86.41273658719885
2024-01-06 13:00:00,77.34513623235438
2024-01-06 14:00:00,66.55500627578098
2024-01-06 15:00:00,55.90960427914697
2024-01-06 16:00:00,58.76528952533676
2024-01-06 17:00:00,51.3177276540186
2024-01-06 18:00:00,52.55768957694871
2024-01-06 19:00:00,58.15250669929045
2024-01-06 20:00:00,60.98626571619229
2024-01-06 21:00:00,73.67272720575342
2024-01-06 22:00:00,71.42381119010649
2024-01-06 23:00:00,86.62039009282451
2024-01-07 00:00:00,91.18185558600682
2024-01-07 01:00:00,93.56830817117758
2024-01-07 02:00:00,102.3406538109128
2024-01-07 03:00:00,109.8478313008794
2024-01-07 04:00:00,106.636864782287
2024-01-07 05:00:00,110.4469590229378
2024-01-07 06:00:00,131.6767696465518
2024-01-07 07:00:00,107.2633211070135
2024-01-07 08:00:00,110.9347099631208
2024-01-07 09:00:00,108.1273130394657
2024-01-07 10:00:00,99.55282981709269
2024-01-07 11:00:00,106.8869453445424
2024-01-07 12:00:00,88.36056528794941
2024-01-07 13:00:00,86.43786915035713
2024-01-07 14:00:00,76.14356571780729
2024-01-07 15:00:00,80.12314181727658
2024-01-07 16:00:00,68.27581346106712
2024-01-07 17:00:00,75.44639065539705
2024-01-07 18:00:00,62.88164324526993
2024-01-07 19:00:00,67.63760429925127
2024-01-07 20:00:00,74.08664092264382
2024-01-07 21:00:00,87.0544079521026
2024-01-07 22:00:00,93.7675971040102
2024-01-07 23:00:00,87.99348512494775
2024-01-08 00:00:00,113.200197257669
2024-01-08 01:00:00,112.1218047878262
2024-01-08 02:00:00,119.594344396397
2024-01-08 03:00:00,128.446305253473
2024-01-08 04:00:00,132.836207659295
2024-01-08 05:00:00,133.7874565663112
2024-01-08 06:00:00,129.0177272746966
2024-01-08 07:00:00,150.7237147600637
2024-01-08 08:00:00,123.9127030081824
2024-01-08 09:00:00,141.1565896561852
2024-01-08 10:00:00,129.6955646953826
2024-01-08 11:00:00,129.0709712264546
2024-01-08 12:00:00,100.2718525796898
2024-01-08 13:00:00,98.51840834656707
2024-01-08 14:00:00,99.52909349805695
2024-01-08 15:00:00,100.1508024784208
2024-01-08 16:00:00,95.57454454848173
2024-01-08 17:00:00,82.11048179084729
2024-01-08 18:00:00,82.5947215595785
2024-01-08 19:00:00,82.90328532020354
2024-01-08 20:00:00,98.85726730448191
2024-01-08 21:00:00,110.3914783542121
2024-01-08 22:00:00,107.8187780964007
2024-01-08 23:00:00,113.043758384178
2024-01-09 00:00:00,137.2278552410068
2024-01-09 01:00:00,139.4837592031397
2024-01-09 02:00:00,135.3521500444394
2024-01-09 03:00:00,149.2558452632755
2024-01-09 04:00:00,154.6276533128397
2024-01-09 05:00:00,163.807295865555
2024-01-09 06:00:00,164.8466154140974
2024-01-09 07:00:00,150.9322754134843
2024-01-09 08:00:00,132.9546232739665
2024-01-09 09:00:00,131.8395240723787
2024-01-09 10:00:00,137.4695528504409
2024-01-09 11:00:00,122.0505929499965
2024-01-09 12:00:00,126.8533677021879
2024-01-09 13:00:00,103.9217514284145
2024-01-09 14:00:00,108.8324616909266
2024-01-09 15:00:00,98.34501636001201
2024-01-09 16:00:00,87.67481618107391
2024-01-09 17:00:00,94.28548227930722
2024-01-09 18:00:00,91.10710558811358
2024-01-09 19:00:00,91.66462762430417
2024-01-09 20:00:00,107.1103051186883
2024-01-09 21:00:00,107.9374577054872
2024-01-09 22:00:00,118.3388159159148
2024-01-09 23:00:00,119.15925590249
2024-01-10 00:00:00,132.199391432748
2024-01-10 01:00:00,134.9520297080697
2024-01-10 02:00:00,149.3575350344224
2024-01-10 03:00:00,149.9314299476337
2024-01-10 04:00:00,160.3893262974466
2024-01-10 05:00:00,142.7301124621747
2024-01-10 06:00:00,148.7115859312633
2024-01-10 07:00:00,149.5698561256351
2024-01-10 08:00:00,140.6675754251708
2024-01-10 09:00:00,137.9430130154684
2024-01-10 10:00:00,135.5233866510789
2024-01-10 11:00:00,133.3388457414381
2024-01-10 12:00:00,126.3231145359854
2024-01-10 13:00:00,114.0971731487376
2024-01-10 14:00:00,106.0712646903531
2024-01-10 15:00:00,93.07387911472314
2024-01-10 16:00:00,85.0242774633793
2024-01-10 17:00:00,85.57885655403884
2024-01-10 18:00:00,78.96484233713645
2024-01-10 19:00:00,92.83787930784781
2024-01-10 20:00:00,83.71502696719308
2024-01-10 21:00:00,104.156241585139
2024-01-10 22:00:00,106.4930594515302
2024-01-10 23:00:00,109.9194471684005
2024-01-11 00:00:00,105.7730376952514
2024-01-11 01:00:00,127.0032070107161
2024-01-11 02:00:00,129.6879846836974
2024-01-11 03:00:00,126.9439258683671
2024-01-11 04:00:00,148.6897902887856
2024-01-11 05:00:00,148.0361619996851
2024-01-11 06:00:00,149.8695669750915
2024-01-11 07:00:00,127.8185808642868
2024-01-11 08:00:00,134.5878391635558
2024-01-11 09:00:00,122.1040061838767
2024-01-11 10:00:00,114.1506106868362
2024-01-11 11:00:00,102.607581618952
2024-01-11 12:00:00,95.35302419564012
2024-01-11 13:00:00,90.05856778328281
2024-01-11 14:00:00,90.47325301652948
2024-01-11 15:00:00,78.84283157781356
2024-01-11 16:00:00,69.17680192891892
2024-01-11 17:00:00,63.82216715587771
2024-01-11 18:00:00,63.2730651609007
2024-01-11 19:00:00,74.5296895445119
2024-01-11 20:00:00,66.3467767665802
2024-01-11 21:00:00,77.44078520067737
2024-01-11 22:00:00,84.70595580799059
2024-01-11 23:00:00,94.11432434885695
2024-01-12 00:00:00,95.62958658685486
2024-01-12 01:00:00,108.2376526544151
2024-01-12 02:00:00,107.7437035717728
2024-01-12 03:00:00,114.942336804629
2024-01-12 04:00:00,128.1371459402109
2024-01-12 05:00:00,111.1486725055705
2024-01-12 06:00:00,121.3848967985749
2024-01-12 07:00:00,116.8890636413695
2024-01-12 08:00:00,117.2755735450521
2024-01-12 09:00:00,101.7535828267324
2024-01-12 10:00:00,94.95130625663916
2024-01-12 11:00:00,89.73573431664447
2024-01-12 12:00:00,82.45309074545446
2024-01-12 13:00:00,84.50555456902899
2024-01-12 14:00:00,68.88019650678424
2024-01-12 15:00:00,60.21468079407127
2024-01-12 16:00:00,54.47019960033536
2024-01-12 17:00:00,56.13345511372048
2024-01-12 18:00:00,51.30491517013532
2024-01-12 19:00:00,62.71394841743711
2024-01-12 20:00:00,56.78016853737759
2024-01-12 21:00:00,60.14405713161153
2024-01-12 22:00:00,72.25957000468568
2024-01-12 23:00:00,83.75974321974013
2024-01-13 00:00:00,91.8870535420881
2024-01-13 01:00:00,90.71301302560478
2024-01-13 02:00:00,99.24874188802403
2024-01-13 03:00:00,117.8094436017334
2024-01-13 04:00:00,100.8084566273182
2024-01-13 05:00:00,118.2056623774947
2024-01-13 06:00:00,108.3698636438563
2024-01-13 07:00:00,114.0794189332813
2024-01-13 08:00:00,114.6755537756333
2024-01-13 09:00:00,98.37006754752625
2024-01-13 10:00:00,98.2598610291534
2024-01-13 11:00:00,97.42724726495712
2024-01-13 12:00:00,78.19652057866799
2024-01-13 13:00:00,71.46677198466601
2024-01-13 14:00:00,71.65580215435375
2024-01-13 15:00:00,68.74899534247028
2024-01-13 16:00:00,59.72101685183436
2024-01-13 17:00:00,55.36711362756885
2024-01-13 18:00:00,63.03580626380456
2024-01-13 19:00:00,56.370280965332
2024-01-13 20:00:00,57.83813561718168
2024-01-13 21:00:00,69.26547264971889
2024-01-13 22:00:00,74.171110739298
2024-01-13 23:00:00,81.39676902953352
2024-01-14 00:00:00,84.69351202472751
2024-01-14 01:00:00,91.27586165790775
2024-01-14 02:00:00,102.7602543712718
2024-01-14 03:00:00,117.8658153968914
2024-01-14 04:00:00,111.9708436120012
2024-01-14 05:00:00,129.8648705294893
2024-01-14 06:00:00,119.6276278663542
2024-01-14 07:00:00,123.9464583523779
2024-01-14 08:00:00,118.8756517447959
2024-01-14 09:00:00,112.4511120491422
2024-01-14 10:00:00,118.0050483928122
2024-01-14 11:00:00,97.68259190760071
2024-01-14 12:00:00,92.48851259114727
2024-01-14 13:00:00,103.1420190439403
2024-01-14 14:00:00,88.08675971533269
2024-01-14 15:00:00,87.56275217385146
2024-01-14 16:00:00,79.7677971709921
2024-01-14 17:00:00,81.47530196078748
2024-01-14 18:00:00,77.27384260630328
2024-01-14 19:00:00,73.18667967763874
2024-01-14 20:00:00,83.53789463502068
2024-01-14 21:00:00,85.90154215875712
2024-01-14 22:00:00,93.6214837115455
2024-01-14 23:00:00,94.49841315755351
2024-01-15 00:00:00,110.5678601834074
2024-01-15 01:00:00,101.3164881192348
2024-01-15 02:00:00,112.0989494765849
2024-01-15 03:00:00,137.6236048327316
2024-01-15 04:00:00,146.1470646656068
2024-01-15 05:00:00,146.0117981756905
2024-01-15 06:00:00,136.356130864928
2024-01-15 07:00:00,132.9200633523285
2024-01-15 08:00:00,142.8347527290379
2024-01-15 09:00:00,128.194683704174
2024-01-15 10:00:00,125.7750826422825
2024-01-15 11:00:00,117.6024761794207
2024-01-15 12:00:00,126.8189946669049
2024-01-15 13:00:00,103.0194653500794
2024-01-15 14:00:00,95.2357661918364
2024-01-15 15:00:00,93.8082013282411
2024-01-15 16:00:00,89.99087142087885
2024-01-15 17:00:00,87.48583959212691
2024-01-15 18:00:00,86.90393796208247
2024-01-15 19:00:00,90.53703462680969
2024-01-15 20:00:00,99.34113160329818
2024-01-15 21:00:00,100.8948380959911
2024-01-15 22:00:00,107.7616081643506
2024-01-15 23:00:00,116.2050497145541
2024-01-16 00:00:00,136.4762224795418
2024-01-16 01:00:00,128.4766943554279
2024-01-16 02:00:00,136.5460502776851
2024-01-16 03:00:00,136.1252935653987
2024-01-16 04:00:00,144.544911250882
2024-01-16 05:00:00,156.1757179524755
2024-01-16 06:00:00,160.8541455502765
2024-01-16 07:00:00,156.3791431104699
2024-01-16 08:00:00,146.2544413793927
2024-01-16 09:00:00,139.8112139011767
2024-01-16 10:00:00,143.5659090003324
2024-01-16 11:00:00,132.2696509436628
2024-01-16 12:00:00,125.8600483281748
2024-01-16 13:00:00,114.9887223017317
2024-01-16 14:00:00,111.0066608352326
2024-01-16 15:00:00,114.0477091867853
2024-01-16 16:00:00,100.6335299128379
2024-01-16 17:00:00,96.42176398793575
2024-01-16 18:00:00,95.72356858377304
2024-01-16 19:00:00,91.48349034324328
2024-01-16 20:00:00,90.97236278097087
2024-01-16 21:00:00,104.7168916991455
2024-01-16 22:00:00,120.9127013897621
2024-01-16 23:00:00,124.7730793761243
2024-01-17 00:00:00,123.4069374099144
2024-01-17 01:00:00,145.5436164700394
2024-01-17 02:00:00,150.4330087154651
2024-01-17 03:00:00,138.9502967649133
2024-01-17 04:00:00,137.0609939532974
2024-01-17 05:00:00,163.1439524741539
2024-01-17 06:00:00,155.9314316826864
2024-01-17 07:00:00,142.3081338545396
2024-01-17 08:00:00,139.2072335358872
2024-01-17 09:00:00,138.2664968168062
2024-01-17 10:00:00,137.6291925096528
2024-01-17 11:00:00,132.0879458904124
2024-01-17 12:00:00,124.8434138439772
2024-01-17 13:00:00,106.3502806596353
2024-01-17 14:00:00,107.5008105765248
2024-01-17 15:00:00,98.61669283762792
2024-01-17 16:00:00,90.85434022489942
2024-01-17 17:00:00,100.4941937947686
2024-01-17 18:00:00,84.8582705832002
2024-01-17 19:00:00,90.6843427260449
2024-01-17 20:00:00,94.69130190548653
2024-01-17 21:00:00,90.50314377439301
2024-01-17 22:00:00,91.9882301252429
2024-01-17 23:00:00,97.93830247935296
2024-01-18 00:00:00,114.260082522497
2024-01-18 01:00:00,109.4144979986232
2024-01-18 02:00:00,115.2382107340903
2024-01-18 03:00:00,129.4405758053688
2024-01-18 04:00:00,137.6943523593156
2024-01-18 05:00:00,137.0340976852598
2024-01-18 06:00:00,133.6011278663497
2024-01-18 07:00:00,152.9062890344702
2024-01-18 08:00:00,134.6326463917813
2024-01-18 09:00:00,119.5998712604501
2024-01-18 10:00:00,126.7475786614954
2024-01-18 11:00:00,116.9025295734672
2024-01-18 12:00:00,101.3397354145269
2024-01-18 13:00:00,105.3862098589168
2024-01-18 14:00:00,91.21738224221906
2024-01-18 15:00:00,77.9288969525648
2024-01-18 16:00:00,77.55577323106344
2024-01-18 17:00:00,78.68362997442779
2024-01-18 18:00:00,67.13491193375647
2024-01-18 19:00:00,69.09627626409784
2024-01-18 20:00:00,70.09431006543139
2024-01-18 21:00:00,83.97736346146503
2024-01-18 22:00:00,90.5479724120187
2024-01-18 23:00:00,96.33801695028231
2024-01-19 00:00:00,92.75902627065817
2024-01-19 01:00:00,105.0247459920694
2024-01-19 02:00:00,104.9124686443561
2024-01-19 03:00:00,112.734612152079
2024-01-19 04:00:00,116.6507747521261
2024-01-19 05:00:00,116.171276305326
2024-01-19 06:00:00,113.1663923396401
2024-01-19 07:00:00,117.3911125716801
2024-01-19 08:00:00,125.2145728485571
2024-01-19 09:00:00,106.3261438935555
2024-01-19 10:00:00,102.138027934626
2024-01-19 11:00:00,102.1762765769221
2024-01-19 12:00:00,96.18950004793243
2024-01-19 13:00:00,92.15509594861493
2024-01-19 14:00:00,82.94195093154788
2024-01-19 15:00:00,75.99097439123442
2024-01-19 16:00:00,70.88713646531005
2024-01-19 17:00:00,61.49362277953875
2024-01-19 18:00:00,57.20953822982955
2024-01-19 19:00:00,56.57289402596026
2024-01-19 20:00:00,60.57021627745659
2024-01-19 21:00:00,64.13606945310154
2024-01-19 22:00:00,68.2915876381437
2024-01-19 23:00:00,76.7073916836716
2024-01-20 00:00:00,95.00427583245302
2024-01-20 01:00:00,103.9348949705906
2024-01-20 02:00:00,97.55624040897708
2024-01-20 03:00:00,102.4349866746406
2024-01-20 04:00:00,121.6766570720156
2024-01-20 05:00:00,117.7991519911487
2024-01-20 06:00:00,129.6174912597088
2024-01-20 07:00:00,125.7252249012023
2024-01-20 08:00:00,114.393086768715
2024-01-20 09:00:00,108.0427271439477
2024-01-20 10:00:00,100.9984365372889
2024-01-20 11:00:00,93.87443850717273
2024-01-20 12:00:00,91.58246108718257
2024-01-20 13:00:00,79.04056984041989
2024-01-20 14:00:00,78.65989393195103
2024-01-20 15:00:00,65.59788959062513
2024-01-20 16:00:00,67.75559792756887
2024-01-20 17:00:00,55.76955077466953
2024-01-20 18:00:00,54.47902521947482
2024-01-20 19:00:00,58.91539416333855
2024-01-20 20:00:00,70.72272506164519
2024-01-20 21:00:00,70.87215467311783
2024-01-20 22:00:00,70.94499372391964
2024-01-20 23:00:00,81.38685343270768
2024-01-21 00:00:00,95.89290393133462
2024-01-21 01:00:00,110.0409437286597
2024-01-21 02:00:00,101.137886673582
2024-01-21 03:00:00,108.5734288040274
2024-01-21 04:00:00,119.8244282611389
2024-01-21 05:00:00,119.3622738715918
2024-01-21 06:00:00,116.3895787753701
2024-01-21 07:00:00,129.3225196061121
2024-01-21 08:00:00,120.4446055938971
2024-01-21 09:00:00,120.4595590825016
2024-01-21 10:00:00,116.5271613115433
2024-01-21 11:00:00,98.17126159368703
2024-01-21 12:00:00,102.4268881041596
2024-01-21 13:00:00,97.78750872382327
2024-01-21 14:00:00,95.04559947993101
2024-01-21 15:00:00,75.92943032765652
2024-01-21 16:00:00,72.04570739901384
2024-01-21 17:00:00,80.48221358568789
2024-01-21 18:00:00,68.64462643288863
2024-01-21 19:00:00,76.81218277237345
2024-01-21 20:00:00,73.12008309893757
2024-01-21 21:00:00,87.40684458202583
2024-01-21 22:00:00,84.44811681671452
2024-01-21 23:00:00,90.03980112203163
2024-01-22 00:00:00,98.05408717915923
2024-01-22 01:00:00,108.0804307142046
2024-01-22 02:00:00,109.820433950259
2024-01-22 03:00:00,120.3069253595368
2024-01-22 04:00:00,133.542145879932
2024-01-22 05:00:00,127.1491234474667
2024-01-22 06:00:00,138.4779017217817
2024-01-22 07:00:00,146.5502048080864
2024-01-22 08:00:00,153.2738520052619
2024-01-22 09:00:00,146.7935853110618
2024-01-22 10:00:00,139.378630934058
2024-01-22 11:00:00,130.2143753748053
2024-01-22 12:00:00,117.4815391697497
2024-01-22 13:00:00,119.7667174076302
2024-01-22 14:00:00,107.4235107160005
2024-01-22 15:00:00,102.5637485254848
2024-01-22 16:00:00,101.2580333435391
2024-01-22 17:00:00,98.20610074774523
2024-01-22 18:00:00,89.99286520268271
2024-01-22 19:00:00,92.93910230082496
2024-01-22 20:00:00,94.80467911847501
2024-01-22 21:00:00,106.5526316935923
2024-01-22 22:00:00,120.2111488790336
2024-01-22 23:00:00,111.1836168847333
2024-01-23 00:00:00,116.8603253420806
2024-01-23 01:00:00,124.4085707762636
2024-01-23 02:00:00,130.4415132531282
2024-01-23 03:00:00,135.6515958273399
2024-01-23 04:00:00,165.8078453256377
2024-01-23 05:00:00,146.3329302388456
2024-01-23 06:00:00,163.7269043582479
2024-01-23 07:00:00,167.8796015499896
2024-01-23 08:00:00,157.4642867586064
2024-01-23 09:00:00,137.1732722359396
2024-01-23 10:00:00,144.1660062436142
2024-01-23 11:00:00,142.0027490731871
2024-01-23 12:00:00,131.5163683887289
2024-01-23 13:00:00,117.4054014786024
2024-01-23 14:00:00,112.8019919877815
2024-01-23 15:00:00,113.1592482452232
2024-01-23 16:00:00,111.319371012697
2024-01-23 17:00:00,90.70061836171097
2024-01-23 18:00:00,102.7451468396078
2024-01-23 19:00:00,96.71061925009113
2024-01-23 20:00:00,105.0802855661377
2024-01-23 21:00:00,115.4147003861812
2024-01-23 22:00:00,115.4835915533198
2024-01-23 23:00:00,126.8732647234007
2024-01-24 00:00:00,127.1935628834399
2024-01-24 01:00:00,151.318211067002
2024-01-24 02:00:00,145.4055399896968
2024-01-24 03:00:00,160.2389359663151
2024-01-24 04:00:00,163.4412288776334
2024-01-24 05:00:00,166.6920191971114
2024-01-24 06:00:00,168.195977686792
2024-01-24 07:00:00,166.4737051765498
2024-01-24 08:00:00,147.9498084006727
2024-01-24 09:00:00,145.9397799445534
2024-01-24 10:00:00,133.8205271178073
2024-01-24 11:00:00,129.8439660751842
2024-01-24 12:00:00,120.3283413495538
2024-01-24 13:00:00,126.1972671932995
2024-01-24 14:00:00,100.9635879409435
2024-01-24 15:00:00,105.4676715828867
2024-01-24 16:00:00,100.7759282680627
2024-01-24 17:00:00,92.26864018611656
2024-01-24 18:00:00,100.4348808414061
2024-01-24 19:00:00,87.9301241233002
2024-01-24 20:00:00,99.36011117739197
2024-01-24 21:00:00,101.8398410199027
2024-01-24 22:00:00,109.1923218878321
2024-01-24 23:00:00,115.711402375088
2024-01-25 00:00:00,120.7656607858714
2024-01-25 01:00:00,118.6459378181851
2024-01-25 02:00:00,143.7364463500947
2024-01-25 03:00:00,145.2663665825183
2024-01-25 04:00:00,129.0167439300124
2024-01-25 05:00:00,157.7736752225288
2024-01-25 06:00:00,156.416760075315
2024-01-25 07:00:00,147.8906034902517
2024-01-25 08:00:00,151.7757326481461
2024-01-25 09:00:00,126.3595388466486
2024-01-25 10:00:00,136.1521121728294
2024-01-25 11:00:00,120.4515284758908
2024-01-25 12:00:00,119.2052716640832
2024-01-25 13:00:00,100.5573494870844
2024-01-25 14:00:00,93.15252285720511
2024-01-25 15:00:00,81.67210665499901
2024-01-25 16:00:00,89.14805514760126
2024-01-25 17:00:00,74.45118102068996
2024-01-25 18:00:00,72.26895963598956
2024-01-25 19:00:00,84.36513583863157
2024-01-25 20:00:00,81.67108219671978
2024-01-25 21:00:00,88.21056471920569
2024-01-25 22:00:00,83.58074839790194
2024-01-25 23:00:00,92.58049047749002
2024-01-26 00:00:00,101.9300237360058
2024-01-26 01:00:00,112.6648635393629
2024-01-26 02:00:00,107.6977133923888
2024-01-26 03:00:00,133.7688565018036
2024-01-26 04:00:00,130.0886147865673
2024-01-26 05:00:00,137.3354238086668
2024-01-26 06:00:00,130.6447826251447
2024-01-26 07:00:00,120.1006337432572
2024-01-26 08:00:00,126.3737594854164
2024-01-26 09:00:00,126.1568094462849
2024-01-26 10:00:00,113.6041023604319
2024-01-26 11:00:00,96.05089190862641
2024-01-26 12:00:00,91.21488798787804
2024-01-26 13:00:00,83.21684427085047
2024-01-26 14:00:00,85.87184687634476
2024-01-26 15:00:00,73.97548569178466
2024-01-26 16:00:00,68.84709111304122
2024-01-26 17:00:00,70.89475463661654
2024-01-26 18:00:00,59.13923055530387
2024-01-26 19:00:00,64.26397206284128
2024-01-26 20:00:00,68.33082892261014
2024-01-26 21:00:00,73.15368096469443
2024-01-26 22:00:00,82.73982521237214
2024-01-26 23:00:00,78.21051150397668
2024-01-27 00:00:00,91.4417361290194
2024-01-27 01:00:00,104.9181256496147
2024-01-27 02:00:00,116.8933461640917
2024-01-27 03:00:00,107.6466017120712
2024-01-27 04:00:00,117.1488467888026
2024-01-27 05:00:00,132.3820552750327
2024-01-27 06:00:00,122.2268995235856
2024-01-27 07:00:00,112.8418264368866
2024-01-27 08:00:00,117.8384839534706
2024-01-27 09:00:00,111.0903625602436
2024-01-27 10:00:00,113.454261646625
2024-01-27 11:00:00,94.39307694876923
2024-01-27 12:00:00,93.29192748342925
2024-01-27 13:00:00,80.38491710433047
2024-01-27 14:00:00,75.04612740250393
2024-01-27 15:00:00,62.07297406474088
2024-01-27 16:00:00,58.46728688168064
2024-01-27 17:00:00,64.70144125230411
2024-01-27 18:00:00,58.76136135101476
2024-01-27 19:00:00,65.46079215936679
2024-01-27 20:00:00,76.43894112860517
2024-01-27 21:00:00,77.45271885500348
2024-01-27 22:00:00,79.10523932065375
2024-01-27 23:00:00,96.19047194329355
2024-01-28 00:00:00,96.95616208295367
2024-01-28 01:00:00,115.1552919056989
2024-01-28 02:00:00,108.5044949112001
2024-01-28 03:00:00,113.9798154383812
2024-01-28 04:00:00,113.9987299265839
2024-01-28 05:00:00,129.8197847168095
2024-01-28 06:00:00,125.9879892309797
2024-01-28 07:00:00,127.081334602761
2024-01-28 08:00:00,129.9309271618809
2024-01-28 09:00:00,127.8530674929063
2024-01-28 10:00:00,108.0079692935677
2024-01-28 11:00:00,105.2508209773995
2024-01-28 12:00:00,90.63907370638036
2024-01-28 13:00:00,95.45436580582064
2024-01-28 14:00:00,87.09424545936746
2024-01-28 15:00:00,84.3494922949244
2024-01-28 16:00:00,84.26909384648208
2024-01-28 17:00:00,77.05553561461647
2024-01-28 18:00:00,78.5314235519251
2024-01-28 19:00:00,81.62622277690053
2024-01-28 20:00:00,84.6082466569406
2024-01-28 21:00:00,94.85728509263092
2024-01-28 22:00:00,95.52011358180418
2024-01-28 23:00:00,99.16225179573479
2024-01-29 00:00:00,126.2459550248613
2024-01-29 01:00:00,122.6246821315865
2024-01-29 02:00:00,142.1085166388997
2024-01-29 03:00:00,152.1827672188078
2024-01-29 04:00:00,130.0968688498967
2024-01-29 05:00:00,146.9705687164258
2024-01-29 06:00:00,148.5807388026072
2024-01-29 07:00:00,130.0806453377502
2024-01-29 08:00:00,133.2871484693479
2024-01-29 09:00:00,143.960121486715
2024-01-29 10:00:00,130.8058901352431
2024-01-29 11:00:00,136.9605473639274
2024-01-29 12:00:00,115.4037498897955
2024-01-29 13:00:00,118.2059516608588
2024-01-29 14:00:00,110.1640019955142
2024-01-29 15:00:00,91.52368042574568
2024-01-29 16:00:00,100.3792165342247
2024-01-29 17:00:00,100.8766535322381
2024-01-29 18:00:00,89.26947463224234
2024-01-29 19:00:00,89.6054866730628
2024-01-29 20:00:00,100.5386134301774
2024-01-29 21:00:00,109.2794418534602
2024-01-29 22:00:00,100.9110006365272
2024-01-29 23:00:00,118.9815973084017
2024-01-30 00:00:00,134.8716893187853
2024-01-30 01:00:00,134.8858189371656
2024-01-30 02:00:00,134.0327014584234
2024-01-30 03:00:00,147.0445541680926
2024-01-30 04:00:00,153.2430154862068
2024-01-30 05:00:00,168.5500563654048
2024-01-30 06:00:00,166.410657524643
2024-01-30 07:00:00,163.302306563203
2024-01-30 08:00:00,162.6119410636985
2024-01-30 09:00:00,161.9325588424607
2024-01-30 10:00:00,163.745438830554
2024-01-30 11:00:00,148.3969692196519
2024-01-30 12:00:00,135.1353078754347
2024-01-30 13:00:00,131.3726465674539
2024-01-30 14:00:00,119.9297226935232
2024-01-30 15:00:00,104.960241323766
2024-01-30 16:00:00,98.73735821547321
2024-01-30 17:00:00,100.0561788241145
2024-01-30 18:00:00,113.3848334571154
2024-01-30 19:00:00,110.2998227544162
2024-01-30 20:00:00,102.2779450938902
2024-01-30 21:00:00,115.6672304286777
2024-01-30 22:00:00,104.3231803041341
2024-01-30 23:00:00,112.7402353065927
2024-01-31 00:00:00,133.7439092604718
2024-01-31 01:00:00,134.4903381511176
2024-01-31 02:00:00,151.8813430420004
2024-01-31 03:00:00,138.3599810344616
2024-01-31 04:00:00,157.77130489187
2024-01-31 05:00:00,167.5216808867954
2024-01-31 06:00:00,174.2917595583801
2024-01-31 07:00:00,164.5125575181689
2024-01-31 08:00:00,172.7324845958024
2024-01-31 09:00:00,166.9591496278563
2024-01-31 10:00:00,140.5648100194904
2024-01-31 11:00:00,150.6018317286947
2024-01-31 12:00:00,127.0104567876148
2024-01-31 13:00:00,121.0804986367432
2024-01-31 14:00:00,105.8576080748178
2024-01-31 15:00:00,114.1977748108662
2024-01-31 16:00:00,109.9606989288582
2024-01-31 17:00:00,97.52850514885934
2024-01-31 18:00:00,104.6857372555197
2024-01-31 19:00:00,103.5413479178811
2024-01-31 20:00:00,100.4649768785375
2024-01-31 21:00:00,101.042577665892
2024-01-31 22:00:00,113.8163115460675
2024-01-31 23:00:00,117.434326827568
2024-02-01 00:00:00,129.2875375049287
2024-02-01 01:00:00,127.0575976102798
2024-02-01 02:00:00,125.3320187325522
2024-02-01 03:00:00,152.8932512149539
2024-02-01 04:00:00,144.4381766028525
2024-02-01 05:00:00,161.4320543108194
2024-02-01 06:00:00,161.8747519259985
2024-02-01 07:00:00,149.1430977426404
2024-02-01 08:00:00,155.008827931741
2024-02-01 09:00:00,138.8586282306318
2024-02-01 10:00:00,138.7003212519004
2024-02-01 11:00:00,131.4366736976443
2024-02-01 12:00:00,110.5796652288286
2024-02-01 13:00:00,104.1536825543809
2024-02-01 14:00:00,106.5868351785104
2024-02-01 15:00:00,90.27571766390344
2024-02-01 16:00:00,88.2410334200293
2024-02-01 17:00:00,82.03017252826666
2024-02-01 18:00:00,88.00033327767132
2024-02-01 19:00:00,87.17528969017694
2024-02-01 20:00:00,83.48634256630359
2024-02-01 21:00:00,88.05220360152975
2024-02-01 22:00:00,103.7961419971518
2024-02-01 23:00:00,95.08394893802866
2024-02-02 00:00:00,106.3406673463384
2024-02-02 01:00:00,114.0269678184631
2024-02-02 02:00:00,118.1136490838529
2024-02-02 03:00:00,132.2191036121154
2024-02-02 04:00:00,131.904637810143
2024-02-02 05:00:00,145.1786957775027
2024-02-02 06:00:00,144.6418135435426
2024-02-02 07:00:00,119.3886199490567
2024-02-02 08:00:00,126.5237200645758
2024-02-02 09:00:00,126.4577619759691
2024-02-02 10:00:00,106.7183810423892
2024-02-02 11:00:00,101.63067854981
2024-02-02 12:00:00,96.49929435818818
2024-02-02 13:00:00,87.48113691973889
2024-02-02 14:00:00,90.09420190277764
2024-02-02 15:00:00,76.91832739709554
2024-02-02 16:00:00,67.16305780839342
2024-02-02 17:00:00,74.56620073860097
2024-02-02 18:00:00,65.49768560169522
2024-02-02 19:00:00,60.49238241755466
2024-02-02 20:00:00,73.39120161248462
2024-02-02 21:00:00,72.09727494925906
2024-02-02 22:00:00,72.14177373668015
2024-02-02 23:00:00,75.08540497561333
2024-02-03 00:00:00,95.19257854942043
2024-02-03 01:00:00,91.74169734939515
2024-02-03 02:00:00,108.1062546037611
2024-02-03 03:00:00,105.32029385396
2024-02-03 04:00:00,111.7344489385398
2024-02-03 05:00:00,131.1764800779501
2024-02-03 06:00:00,134.4330148910237
2024-02-03 07:00:00,123.3032838567486
2024-02-03 08:00:00,125.5118207540898
2024-02-03 09:00:00,119.6057209693508
2024-02-03 10:00:00,108.2518509668323
2024-02-03 11:00:00,93.62385613933172
2024-02-03 12:00:00,98.5479586204748
2024-02-03 13:00:00,93.11867568767194
2024-02-03 14:00:00,78.615561359325
2024-02-03 15:00:00,69.84294598099642
2024-02-03 16:00:00,69.85595836438526
2024-02-03 17:00:00,66.02193611250085
2024-02-03 18:00:00,62.40473608211092
2024-02-03 19:00:00,68.38869787188773
2024-02-03 20:00:00,79.50227694642585
2024-02-03 21:00:00,79.6593875012063
2024-02-03 22:00:00,87.73683927792007
2024-02-03 23:00:00,94.4543748487706
2024-02-04 00:00:00,109.5673165708932
2024-02-04 01:00:00,102.6218430102437
2024-02-04 02:00:00,129.4766639849049
2024-02-04 03:00:00,122.7192251283943
2024-02-04 04:00:00,129.9390311701748
2024-02-04 05:00:00,143.1621958493174
2024-02-04 06:00:00,123.8693548743295
2024-02-04 07:00:00,140.7181215153435
2024-02-04 08:00:00,125.4013216840455
2024-02-04 09:00:00,124.5429640490917
2024-02-04 10:00:00,108.1436917940337
2024-02-04 11:00:00,117.5067180041593
2024-02-04 12:00:00,95.20552265193362
2024-02-04 13:00:00,93.8460888981598
2024-02-04 14:00:00,93.08579204522944
2024-02-04 15:00:00,83.96157943148211
2024-02-04 16:00:00,85.65577202193785
2024-02-04 17:00:00,72.31486334273903
2024-02-04 18:00:00,82.53528069739666
2024-02-04 19:00:00,73.55112365303395
2024-02-04 20:00:00,82.22945187758673
2024-02-04 21:00:00,90.03711987101677
2024-02-04 22:00:00,93.05939333551117
2024-02-04 23:00:00,104.3726884905895
2024-02-05 00:00:00,117.1286948532885
2024-02-05 01:00:00,119.7758496402814
2024-02-05 02:00:00,134.7164775634775
2024-02-05 03:00:00,145.847679459764
2024-02-05 04:00:00,135.8756300410155
2024-02-05 05:00:00,153.7139306075171
2024-02-05 06:00:00,153.8867919047196
2024-02-05 07:00:00,135.0514986009851
2024-02-05 08:00:00,149.1862392314938
2024-02-05 09:00:00,150.0807053711607
2024-02-05 10:00:00,139.9842140259039
2024-02-05 11:00:00,122.5316359575108
2024-02-05 12:00:00,110.7106055966223
2024-02-05 13:00:00,112.1293533546804
2024-02-05 14:00:00,98.14693226970644
2024-02-05 15:00:00,104.886607583224
2024-02-05 16:00:00,105.038580105888
2024-02-05 17:00:00,88.90490863638085
2024-02-05 18:00:00,100.3922425014158
2024-02-05 19:00:00,108.6389070605852
2024-02-05 20:00:00,101.5631985063919
2024-02-05 21:00:00,118.8483122456653
2024-02-05 22:00:00,124.2624716709397
2024-02-05 23:00:00,116.9584584128128
2024-02-06 00:00:00,141.8834951300714
2024-02-06 01:00:00,147.8670632530599
2024-02-06 02:00:00,149.1711083261746
2024-02-06 03:00:00,143.6169776456318
2024-02-06 04:00:00,175.1003141218323
2024-02-06 05:00:00,170.186620583924
2024-02-06 06:00:00,174.9442579804198
2024-02-06 07:00:00,177.2032297558041
2024-02-06 08:00:00,165.5106419757655
2024-02-06 09:00:00,160.483720546067
2024-02-06 10:00:00,141.43171619302
2024-02-06 11:00:00,153.2943715775751
2024-02-06 12:00:00,137.4164258784905
2024-02-06 13:00:00,125.8699501915466
2024-02-06 14:00:00,114.9440573416812
2024-02-06 15:00:00,119.8090897850172
2024-02-06 16:00:00,99.87017377487904
2024-02-06 17:00:00,105.6981067332769
2024-02-06 18:00:00,116.5572729432243
2024-02-06 19:00:00,117.5853803773231
2024-02-06 20:00:00,106.4207364977846
2024-02-06 21:00:00,108.9836335686922
2024-02-06 22:00:00,110.3112838809469
2024-02-06 23:00:00,127.1909713753376
2024-02-07 00:00:00,136.9698353428735
2024-02-07 01:00:00,128.6322085639276
2024-02-07 02:00:00,139.2092136174769
2024-02-07 03:00:00,147.1664185007252
2024-02-07 04:00:00,165.194462872354
2024-02-07 05:00:00,165.2901311310949
2024-02-07 06:00:00,155.7641287127781
2024-02-07 07:00:00,165.47862940351
2024-02-07 08:00:00,159.9403926077899
2024-02-07 09:00:00,150.4989435247805
2024-02-07 10:00:00,155.3347576938336
2024-02-07 11:00:00,155.6479548708012
2024-02-07 12:00:00,128.4464881123985
2024-02-07 13:00:00,134.1854426672938
2024-02-07 14:00:00,126.9670377584357
2024-02-07 15:00:00,119.2539934215541
2024-02-07 16:00:00,104.5882797921186
2024-02-07 17:00:00,111.0892944820132
2024-02-07 18:00:00,100.6100046651415
2024-02-07 19:00:00,92.5311858270512
2024-02-07 20:00:00,100.9223585644849
2024-02-07 21:00:00,111.281423347208
2024-02-07 22:00:00,111.7814114588837
2024-02-07 23:00:00,109.6460367184155
2024-02-08 00:00:00,136.7139193997341
2024-02-08 01:00:00,129.8938183636084
2024-02-08 02:00:00,148.7278958525669
2024-02-08 03:00:00,151.1477902058737
2024-02-08 04:00:00,147.1376482247991
2024-02-08 05:00:00,145.7950281095732
2024-02-08 06:00:00,145.6224432659074
2024-02-08 07:00:00,140.8505377723039
2024-02-08 08:00:00,139.1312781679902
2024-02-08 09:00:00,150.7828997910987
2024-02-08 10:00:00,148.4379212250654
2024-02-08 11:00:00,123.8300727563773
2024-02-08 12:00:00,121.7217843554014
2024-02-08 13:00:00,114.1210000878334
2024-02-08 14:00:00,93.70166362347408
2024-02-08 15:00:00,98.97352327572888
2024-02-08 16:00:00,83.16510022164807
2024-02-08 17:00:00,90.40438851824662
2024-02-08 18:00:00,79.44719682271312
2024-02-08 19:00:00,79.20767109207927
2024-02-08 20:00:00,77.26326948820216
2024-02-08 21:00:00,80.5270932079451
2024-02-08 22:00:00,85.49606575006021
2024-02-08 23:00:00,88.00287881493537
2024-02-09 00:00:00,103.6794929878942
2024-02-09 01:00:00,113.9475556829661
2024-02-09 02:00:00,124.6277372967928
2024-02-09 03:00:00,127.5735813293184
2024-02-09 04:00:00,124.5855103234865
2024-02-09 05:00:00,133.8280893360047
2024-02-09 06:00:00,135.2484337703941
2024-02-09 07:00:00,129.8525281041287
2024-02-09 08:00:00,124.4704263449623
2024-02-09 09:00:00,128.858127264319
2024-02-09 10:00:00,109.8715112722289
2024-02-09 11:00:00,102.2869462461948
2024-02-09 12:00:00,99.17605342155923
2024-02-09 13:00:00,88.52676248428722
2024-02-09 14:00:00,79.4499370569383
2024-02-09 15:00:00,71.77496841631469
2024-02-09 16:00:00,72.58451493723963
2024-02-09 17:00:00,70.04660123835507
2024-02-09 18:00:00,75.04610994205557
2024-02-09 19:00:00,72.18412921385794
2024-02-09 20:00:00,82.74494889837831
2024-02-09 21:00:00,79.28190935602807
2024-02-09 22:00:00,92.11899127024944
2024-02-09 23:00:00,104.2243864396474
2024-02-10 00:00:00,96.26415242920928
2024-02-10 01:00:00,114.0650522003702
2024-02-10 02:00:00,113.7008438334011
2024-02-10 03:00:00,122.219539646209
2024-02-10 04:00:00,121.295808284939
2024-02-10 05:00:00,129.5929872186017
2024-02-10 06:00:00,139.2302355689118
2024-02-10 07:00:00,123.8439238160165
2024-02-10 08:00:00,110.643004159439
2024-02-10 09:00:00,115.0596944010434
2024-02-10 10:00:00,101.0139505991491
2024-02-10 11:00:00,92.74538498708054
2024-02-10 12:00:00,88.31323969719789
2024-02-10 13:00:00,89.19734026687158
2024-02-10 14:00:00,79.27959964817767
2024-02-10 15:00:00,73.12035751718072
2024-02-10 16:00:00,74.44512825171543
2024-02-10 17:00:00,63.95180474989007
2024-02-10 18:00:00,69.08617133762655
2024-02-10 19:00:00,72.92503224012025
2024-02-10 20:00:00,69.38194071719602
2024-02-10 21:00:00,77.23212600439912
2024-02-10 22:00:00,88.31401410845453
2024-02-10 23:00:00,95.14565001795258
2024-02-11 00:00:00,103.1660460169092
2024-02-11 01:00:00,101.0959690389158
2024-02-11 02:00:00,125.259568365954
2024-02-11 03:00:00,134.7108276595018
2024-02-11 04:00:00,127.7908358517916
2024-02-11 05:00:00,144.6294203831799
2024-02-11 06:00:00,145.9598233876405
2024-02-11 07:00:00,136.0685622201641
2024-02-11 08:00:00,124.0787036470354
2024-02-11 09:00:00,126.0644283256724
2024-02-11 10:00:00,117.2248370920744
2024-02-11 11:00:00,113.643911352822
2024-02-11 12:00:00,112.4865374977193
2024-02-11 13:00:00,97.61012553868787
2024-02-11 14:00:00,103.6657444133234
2024-02-11 15:00:00,98.63807436204412
2024-02-11 16:00:00,92.88125430245096
2024-02-11 17:00:00,77.66215377999518
2024-02-11 18:00:00,77.44688445282922
2024-02-11 19:00:00,87.17676630947305
2024-02-11 20:00:00,92.47907562131131
2024-02-11 21:00:00,102.6835956115468
2024-02-11 22:00:00,110.1604893059713
2024-02-11 23:00:00,109.4157425467894
2024-02-12 00:00:00,110.8985710397595
2024-02-12 01:00:00,125.9393815064407
2024-02-12 02:00:00,132.5745432295644
2024-02-12 03:00:00,142.2306750232727
2024-02-12 04:00:00,136.2555845402186
2024-02-12 05:00:00,140.1328441858273
2024-02-12 06:00:00,148.9557749513378
2024-02-12 07:00:00,159.8904175729382
2024-02-12 08:00:00,140.1617868610453
2024-02-12 09:00:00,148.8524635230482
2024-02-12 10:00:00,157.8845366248344
2024-02-12 11:00:00,131.6540301523766
2024-02-12 12:00:00,130.7368686500723
2024-02-12 13:00:00,121.2370473862319
2024-02-12 14:00:00,121.8370370307247
2024-02-12 15:00:00,103.8371362969654
2024-02-12 16:00:00,111.5352766594632
2024-02-12 17:00:00,101.7799457901662
2024-02-12 18:00:00,112.2192780417566
2024-02-12 19:00:00,111.0746844254529
2024-02-12 20:00:00,102.5348411487371
2024-02-12 21:00:00,119.9056236374543
2024-02-12 22:00:00,111.2848216501643
2024-02-12 23:00:00,124.8550017442958
2024-02-13 00:00:00,134.7029738529836
2024-02-13 01:00:00,154.1571794774493
2024-02-13 02:00:00,156.7602326600246
2024-02-13 03:00:00,160.2825858676904
2024-02-13 04:00:00,165.7084015768464
2024-02-13 05:00:00,167.053919397152
2024-02-13 06:00:00,183.9681414611792
2024-02-13 07:00:00,154.7605578782469
2024-02-13 08:00:00,159.4828667763196
2024-02-13 09:00:00,149.8428378473698
2024-02-13 10:00:00,154.7016683889036
2024-02-13 11:00:00,147.0413781687042
2024-02-13 12:00:00,139.1571322179602
2024-02-13 13:00:00,141.1697150984954
2024-02-13 14:00:00,114.8599215594681
2024-02-13 15:00:00,121.4894348794766
2024-02-13 16:00:00,119.4075694929704
2024-02-13 17:00:00,117.309264801119
2024-02-13 18:00:00,108.8530470110379
2024-02-13 19:00:00,122.1768532740081
2024-02-13 20:00:00,120.1348896929159
2024-02-13 21:00:00,125.5280106954488
2024-02-13 22:00:00,118.791765448219
2024-02-13 23:00:00,127.4294909223659
2024-02-14 00:00:00,133.3717877577723
2024-02-14 01:00:00,156.7600850826209
2024-02-14 02:00:00,144.996200528676
2024-02-14 03:00:00,165.0402703063359
2024-02-14 04:00:00,182.0923018324409
2024-02-14 05:00:00,169.3644623582396
2024-02-14 06:00:00,173.2618959572851
2024-02-14 07:00:00,179.3866489898094
2024-02-14 08:00:00,151.9312841902332
2024-02-14 09:00:00,143.4047066416363
2024-02-14 10:00:00,147.6858934104721
2024-02-14 11:00:00,134.1316786017589
2024-02-14 12:00:00,139.6096770494365
2024-02-14 13:00:00,118.0143916942732
2024-02-14 14:00:00,109.7213178713874
2024-02-14 15:00:00,105.1349059244179
2024-02-14 16:00:00,109.4698695897111
2024-02-14 17:00:00,108.6878801013296
2024-02-14 18:00:00,109.9467512117342
2024-02-14 19:00:00,103.8404734777759
2024-02-14 20:00:00,105.3239394406794
2024-02-14 21:00:00,118.0985184150776
2024-02-14 22:00:00,104.9377679048829
2024-02-14 23:00:00,126.0949370446575
2024-02-15 00:00:00,138.5194374097468
2024-02-15 01:00:00,122.5602670218265
2024-02-15 02:00:00,154.2996746944472
2024-02-15 03:00:00,144.8564427622699
2024-02-15 04:00:00,138.8735589011253
2024-02-15 05:00:00,138.8557025919983
2024-02-15 06:00:00,161.0092965134419
2024-02-15 07:00:00,162.6088215080376
2024-02-15 08:00:00,154.6647665957798
2024-02-15 09:00:00,154.2413915715651
2024-02-15 10:00:00,128.6825643335678
2024-02-15 11:00:00,135.9521873124642
2024-02-15 12:00:00,124.4550702776056
2024-02-15 13:00:00,102.4401535910994
2024-02-15 14:00:00,90.69170029537547
2024-02-15 15:00:00,96.04920633611853
2024-02-15 16:00:00,90.78241081425787
2024-02-15 17:00:00,81.56621216165867
2024-02-15 18:00:00,82.94309082220141
2024-02-15 19:00:00,78.85678207891081
2024-02-15 20:00:00,97.80280193652274
2024-02-15 21:00:00,88.84739118646958
2024-02-15 22:00:00,106.0407858752694
2024-02-15 23:00:00,107.4419222339156
2024-02-16 00:00:00,124.7703432467509
2024-02-16 01:00:00,127.5711746918859
2024-02-16 02:00:00,134.4338531380894
2024-02-16 03:00:00,142.1849307811949
2024-02-16 04:00:00,143.85544332642
2024-02-16 05:00:00,139.5701512416752
2024-02-16 06:00:00,148.6755700889887
2024-02-16 07:00:00,130.2150474177929
2024-02-16 08:00:00,117.7293447596515
2024-02-16 09:00:00,130.0338197830664
2024-02-16 10:00:00,128.4003643282064
2024-02-16 11:00:00,115.9793510531077
2024-02-16 12:00:00,99.70556286019298
2024-02-16 13:00:00,100.2343838697098
2024-02-16 14:00:00,91.2708968888526
2024-02-16 15:00:00,86.92641788279656
2024-02-16 16:00:00,71.5455172571828
2024-02-16 17:00:00,66.41415833122822
2024-02-16 18:00:00,68.83860428270117
2024-02-16 19:00:00,78.95826635146136
2024-02-16 20:00:00,76.69786452303082
2024-02-16 21:00:00,86.46646541508366
2024-02-16 22:00:00,84.74241094369636
2024-02-16 23:00:00,99.89412173456101
2024-02-17 00:00:00,110.1446878387442
2024-02-17 01:00:00,102.3554527293692
2024-02-17 02:00:00,107.9577202270122
2024-02-17 03:00:00,124.224461868778
2024-02-17 04:00:00,120.4827694488213
2024-02-17 05:00:00,121.1344860083585
2024-02-17 06:00:00,130.7844706415835
2024-02-17 07:00:00,126.6904908034603
2024-02-17 08:00:00,117.982673522084
2024-02-17 09:00:00,112.0886652363088
2024-02-17 10:00:00,127.4999674893003
2024-02-17 11:00:00,113.2642427991428
2024-02-17 12:00:00,106.0273140458061
2024-02-17 13:00:00,89.89237171190973
2024-02-17 14:00:00,82.65516337624845
2024-02-17 15:00:00,84.41389861561665
2024-02-17 16:00:00,76.22523607482273
2024-02-17 17:00:00,68.67503680177116
2024-02-17 18:00:00,69.35609881988213
2024-02-17 19:00:00,70.49176348377888
2024-02-17 20:00:00,70.07787635915416
2024-02-17 21:00:00,74.91859212676978
2024-02-17 22:00:00,84.47150771234674
2024-02-17 23:00:00,92.75531680720718
2024-02-18 00:00:00,98.17538661746798
2024-02-18 01:00:00,114.8241388881726
2024-02-18 02:00:00,112.5430534265453
2024-02-18 03:00:00,136.5893188347241
2024-02-18 04:00:00,135.6917852435757
2024-02-18 05:00:00,140.4672968729934
2024-02-18 06:00:00,142.4747896748346
2024-02-18 07:00:00,131.9936629835096
2024-02-18 08:00:00,130.1733941373914
2024-02-18 09:00:00,146.7643047009564
2024-02-18 10:00:00,142.6728037966753
2024-02-18 11:00:00,112.2059645312179
2024-02-18 12:00:00,122.053841249602
2024-02-18 13:00:00,108.1003120506459
2024-02-18 14:00:00,107.6819624137815
2024-02-18 15:00:00,98.23946679094504
2024-02-18 16:00:00,96.15297514148138
2024-02-18 17:00:00,84.01493319471673
2024-02-18 18:00:00,87.83420306013505
2024-02-18 19:00:00,95.49859239566922
2024-02-18 20:00:00,96.3733955018909
2024-02-18 21:00:00,104.2790400570262
2024-02-18 22:00:00,105.8640641136554
2024-02-18 23:00:00,111.1545822283497
2024-02-19 00:00:00,124.6978874406519
2024-02-19 01:00:00,123.9291567653208
2024-02-19 02:00:00,137.1084262511282
2024-02-19 03:00:00,150.0185128636793
2024-02-19 04:00:00,137.2391204170194
2024-02-19 05:00:00,146.0941891259377
2024-02-19 06:00:00,151.4433001883086
2024-02-19 07:00:00,164.7211893085191
2024-02-19 08:00:00,157.2698255613461
2024-02-19 09:00:00,138.0412753231561
2024-02-19 10:00:00,145.9047046064522
2024-02-19 11:00:00,128.2882340488582
2024-02-19 12:00:00,133.1302181919949
2024-02-19 13:00:00,132.8507858842931
2024-02-19 14:00:00,122.8750619481823
2024-02-19 15:00:00,107.0994091858399
2024-02-19 16:00:00,113.2866814213149
2024-02-19 17:00:00,104.6622577035855
2024-02-19 18:00:00,102.6986121626196
2024-02-19 19:00:00,117.0215479353941
2024-02-19 20:00:00,116.1273232118172
2024-02-19 21:00:00,116.0114460951384
2024-02-19 22:00:00,120.4529253817226
2024-02-19 23:00:00,135.5184566712875
2024-02-20 00:00:00,145.9887297873858
2024-02-20 01:00:00,164.3376609178485
2024-02-20 02:00:00,167.9789002274547
2024-02-20 03:00:00,160.808239477299
2024-02-20 04:00:00,158.7518691685921
2024-02-20 05:00:00,169.9405797039537
2024-02-20 06:00:00,184.6220488084531
2024-02-20 07:00:00,157.6163954597397
2024-02-20 08:00:00,176.5809472548274
2024-02-20 09:00:00,151.1214940436394
2024-02-20 10:00:00,155.7280936531117
2024-02-20 11:00:00,140.9505462287662
2024-02-20 12:00:00,149.1088746471854
2024-02-20 13:00:00,126.9289012630833
2024-02-20 14:00:00,120.115445742653
2024-02-20 15:00:00,127.8734222714124
2024-02-20 16:00:00,113.3697997249795
2024-02-20 17:00:00,123.3871665650143
2024-02-20 18:00:00,114.3002626260324
2024-02-20 19:00:00,117.0151806686976
2024-02-20 20:00:00,115.7372802266872
2024-02-20 21:00:00,124.6722708577206
2024-02-20 22:00:00,142.4819523814058
2024-02-20 23:00:00,146.1762837186779
2024-02-21 00:00:00,154.340710259405
2024-02-21 01:00:00,148.4532103083465
2024-02-21 02:00:00,164.2647818795677
2024-02-21 03:00:00,181.2772118517278
2024-02-21 04:00:00,179.1224060197161
2024-02-21 05:00:00,170.7513964568141
2024-02-21 06:00:00,167.2020764150927
2024-02-21 07:00:00,163.0693710112938
2024-02-21 08:00:00,163.1176406574878
2024-02-21 09:00:00,149.7070404141526
2024-02-21 10:00:00,161.0360601202453
2024-02-21 11:00:00,144.0583184060552
2024-02-21 12:00:00,137.5891463151569
2024-02-21 13:00:00,123.7581052583446
2024-02-21 14:00:00,113.9958025327204
2024-02-21 15:00:00,119.3405490483251
2024-02-21 16:00:00,113.8097508398493
2024-02-21 17:00:00,106.2843551259102
2024-02-21 18:00:00,97.96897062795038
2024-02-21 19:00:00,99.58545825071546
2024-02-21 20:00:00,112.5577176146613
2024-02-21 21:00:00,109.8985600211698
2024-02-21 22:00:00,119.9273343493609
2024-02-21 23:00:00,125.4603920315919
2024-02-22 00:00:00,131.1177164423769
2024-02-22 01:00:00,137.1573556803608
2024-02-22 02:00:00,130.2033171648279
2024-02-22 03:00:00,153.3383128245136
2024-02-22 04:00:00,141.6820702260603
2024-02-22 05:00:00,162.9833580324338
2024-02-22 06:00:00,156.9231457634194
2024-02-22 07:00:00,165.5204390896619
2024-02-22 08:00:00,143.2920362616917
2024-02-22 09:00:00,147.8990829501547
2024-02-22 10:00:00,141.7896326164822
2024-02-22 11:00:00,138.9143042330259
2024-02-22 12:00:00,116.9549412198246
2024-02-22 13:00:00,114.1294198786005
2024-02-22 14:00:00,112.9920975808548
2024-02-22 15:00:00,101.0993203100716
2024-02-22 16:00:00,88.11218843756218
2024-02-22 17:00:00,92.39243455473438
2024-02-22 18:00:00,85.81662525434776
2024-02-22 19:00:00,95.66349005029663
2024-02-22 20:00:00,86.72834924085683
2024-02-22 21:00:00,95.71434064535167
2024-02-22 22:00:00,93.96965209391246
2024-02-22 23:00:00,107.6161984326542
2024-02-23 00:00:00,130.2688434759937
2024-02-23 01:00:00,116.0111241309748
2024-02-23 02:00:00,129.2969333180424
2024-02-23 03:00:00,140.7570374743588
2024-02-23 04:00:00,135.4986918246473
2024-02-23 05:00:00,141.6065786416106
2024-02-23 06:00:00,152.9637597630737
2024-02-23 07:00:00,134.5821763842374
2024-02-23 08:00:00,131.2799167198849
2024-02-23 09:00:00,132.832599719541
2024-02-23 10:00:00,124.7630843316553
2024-02-23 11:00:00,104.8767005392254
2024-02-23 12:00:00,111.0885178994307
2024-02-23 13:00:00,100.3933724354783
2024-02-23 14:00:00,93.60959080152112
2024-02-23 15:00:00,84.40143206439637
2024-02-23 16:00:00,85.31165947284389
2024-02-23 17:00:00,71.64330583010337
2024-02-23 18:00:00,73.96529065229538
2024-02-23 19:00:00,70.3084869322956
2024-02-23 20:00:00,70.3163486582843
2024-02-23 21:00:00,78.54746716333136
2024-02-23 22:00:00,87.83309626621853
2024-02-23 23:00:00,98.65053661827696
2024-02-24 00:00:00,90.19777656689476
2024-02-24 01:00:00,101.5204146746845
2024-02-24 02:00:00,112.0681454067205
2024-02-24 03:00:00,112.760995492068
2024-02-24 04:00:00,135.7341625099658
2024-02-24 05:00:00,125.8202658210852
2024-02-24 06:00:00,125.4796941188049
2024-02-24 07:00:00,134.2476448514604
2024-02-24 08:00:00,136.9961574399163
2024-02-24 09:00:00,140.1815933877661
2024-02-24 10:00:00,120.5647356849177
2024-02-24 11:00:00,119.0368159500084
2024-02-24 12:00:00,109.4305131840364
2024-02-24 13:00:00,90.65073800296365
2024-02-24 14:00:00,90.096972250692
2024-02-24 15:00:00,92.24362511257686
2024-02-24 16:00:00,78.75491188536668
2024-02-24 17:00:00,79.63151749111739
2024-02-24 18:00:00,83.12306281419443
2024-02-24 19:00:00,76.13720469149558
2024-02-24 20:00:00,76.75881911307037
2024-02-24 21:00:00,92.51635426237468
2024-02-24 22:00:00,89.5860659983406
2024-02-24 23:00:00,101.8801538308843
2024-02-25 00:00:00,101.0727071670156
2024-02-25 01:00:00,125.4067570873424
2024-02-25 02:00:00,114.3384559108839
2024-02-25 03:00:00,122.5999026127632
2024-02-25 04:00:00,146.8041835733611
2024-02-25 05:00:00,129.9844449426492
2024-02-25 06:00:00,133.6765403914474
2024-02-25 07:00:00,138.5161412842155
2024-02-25 08:00:00,151.4124415963279
2024-02-25 09:00:00,141.5272314136102
2024-02-25 10:00:00,134.1626986571833
2024-02-25 11:00:00,124.6709670185399
2024-02-25 12:00:00,113.4024555138612
2024-02-25 13:00:00,106.1952884627934
2024-02-25 14:00:00,98.62191590566724
2024-02-25 15:00:00,104.7089447959286
2024-02-25 16:00:00,103.1135981379643
2024-02-25 17:00:00,95.22398487368497
2024-02-25 18:00:00,85.64682934248432
2024-02-25 19:00:00,97.74934367254352
2024-02-25 20:00:00,95.07979984947222
2024-02-25 21:00:00,98.49734665491614
2024-02-25 22:00:00,111.669893838554
2024-02-25 23:00:00,118.9049102313002
2024-02-26 00:00:00,132.8579873428423
2024-02-26 01:00:00,132.774348196004
2024-02-26 02:00:00,144.4363267257465
2024-02-26 03:00:00,158.0587340339957
2024-02-26 04:00:00,140.7556164122471
2024-02-26 05:00:00,163.1507209943807
2024-02-26 06:00:00,157.3807322309219
2024-02-26 07:00:00,172.9286311623498
2024-02-26 08:00:00,142.1615850284805
2024-02-26 09:00:00,150.851937278142
2024-02-26 10:00:00,148.4403134108674
2024-02-26 11:00:00,131.6186697685628
2024-02-26 12:00:00,120.5704670283676
2024-02-26 13:00:00,122.7927797124801
2024-02-26 14:00:00,125.4414425252631
2024-02-26 15:00:00,108.8282988612771
2024-02-26 16:00:00,104.9697385552707
2024-02-26 17:00:00,110.3081919802435
2024-02-26 18:00:00,106.4223594483375
2024-02-26 19:00:00,113.9163203901681
2024-02-26 20:00:00,123.5718259872857
2024-02-26 21:00:00,117.3828449864055
2024-02-26 22:00:00,140.8030697031357
2024-02-26 23:00:00,148.4471935222964
2024-02-27 00:00:00,132.5044679703254
2024-02-27 01:00:00,153.0050680094098
2024-02-27 02:00:00,144.0625641414968
2024-02-27 03:00:00,178.6934622205759
2024-02-27 04:00:00,162.8193616045908
2024-02-27 05:00:00,170.3130715582605
2024-02-27 06:00:00,178.7195242101968
2024-02-27 07:00:00,156.4011258248589
2024-02-27 08:00:00,170.587296802611
2024-02-27 09:00:00,174.9465678937143
2024-02-27 10:00:00,151.0376384781048
2024-02-27 11:00:00,163.406007236116
2024-02-27 12:00:00,134.4232524540069
2024-02-27 13:00:00,150.9195646045677
2024-02-27 14:00:00,133.1862107546884
2024-02-27 15:00:00,131.7611861511775
2024-02-27 16:00:00,122.3262965142775
2024-02-27 17:00:00,127.5169162120531
2024-02-27 18:00:00,111.1199477167285
2024-02-27 19:00:00,121.0347102903075
2024-02-27 20:00:00,118.2688082015755
2024-02-27 21:00:00,109.4629166409698
2024-02-27 22:00:00,127.7181149184708
2024-02-27 23:00:00,119.0067486594038
2024-02-28 00:00:00,127.6554803097331
2024-02-28 01:00:00,159.8874030138785
2024-02-28 02:00:00,155.2629661933999
2024-02-28 03:00:00,162.3569145830031
2024-02-28 04:00:00,157.9845377807344
2024-02-28 05:00:00,178.8044823417793
2024-02-28 06:00:00,178.7524728569298
2024-02-28 07:00:00,176.5004381161541
2024-02-28 08:00:00,169.3922743288552
2024-02-28 09:00:00,149.461222959124
2024-02-28 10:00:00,147.3649208924214
2024-02-28 11:00:00,146.6024219205935
2024-02-28 12:00:00,134.0958114488143
2024-02-28 13:00:00,122.2735523166411
2024-02-28 14:00:00,122.3258591836208
2024-02-28 15:00:00,125.2152115199518
2024-02-28 16:00:00,105.5247355926868
2024-02-28 17:00:00,109.6877605257842
2024-02-28 18:00:00,116.5528276993508
2024-02-28 19:00:00,98.55086000480613
2024-02-28 20:00:00,123.2131799124518
2024-02-28 21:00:00,129.031474919879
2024-02-28 22:00:00,130.6548502939276
2024-02-28 23:00:00,127.137811061599
2024-02-29 00:00:00,149.4987395582996
2024-02-29 01:00:00,154.3093102729037
2024-02-29 02:00:00,159.2303093340538
2024-02-29 03:00:00,163.6751099767849
2024-02-29 04:00:00,166.8123826829693
2024-02-29 05:00:00,146.6440038476456
2024-02-29 06:00:00,175.5701192438927
2024-02-29 07:00:00,171.4064732973241
2024-02-29 08:00:00,155.5082110646317
2024-02-29 09:00:00,148.5683813156259
2024-02-29 10:00:00,133.4458812533436
2024-02-29 11:00:00,141.6940601130866
2024-02-29 12:00:00,133.838783473286
2024-02-29 13:00:00,108.0646689300765
2024-02-29 14:00:00,113.6948415474452
2024-02-29 15:00:00,92.03907867350867
2024-02-29 16:00:00,104.1269410133979
2024-02-29 17:00:00,85.8768647102195
2024-02-29 18:00:00,86.96315315181288
2024-02-29 19:00:00,86.28746962452284
2024-02-29 20:00:00,102.8201954695544
2024-02-29 21:00:00,108.2009563820746
2024-02-29 22:00:00,93.61990959948639
2024-02-29 23:00:00,105.3370430711948
2024-03-01 00:00:00,124.0611025971571
2024-03-01 01:00:00,123.6370777059024
2024-03-01 02:00:00,142.588593919186
2024-03-01 03:00:00,149.438861243256
2024-03-01 04:00:00,143.7705731431718
2024-03-01 05:00:00,134.4323700328724
2024-03-01 06:00:00,141.8974781114469
2024-03-01 07:00:00,145.2840659633078
2024-03-01 08:00:00,143.0875611334965
2024-03-01 09:00:00,144.6469789680825
2024-03-01 10:00:00,128.2158513142706
2024-03-01 11:00:00,113.9695742507693
2024-03-01 12:00:00,114.8463161412203
2024-03-01 13:00:00,98.03876398478558
2024-03-01 14:00:00,93.60569294574078
2024-03-01 15:00:00,84.747958199182
2024-03-01 16:00:00,87.30520749058333
2024-03-01 17:00:00,75.13594469002862
2024-03-01 18:00:00,85.14807080327849
2024-03-01 19:00:00,75.21565568188095
2024-03-01 20:00:00,82.69606801007183
2024-03-01 21:00:00,85.13609763770799
2024-03-01 22:00:00,81.9633904864997
2024-03-01 23:00:00,87.63387344765798
2024-03-02 00:00:00,104.0253646438706
2024-03-02 01:00:00,116.4284247532022
2024-03-02 02:00:00,109.6858751505999
2024-03-02 03:00:00,118.4793901583153
2024-03-02 04:00:00,137.525132944726
2024-03-02 05:00:00,129.1505983842666
2024-03-02 06:00:00,130.9988057301398
2024-03-02 07:00:00,144.1939243016679
2024-03-02 08:00:00,123.863922525367
2024-03-02 09:00:00,123.2860217109992
2024-03-02 10:00:00,121.1753872165112
2024-03-02 11:00:00,112.3846666321356
2024-03-02 12:00:00,118.0219554370074
2024-03-02 13:00:00,100.8815961804649
2024-03-02 14:00:00,87.3204110942407
2024-03-02 15:00:00,96.64934972141373
2024-03-02 16:00:00,89.189116353262
2024-03-02 17:00:00,72.29072561945902
2024-03-02 18:00:00,79.25216852758922
2024-03-02 19:00:00,87.35737571291054
2024-03-02 20:00:00,84.33977376176593
2024-03-02 21:00:00,94.18128676939948
2024-03-02 22:00:00,95.09058599162123
2024-03-02 23:00:00,94.24984614244487
2024-03-03 00:00:00,108.5030915211134
2024-03-03 01:00:00,113.5532762395297
2024-03-03 02:00:00,113.5067025948862
2024-03-03 03:00:00,135.8159821189615
2024-03-03 04:00:00,150.0803636802837
2024-03-03 05:00:00,136.542077031067
2024-03-03 06:00:00,158.3547033253593
2024-03-03 07:00:00,153.6994897973131
2024-03-03 08:00:00,146.2557831776134
2024-03-03 09:00:00,144.063214823963
2024-03-03 10:00:00,122.8922308109877
2024-03-03 11:00:00,114.9241572947261
2024-03-03 12:00:00,111.9606874385764
2024-03-03 13:00:00,105.5574633579189
2024-03-03 14:00:00,107.4776354574977
2024-03-03 15:00:00,91.73275526892982
2024-03-03 16:00:00,95.9728641291951
2024-03-03 17:00:00,97.08164121350832
2024-03-03 18:00:00,97.4045958528345
2024-03-03 19:00:00,90.82833174322549
2024-03-03 20:00:00,105.3823751838357
2024-03-03 21:00:00,97.9361828582446
2024-03-03 22:00:00,112.9030967266294
2024-03-03 23:00:00,118.3417436414506
2024-03-04 00:00:00,133.485444685225
2024-03-04 01:00:00,145.2312518801956
2024-03-04 02:00:00,127.3288317756754
2024-03-04 03:00:00,145.2669014571206
2024-03-04 04:00:00,168.9993497673124
2024-03-04 05:00:00,151.6260724460942
2024-03-04 06:00:00,169.9370182704608
2024-03-04 07:00:00,177.4507979923319
2024-03-04 08:00:00,152.5889200229163
2024-03-04 09:00:00,144.5810976659486
2024-03-04 10:00:00,165.160189629999
2024-03-04 11:00:00,136.2325901087376
2024-03-04 12:00:00,146.2460336652529
2024-03-04 13:00:00,141.1863612775826
2024-03-04 14:00:00,116.7664736267932
2024-03-04 15:00:00,116.5010903216207
2024-03-04 16:00:00,121.5391678049687
2024-03-04 17:00:00,109.1557541394149
2024-03-04 18:00:00,102.0730813367063
2024-03-04 19:00:00,121.0679728948094
2024-03-04 20:00:00,106.2506107808838
2024-03-04 21:00:00,111.0446984140597
2024-03-04 22:00:00,125.2132633062445
2024-03-04 23:00:00,136.7885624905533
2024-03-05 00:00:00,143.9043582617706
2024-03-05 01:00:00,157.133334075875
2024-03-05 02:00:00,173.2111561385971
2024-03-05 03:00:00,151.3524250994659
2024-03-05 04:00:00,164.2795716826694
2024-03-05 05:00:00,161.9894213912802
2024-03-05 06:00:00,170.5003853414829
2024-03-05 07:00:00,188.272577421488
2024-03-05 08:00:00,163.3096469415577
2024-03-05 09:00:00,177.1478334836802
2024-03-05 10:00:00,152.2094278497
2024-03-05 11:00:00,153.7769320890925
2024-03-05 12:00:00,161.1550206929538
2024-03-05 13:00:00,140.3152577310523
2024-03-05 14:00:00,128.1971770705042
2024-03-05 15:00:00,128.6175527987471
2024-03-05 16:00:00,127.3463147872407
2024-03-05 17:00:00,123.1363359164482
2024-03-05 18:00:00,111.677639923191
2024-03-05 19:00:00,118.0815624362369
2024-03-05 20:00:00,115.173237888488
2024-03-05 21:00:00,117.3521916535609
2024-03-05 22:00:00,128.7840839204437
2024-03-05 23:00:00,137.2109821661246
2024-03-06 00:00:00,133.0777406369844
2024-03-06 01:00:00,142.1791948179589
2024-03-06 02:00:00,160.9677407613327
2024-03-06 03:00:00,168.9711898756753
2024-03-06 04:00:00,173.8972509322614
2024-03-06 05:00:00,187.3807423011365
2024-03-06 06:00:00,183.9385730730662
2024-03-06 07:00:00,160.7907228779597
2024-03-06 08:00:00,163.8235530841099
2024-03-06 09:00:00,153.9051057689513
2024-03-06 10:00:00,150.4455335476588
2024-03-06 11:00:00,156.9266030274528
2024-03-06 12:00:00,143.6722144348627
2024-03-06 13:00:00,140.7889590094599
2024-03-06 14:00:00,130.6579158466558
2024-03-06 15:00:00,112.8652670562717
2024-03-06 16:00:00,106.7707257174521
2024-03-06 17:00:00,118.5694713195709
2024-03-06 18:00:00,120.5686351870377
2024-03-06 19:00:00,118.5764085398817
2024-03-06 20:00:00,124.7776244999373
2024-03-06 21:00:00,125.1596207057345
2024-03-06 22:00:00,121.2594572028419
2024-03-06 23:00:00,139.0725235527572
2024-03-07 00:00:00,126.9307141080383
2024-03-07 01:00:00,132.9836635704386
2024-03-07 02:00:00,155.3946768696617
2024-03-07 03:00:00,170.8161780025637
2024-03-07 04:00:00,154.4875322781133
2024-03-07 05:00:00,147.7623633496523
2024-03-07 06:00:00,162.4796977644795
2024-03-07 07:00:00,150.9846601009709
2024-03-07 08:00:00,142.0228140037995
2024-03-07 09:00:00,135.0820034973394
2024-03-07 10:00:00,130.4276471005925
2024-03-07 11:00:00,129.6199306831256
2024-03-07 12:00:00,113.4813723716716
2024-03-07 13:00:00,117.5011747963089
2024-03-07 14:00:00,100.7435998993222
2024-03-07 15:00:00,104.4295839231425
2024-03-07 16:00:00,93.30007635047497
2024-03-07 17:00:00,92.8715042492277
2024-03-07 18:00:00,95.77615055158533
2024-03-07 19:00:00,100.2212066919053
2024-03-07 20:00:00,105.7363124727213
2024-03-07 21:00:00,100.5376911205905
2024-03-07 22:00:00,113.612741855341
2024-03-07 23:00:00,123.3529988369499
2024-03-08 00:00:00,132.5195748734197
2024-03-08 01:00:00,131.0412522835634
2024-03-08 02:00:00,143.7386294046667
2024-03-08 03:00:00,134.0764245225668
2024-03-08 04:00:00,140.5614966019082
2024-03-08 05:00:00,146.5421616806262
2024-03-08 06:00:00,144.4258582404917
2024-03-08 07:00:00,154.3196183506995
2024-03-08 08:00:00,131.7855260462175
2024-03-08 09:00:00,134.2100369184299
2024-03-08 10:00:00,129.2079943054715
2024-03-08 11:00:00,121.0479179750143
2024-03-08 12:00:00,106.5728570329278
2024-03-08 13:00:00,99.0507344064436
2024-03-08 14:00:00,96.16008805641992
2024-03-08 15:00:00,90.46565509263564
2024-03-08 16:00:00,88.94823933060695
2024-03-08 17:00:00,76.73513388795186
2024-03-08 18:00:00,80.61640671071484
2024-03-08 19:00:00,89.10590617389724
2024-03-08 20:00:00,78.69026478040219
2024-03-08 21:00:00,90.22050849067004
2024-03-08 22:00:00,96.75069280209017
2024-03-08 23:00:00,105.1871484883403
2024-03-09 00:00:00,99.89551376133068
2024-03-09 01:00:00,115.1463485176298
2024-03-09 02:00:00,133.9965861171459
2024-03-09 03:00:00,129.0798007743641
2024-03-09 04:00:00,142.2756194600358
2024-03-09 05:00:00,134.1495622970912
2024-03-09 06:00:00,150.3399754596863
2024-03-09 07:00:00,134.6613811417707
2024-03-09 08:00:00,138.5899105625215
2024-03-09 09:00:00,138.3670698929839
2024-03-09 10:00:00,135.5790614516782
2024-03-09 11:00:00,125.3858708617637
2024-03-09 12:00:00,104.6617537752323
2024-03-09 13:00:00,111.5196208464394
2024-03-09 14:00:00,106.8774796235708
2024-03-09 15:00:00,90.24409545083125
2024-03-09 16:00:00,84.12375575399717
2024-03-09 17:00:00,79.73367402193743
2024-03-09 18:00:00,88.64473823551081
2024-03-09 19:00:00,79.33150106331613
2024-03-09 20:00:00,76.46471295765012
2024-03-09 21:00:00,85.50899247560719
2024-03-09 22:00:00,88.4065238007416
2024-03-09 23:00:00,98.6106428243539
2024-03-10 00:00:00,109.5273023730978
2024-03-10 01:00:00,120.1363849643801
2024-03-10 02:00:00,113.7998560618919
2024-03-10 03:00:00,144.4167298101767
2024-03-10 04:00:00,129.2031738336657
2024-03-10 05:00:00,136.390333104987
2024-03-10 06:00:00,157.0254853806467
2024-03-10 07:00:00,135.7390882702563
2024-03-10 08:00:00,134.9648029406152
2024-03-10 09:00:00,133.8617773302361
2024-03-10 10:00:00,146.022421054749
2024-03-10 11:00:00,129.1107765004123
2024-03-10 12:00:00,116.3776712888857
2024-03-10 13:00:00,109.5065126905287
2024-03-10 14:00:00,107.5627440594253
2024-03-10 15:00:00,103.8076977237583
2024-03-10 16:00:00,97.85763281663675
2024-03-10 17:00:00,101.7821685830463
2024-03-10 18:00:00,101.2711097569509
2024-03-10 19:00:00,103.6736112255543
2024-03-10 20:00:00,101.5931242673186
2024-03-10 21:00:00,106.376431750941
2024-03-10 22:00:00,129.4865243446579
2024-03-10 23:00:00,139.2279610375243
2024-03-11 00:00:00,140.7046953438386
2024-03-11 01:00:00,140.2357798832291
2024-03-11 02:00:00,141.4818598092517
2024-03-11 03:00:00,157.9313381622716
2024-03-11 04:00:00,167.2478583537905
2024-03-11 05:00:00,149.1363458645208
2024-03-11 06:00:00,161.8560708637372
2024-03-11 07:00:00,150.6718101655576
2024-03-11 08:00:00,149.4192732872023
2024-03-11 09:00:00,145.5727189472337
2024-03-11 10:00:00,157.8954496247536
2024-03-11 11:00:00,161.5331999847324
2024-03-11 12:00:00,148.2216633786456
2024-03-11 13:00:00,130.7734126369785
2024-03-11 14:00:00,126.1009073924812
2024-03-11 15:00:00,111.4226184967432
2024-03-11 16:00:00,117.5134495541716
2024-03-11 17:00:00,125.9216085865759
2024-03-11 18:00:00,106.9819434731945
2024-03-11 19:00:00,121.7729424538691
2024-03-11 20:00:00,108.6905545719439
2024-03-11 21:00:00,124.0678305411225
2024-03-11 22:00:00,136.959624743865
2024-03-11 23:00:00,130.6218802654626
2024-03-12 00:00:00,152.8651686687727
2024-03-12 01:00:00,138.6567677336937
2024-03-12 02:00:00,153.6010642504177
2024-03-12 03:00:00,182.8381796437138
2024-03-12 04:00:00,181.6442276464783
2024-03-12 05:00:00,170.2043594437203
2024-03-12 06:00:00,183.3034769226478
2024-03-12 07:00:00,182.1015479377091
2024-03-12 08:00:00,192.7709251866374
2024-03-12 09:00:00,156.1877393307693
2024-03-12 10:00:00,157.4698606608517
2024-03-12 11:00:00,154.6386918602552
2024-03-12 12:00:00,145.6700835534487
2024-03-12 13:00:00,146.9267618030771
2024-03-12 14:00:00,135.5933380527693
2024-03-12 15:00:00,129.4238238086224
2024-03-12 16:00:00,131.3607663101938
2024-03-12 17:00:00,123.6850315511494
2024-03-12 18:00:00,120.7071288573298
2024-03-12 19:00:00,126.0314783863525
2024-03-12 20:00:00,124.2130587069558
2024-03-12 21:00:00,128.3723687333864
2024-03-12 22:00:00,140.8268815059689
2024-03-12 23:00:00,155.8462064213178
2024-03-13 00:00:00,146.2034234717557
2024-03-13 01:00:00,173.7333394238671
2024-03-13 02:00:00,167.9430393928783
2024-03-13 03:00:00,189.1429820001198
2024-03-13 04:00:00,195.2131088782061
2024-03-13 05:00:00,190.8136072319859
2024-03-13 06:00:00,167.7292675661198
2024-03-13 07:00:00,160.4165962040601
2024-03-13 08:00:00,165.7859788561136
2024-03-13 09:00:00,172.5718604101837
2024-03-13 10:00:00,171.2836174893366
2024-03-13 11:00:00,144.9922129391418
2024-03-13 12:00:00,150.4752140609308
2024-03-13 13:00:00,141.3879638574201
2024-03-13 14:00:00,138.9326709182175
2024-03-13 15:00:00,119.9168064683695
2024-03-13 16:00:00,105.9484965651016
2024-03-13 17:00:00,110.1704235232193
2024-03-13 18:00:00,103.9031795393841
2024-03-13 19:00:00,103.790157563343
2024-03-13 20:00:00,119.5641691082914
2024-03-13 21:00:00,112.9682351835742
2024-03-13 22:00:00,137.3897222945345
2024-03-13 23:00:00,133.5698320593736
2024-03-14 00:00:00,148.2758285616965
2024-03-14 01:00:00,155.6411567639063
2024-03-14 02:00:00,168.748420082956
2024-03-14 03:00:00,161.3588428315859
2024-03-14 04:00:00,164.1792449584709
2024-03-14 05:00:00,157.5665231704007
2024-03-14 06:00:00,154.9152558727756
2024-03-14 07:00:00,163.6392167986301
2024-03-14 08:00:00,158.2600025023504
2024-03-14 09:00:00,161.5806585895479
2024-03-14 10:00:00,139.4132493537734
2024-03-14 11:00:00,151.2809793657051
2024-03-14 12:00:00,122.2169395172154
2024-03-14 13:00:00,132.8555457165491
2024-03-14 14:00:00,106.5307456539184
2024-03-14 15:00:00,97.86170002019824
2024-03-14 16:00:00,107.4409501184062
2024-03-14 17:00:00,104.0948352604674
2024-03-14 18:00:00,105.7980574023124
2024-03-14 19:00:00,104.8936250683516
2024-03-14 20:00:00,97.97271060475818
2024-03-14 21:00:00,93.90360011782506
2024-03-14 22:00:00,109.5692203960128
2024-03-14 23:00:00,117.2377800722009
2024-03-15 00:00:00,130.3593045547415
2024-03-15 01:00:00,125.5088380189505
2024-03-15 02:00:00,144.2005909095779
2024-03-15 03:00:00,135.7094170626424
2024-03-15 04:00:00,139.6092336538066
2024-03-15 05:00:00,151.1446397562518
2024-03-15 06:00:00,137.9938757851947
2024-03-15 07:00:00,142.5922048011877
2024-03-15 08:00:00,157.7533257053765
2024-03-15 09:00:00,140.8195365749149
2024-03-15 10:00:00,126.4433208133269
2024-03-15 11:00:00,121.6158564317722
2024-03-15 12:00:00,111.655179734451
2024-03-15 13:00:00,100.3388629536873
2024-03-15 14:00:00,107.1011370690133
2024-03-15 15:00:00,96.37172770816889
2024-03-15 16:00:00,92.35942735935289
2024-03-15 17:00:00,86.57677144233858
2024-03-15 18:00:00,92.22060810134845
2024-03-15 19:00:00,83.40383536832752
2024-03-15 20:00:00,84.88191323590755
2024-03-15 21:00:00,84.1524845462648
2024-03-15 22:00:00,96.22099844342166
2024-03-15 23:00:00,104.766717670292
2024-03-16 00:00:00,123.33770746714
2024-03-16 01:00:00,131.7047561527731
2024-03-16 02:00:00,124.3271889143902
2024-03-16 03:00:00,146.2510398680831
2024-03-16 04:00:00,133.5293349253361
2024-03-16 05:00:00,131.7368127891522
2024-03-16 06:00:00,134.180196505335
2024-03-16 07:00:00,139.9010250689231
2024-03-16 08:00:00,154.1439698631638
2024-03-16 09:00:00,124.7372894900236
2024-03-16 10:00:00,137.1137532627834
2024-03-16 11:00:00,132.7970831657619
2024-03-16 12:00:00,121.0224787701108
2024-03-16 13:00:00,120.3619701927047
2024-03-16 14:00:00,103.859396399214
2024-03-16 15:00:00,100.1290063929076
2024-03-16 16:00:00,99.61724375037532
2024-03-16 17:00:00,90.5326695115031
2024-03-16 18:00:00,89.57191119919919
2024-03-16 19:00:00,78.73306762197983
2024-03-16 20:00:00,87.13097711634961
2024-03-16 21:00:00,94.76652922331697
2024-03-16 22:00:00,94.4858155820407
2024-03-16 23:00:00,111.1591690394752
2024-03-17 00:00:00,120.3379834616339
2024-03-17 01:00:00,117.8075433392007
2024-03-17 02:00:00,135.5491094160335
2024-03-17 03:00:00,145.1959550991053
2024-03-17 04:00:00,154.3944492442224
2024-03-17 05:00:00,147.9766485156358
2024-03-17 06:00:00,156.2905621877362
2024-03-17 07:00:00,143.0991446187884
2024-03-17 08:00:00,150.1157916518872
2024-03-17 09:00:00,149.9035210387939
2024-03-17 10:00:00,153.5153197965985
2024-03-17 11:00:00,139.6319473880896
2024-03-17 12:00:00,128.2167860943434
2024-03-17 13:00:00,116.3471221453383
2024-03-17 14:00:00,122.6487609499081
2024-03-17 15:00:00,106.6957306074011
2024-03-17 16:00:00,98.58809008745483
2024-03-17 17:00:00,101.9641726425425
2024-03-17 18:00:00,102.4420692424401
2024-03-17 19:00:00,103.532944736679
2024-03-17 20:00:00,100.2157294061319
2024-03-17 21:00:00,110.0850988377057
2024-03-17 22:00:00,118.3326278781727
2024-03-17 23:00:00,117.5059401498245
2024-03-18 00:00:00,124.4104821020579
2024-03-18 01:00:00,148.6171771239833
2024-03-18 02:00:00,138.756910887437
2024-03-18 03:00:00,162.8162556950171
2024-03-18 04:00:00,166.3562222278571
2024-03-18 05:00:00,175.3125163743724
2024-03-18 06:00:00,183.3635751922849
2024-03-18 07:00:00,169.5635692268521
2024-03-18 08:00:00,171.2100400521899
2024-03-18 09:00:00,165.7847036284962
2024-03-18 10:00:00,169.6483308223317
2024-03-18 11:00:00,149.5292967064674
2024-03-18 12:00:00,152.2912498549117
2024-03-18 13:00:00,132.1925877340998
2024-03-18 14:00:00,134.4093867975503
2024-03-18 15:00:00,123.5006997160795
2024-03-18 16:00:00,124.3557656834213
2024-03-18 17:00:00,121.1076550960144
2024-03-18 18:00:00,125.4782066528505
2024-03-18 19:00:00,114.8064129893468
2024-03-18 20:00:00,117.5775407740308
2024-03-18 21:00:00,124.7428310561953
2024-03-18 22:00:00,132.3375713112184
2024-03-18 23:00:00,158.9741841650556
2024-03-19 00:00:00,165.6467190517343
2024-03-19 01:00:00,178.3013151185667
2024-03-19 02:00:00,153.0863053920052
2024-03-19 03:00:00,185.4132485263745
2024-03-19 04:00:00,193.0135005427768
2024-03-19 05:00:00,190.4402877145744
2024-03-19 06:00:00,166.2075664963582
2024-03-19 07:00:00,178.0852394569052
2024-03-19 08:00:00,185.8152263368028
2024-03-19 09:00:00,162.3810521847178
2024-03-19 10:00:00,173.207469875529
2024-03-19 11:00:00,155.296372874099
2024-03-19 12:00:00,160.6631407798576
2024-03-19 13:00:00,156.7517826588015
2024-03-19 14:00:00,139.3653461683532
2024-03-19 15:00:00,144.0842627423378
2024-03-19 16:00:00,129.1581108308812
2024-03-19 17:00:00,120.612603868941
2024-03-19 18:00:00,113.5863255633902
2024-03-19 19:00:00,112.1728618984898
2024-03-19 20:00:00,131.3360766014802
2024-03-19 21:00:00,121.6734862771276
2024-03-19 22:00:00,124.7679198316168
2024-03-19 23:00:00,127.0189314223725
2024-03-20 00:00:00,143.3897434850995
2024-03-20 01:00:00,166.2327455968262
2024-03-20 02:00:00,162.99048168978
2024-03-20 03:00:00,160.1310714492977
2024-03-20 04:00:00,171.0598279372321
2024-03-20 05:00:00,194.9531736749088
2024-03-20 06:00:00,177.5140960807532
2024-03-20 07:00:00,166.1490402779101
2024-03-20 08:00:00,164.3206988231439
2024-03-20 09:00:00,176.5919396633402
2024-03-20 10:00:00,183.515541146285
2024-03-20 11:00:00,162.1014822825979
2024-03-20 12:00:00,145.084919016865
2024-03-20 13:00:00,141.1886894460241
2024-03-20 14:00:00,126.9255952341771
2024-03-20 15:00:00,124.6700534610479
2024-03-20 16:00:00,113.8278896323808
2024-03-20 17:00:00,110.6250186841913
2024-03-20 18:00:00,127.5141552033558
2024-03-20 19:00:00,119.178654945679
2024-03-20 20:00:00,106.5340973781787
2024-03-20 21:00:00,120.2765792534892
2024-03-20 22:00:00,134.3815913423072
2024-03-20 23:00:00,134.7586080231396
2024-03-21 00:00:00,134.3498128306469
2024-03-21 01:00:00,134.2461566702999
2024-03-21 02:00:00,147.2961987544062
2024-03-21 03:00:00,164.7418342571353
2024-03-21 04:00:00,174.7981906792753
2024-03-21 05:00:00,177.327695017187
2024-03-21 06:00:00,163.8077548451243
2024-03-21 07:00:00,183.9222301106088
2024-03-21 08:00:00,166.1322965365852
2024-03-21 09:00:00,161.8437377693154
2024-03-21 10:00:00,158.4756146656126
2024-03-21 11:00:00,149.0465721912335
2024-03-21 12:00:00,133.6784926330994
2024-03-21 13:00:00,137.1852118513685
2024-03-21 14:00:00,112.3231083506037
2024-03-21 15:00:00,101.5110473503737
2024-03-21 16:00:00,105.5243499940631
2024-03-21 17:00:00,100.9358500560076
2024-03-21 18:00:00,94.47426123188671
2024-03-21 19:00:00,94.69305451412994
2024-03-21 20:00:00,100.9243993151085
2024-03-21 21:00:00,104.4818941089566
2024-03-21 22:00:00,119.0436295574522
2024-03-21 23:00:00,107.4905945784619
2024-03-22 00:00:00,119.970784743834
2024-03-22 01:00:00,145.5148618777347
2024-03-22 02:00:00,145.433047777798
2024-03-22 03:00:00,138.225062891083
2024-03-22 04:00:00,161.7270849593984
2024-03-22 05:00:00,154.6528816376872
2024-03-22 06:00:00,153.8351713060652
2024-03-22 07:00:00,163.8715001095422
2024-03-22 08:00:00,147.2198633368087
2024-03-22 09:00:00,150.4336609107923
2024-03-22 10:00:00,145.5570284295221
2024-03-22 11:00:00,121.6188570662284
2024-03-22 12:00:00,115.1792076548174
2024-03-22 13:00:00,110.0869853284351
2024-03-22 14:00:00,101.7012945774453
2024-03-22 15:00:00,104.425671030592
2024-03-22 16:00:00,85.69302288676747
2024-03-22 17:00:00,95.72036654588106
2024-03-22 18:00:00,83.2060456005932
2024-03-22 19:00:00,86.81096318042998
2024-03-22 20:00:00,99.48975289744155
2024-03-22 21:00:00,100.5625579095888
2024-03-22 22:00:00,102.0694527764058
2024-03-22 23:00:00,115.8740828884666
2024-03-23 00:00:00,125.4182920107831
2024-03-23 01:00:00,120.7052460386797
2024-03-23 02:00:00,144.148321472152
2024-03-23 03:00:00,150.0152163936583
2024-03-23 04:00:00,132.0317115748256
2024-03-23 05:00:00,152.4399597876801
2024-03-23 06:00:00,154.7032340237402
2024-03-23 07:00:00,138.1811649747666
2024-03-23 08:00:00,136.8646991680657
2024-03-23 09:00:00,123.8800507876228
2024-03-23 10:00:00,138.1989989899843
2024-03-23 11:00:00,125.1686686238503
2024-03-23 12:00:00,118.648417966897
2024-03-23 13:00:00,116.5920643907145
2024-03-23 14:00:00,103.2344045762122
2024-03-23 15:00:00,103.6238266213994
2024-03-23 16:00:00,87.64764164050743
2024-03-23 17:00:00,84.17276711120248
2024-03-23 18:00:00,84.74553790324919
2024-03-23 19:00:00,95.93940128489251
2024-03-23 20:00:00,98.76198197300714
2024-03-23 21:00:00,98.31926360977282
2024-03-23 22:00:00,108.6998061705901
2024-03-23 23:00:00,116.0925706845467
2024-03-24 00:00:00,126.8839113886679
2024-03-24 01:00:00,140.8183272027461
2024-03-24 02:00:00,152.3409234879882
2024-03-24 03:00:00,155.498132226583
2024-03-24 04:00:00,165.1477233721154
2024-03-24 05:00:00,153.956654358558
2024-03-24 06:00:00,159.5430926670032
2024-03-24 07:00:00,168.0078635675145
2024-03-24 08:00:00,139.8682670032178
2024-03-24 09:00:00,149.7705629003049
2024-03-24 10:00:00,156.957129614848
2024-03-24 11:00:00,144.9285401027304
2024-03-24 12:00:00,118.0117741294315
2024-03-24 13:00:00,132.6880671084899
2024-03-24 14:00:00,118.1203105313548
2024-03-24 15:00:00,102.9848918240226
2024-03-24 16:00:00,109.097617493466
2024-03-24 17:00:00,114.9942247178973
2024-03-24 18:00:00,96.74035943658546
2024-03-24 19:00:00,96.62985037259695
2024-03-24 20:00:00,108.4514549471864
2024-03-24 21:00:00,103.8355509343903
2024-03-24 22:00:00,122.2163194143187
2024-03-24 23:00:00,138.1972939891575
2024-03-25 00:00:00,124.4518474990883
2024-03-25 01:00:00,152.6005537722117
2024-03-25 02:00:00,154.0865209080925
2024-03-25 03:00:00,164.9485936284273
2024-03-25 04:00:00,161.6399776333182
2024-03-25 05:00:00,177.1852371290228
2024-03-25 06:00:00,180.8026395243444
2024-03-25 07:00:00,174.950076652063
2024-03-25 08:00:00,182.8725982815409
2024-03-25 09:00:00,165.6200238199882
2024-03-25 10:00:00,172.5733373210067
2024-03-25 11:00:00,144.5774085127838
2024-03-25 12:00:00,135.5270873782768
2024-03-25 13:00:00,155.9288541944527
2024-03-25 14:00:00,126.720905524658
2024-03-25 15:00:00,125.258167514918
2024-03-25 16:00:00,132.0698692657716
2024-03-25 17:00:00,123.6235109977838
2024-03-25 18:00:00,118.642239249714
2024-03-25 19:00:00,128.858952920235
2024-03-25 20:00:00,128.1933856895291
2024-03-25 21:00:00,120.6538168807207
2024-03-25 22:00:00,129.1363132554267
2024-03-25 23:00:00,152.1978700999078
2024-03-26 00:00:00,162.140349970695
2024-03-26 01:00:00,147.1535331838829
2024-03-26 02:00:00,171.7236566389339
2024-03-26 03:00:00,166.4110425171536
2024-03-26 04:00:00,173.5145244840674
2024-03-26 05:00:00,192.7591554552816
2024-03-26 06:00:00,187.8759773035019
2024-03-26 07:00:00,168.3521409804405
2024-03-26 08:00:00,173.2220921365909
2024-03-26 09:00:00,175.1081892008786
2024-03-26 10:00:00,172.9488220314165
2024-03-26 11:00:00,146.707336988426
2024-03-26 12:00:00,139.746046902016
2024-03-26 13:00:00,142.3162587358296
2024-03-26 14:00:00,143.8139527897241
2024-03-26 15:00:00,135.3302379713229
2024-03-26 16:00:00,119.2712138570702
2024-03-26 17:00:00,137.5989899350177
2024-03-26 18:00:00,125.2888292967207
2024-03-26 19:00:00,117.7333534631654
2024-03-26 20:00:00,123.1223451419035
2024-03-26 21:00:00,138.9553449033553
2024-03-26 22:00:00,160.6713624639342
2024-03-26 23:00:00,142.0993380265516
2024-03-27 00:00:00,158.8054611498029
2024-03-27 01:00:00,164.3667330094089
2024-03-27 02:00:00,175.125075098075
2024-03-27 03:00:00,180.0703207247236
2024-03-27 04:00:00,201.3009715088951
2024-03-27 05:00:00,198.7529855403182
2024-03-27 06:00:00,180.7490741719478
2024-03-27 07:00:00,195.1128156521333
2024-03-27 08:00:00,188.6771640098564
2024-03-27 09:00:00,162.6701185746846
2024-03-27 10:00:00,152.3679069698585
2024-03-27 11:00:00,153.9092529379087
2024-03-27 12:00:00,145.4719127717496
2024-03-27 13:00:00,135.9259123035662
2024-03-27 14:00:00,142.1346944183327
2024-03-27 15:00:00,117.8805676194401
2024-03-27 16:00:00,129.900692956475
2024-03-27 17:00:00,124.562708199888
2024-03-27 18:00:00,111.4251327362351
2024-03-27 19:00:00,128.1007552491765
2024-03-27 20:00:00,119.8829793114515
2024-03-27 21:00:00,117.8949050643214
2024-03-27 22:00:00,138.693756314043
2024-03-27 23:00:00,138.9126372042327
2024-03-28 00:00:00,135.4246621546913
2024-03-28 01:00:00,149.1509513548805
2024-03-28 02:00:00,145.7611289877543
2024-03-28 03:00:00,156.4467820681048
2024-03-28 04:00:00,179.9606492725362
2024-03-28 05:00:00,163.1071518809709
2024-03-28 06:00:00,178.2945847749533
2024-03-28 07:00:00,173.8437268168944
2024-03-28 08:00:00,165.1534749154222
2024-03-28 09:00:00,148.5267076850394
2024-03-28 10:00:00,159.1456798072847
2024-03-28 11:00:00,149.9530362478762
2024-03-28 12:00:00,133.9805778682833
2024-03-28 13:00:00,127.7772734097477
2024-03-28 14:00:00,121.176953576529
2024-03-28 15:00:00,112.632230692259
2024-03-28 16:00:00,103.5946997008264
2024-03-28 17:00:00,104.3510606368578
2024-03-28 18:00:00,97.91582107233225
2024-03-28 19:00:00,96.00543598442869
2024-03-28 20:00:00,93.3631626026558
2024-03-28 21:00:00,113.193966278202
2024-03-28 22:00:00,115.7531628483921
2024-03-28 23:00:00,110.6412603321348
2024-03-29 00:00:00,112.3754394062787
2024-03-29 01:00:00,128.7491088444434
2024-03-29 02:00:00,137.2765963596536
2024-03-29 03:00:00,134.3976256154558
2024-03-29 04:00:00,155.4323994095433
2024-03-29 05:00:00,163.1112456732428
2024-03-29 06:00:00,152.1954471117026
2024-03-29 07:00:00,148.3703147235276
2024-03-29 08:00:00,142.4680725214488
2024-03-29 09:00:00,152.2070303857149
2024-03-29 10:00:00,146.2250464291976
2024-03-29 11:00:00,131.4093638510297
2024-03-29 12:00:00,136.1957367357776
2024-03-29 13:00:00,126.9674713657937
2024-03-29 14:00:00,113.8144172441286
2024-03-29 15:00:00,99.83659208022685
2024-03-29 16:00:00,93.85512192094492
2024-03-29 17:00:00,93.06339414863497
2024-03-29 18:00:00,98.56248350190492
2024-03-29 19:00:00,85.9337057638693
2024-03-29 20:00:00,87.01366993652235
2024-03-29 21:00:00,99.30950248539162
2024-03-29 22:00:00,97.01387006183738
2024-03-29 23:00:00,116.7835547172343
2024-03-30 00:00:00,106.2561853261229
2024-03-30 01:00:00,119.2257551530484
2024-03-30 02:00:00,137.6976375687593
2024-03-30 03:00:00,140.8047016932113
2024-03-30 04:00:00,144.3672804329449
2024-03-30 05:00:00,155.4582682168098
2024-03-30 06:00:00,134.6655182023123
2024-03-30 07:00:00,163.0837239380158
2024-03-30 08:00:00,143.4195032702214
2024-03-30 09:00:00,133.4924587524061
2024-03-30 10:00:00,140.3658835681026
2024-03-30 11:00:00,138.2393567311614
2024-03-30 12:00:00,116.4616665136635
2024-03-30 13:00:00,121.3440409831627
2024-03-30 14:00:00,113.1885882232087
2024-03-30 15:00:00,96.16837137298022
2024-03-30 16:00:00,91.61876489100071
2024-03-30 17:00:00,90.51953558410895
2024-03-30 18:00:00,101.4943779921917
2024-03-30 19:00:00,84.94208335394654
2024-03-30 20:00:00,89.9759299077552
2024-03-30 21:00:00,96.71220484667313
2024-03-30 22:00:00,106.7814477761175
2024-03-30 23:00:00,116.7826997597322
2024-03-31 00:00:00,116.5010081578514
2024-03-31 01:00:00,138.6102255750734
2024-03-31 02:00:00,127.1361654577469
2024-03-31 03:00:00,137.6965536833605
2024-03-31 04:00:00,161.4798463323577
2024-03-31 05:00:00,143.3211711488968
2024-03-31 06:00:00,171.8320711633821
2024-03-31 07:00:00,159.8104514328759
2024-03-31 08:00:00,152.0984323251088
2024-03-31 09:00:00,153.8879127003742
2024-03-31 10:00:00,138.3624328219425
2024-03-31 11:00:00,134.4842935448617
2024-03-31 12:00:00,120.6366245773348
2024-03-31 13:00:00,119.4930402911478
2024-03-31 14:00:00,122.3413600403617
2024-03-31 15:00:00,122.2650458330339
2024-03-31 16:00:00,102.5602981171377
2024-03-31 17:00:00,98.90012369017545
2024-03-31 18:00:00,111.905852529979
2024-03-31 19:00:00,104.5593891693746
2024-03-31 20:00:00,121.6603809101449
2024-03-31 21:00:00,128.0775939061165
2024-03-31 22:00:00,133.0483786759421
2024-03-31 23:00:00,145.5621714331514
2024-04-01 00:00:00,161.9857065979459
2024-04-01 01:00:00,159.0384470878844
2024-04-01 02:00:00,156.031955722259
2024-04-01 03:00:00,159.5495252259036
2024-04-01 04:00:00,168.1936033812741
2024-04-01 05:00:00,182.556582446306
2024-04-01 06:00:00,159.693320618267
2024-04-01 07:00:00,186.520223461307
2024-04-01 08:00:00,168.9349077248936
2024-04-01 09:00:00,178.4966577941224
2024-04-01 10:00:00,147.6216516644209
2024-04-01 11:00:00,142.6947554082802
2024-04-01 12:00:00,131.0646052320397
2024-04-01 13:00:00,146.5494206251135
2024-04-01 14:00:00,142.4829435280056
2024-04-01 15:00:00,120.9711400123259
2024-04-01 16:00:00,114.5744227601402
2024-04-01 17:00:00,130.3018506169109
2024-04-01 18:00:00,132.3673007337187
2024-04-01 19:00:00,123.8650706686245
2024-04-01 20:00:00,133.547080322926
2024-04-01 21:00:00,140.6558611717669
2024-04-01 22:00:00,131.4507893767586
2024-04-01 23:00:00,152.9362941866431
2024-04-02 00:00:00,167.305507727894
2024-04-02 01:00:00,153.9857646304378
2024-04-02 02:00:00,170.0667684897211
2024-04-02 03:00:00,190.0351046557595
2024-04-02 04:00:00,170.9285398629596
2024-04-02 05:00:00,185.4765943785293
2024-04-02 06:00:00,197.391864896907
2024-04-02 07:00:00,198.9119741394148
2024-04-02 08:00:00,174.7842866601113
2024-04-02 09:00:00,184.8940166958498
2024-04-02 10:00:00,154.7788820190518
2024-04-02 11:00:00,177.9910420226949
2024-04-02 12:00:00,157.6204026576183
2024-04-02 13:00:00,158.7289147530361
2024-04-02 14:00:00,140.8986463073831
2024-04-02 15:00:00,135.8994749989361
2024-04-02 16:00:00,118.8668621857545
2024-04-02 17:00:00,120.0915827617983
2024-04-02 18:00:00,129.9771908334847
2024-04-02 19:00:00,119.8268320272753
2024-04-02 20:00:00,136.5227549862008
2024-04-02 21:00:00,134.2889811515551
2024-04-02 22:00:00,148.357117517851
2024-04-02 23:00:00,157.4851641373163
2024-04-03 00:00:00,158.7956810212233
2024-04-03 01:00:00,158.8003774232504
2024-04-03 02:00:00,169.6331296568707
2024-04-03 03:00:00,198.0134929665468
2024-04-03 04:00:00,190.8930592900608
2024-04-03 05:00:00,177.2969603595068
2024-04-03 06:00:00,175.4041147178848
2024-04-03 07:00:00,167.0548466290367
2024-04-03 08:00:00,183.8549268104152
2024-04-03 09:00:00,156.0109045615346
2024-04-03 10:00:00,158.3128727518914
2024-04-03 11:00:00,153.5076631875487
2024-04-03 12:00:00,144.1335111202752
2024-04-03 13:00:00,130.6949001106894
2024-04-03 14:00:00,138.2761335316778
2024-04-03 15:00:00,138.3778442304042
2024-04-03 16:00:00,129.1870105207907
2024-04-03 17:00:00,125.9083513292969
2024-04-03 18:00:00,112.978290057503
2024-04-03 19:00:00,113.2201403444716
2024-04-03 20:00:00,128.5225727693069
2024-04-03 21:00:00,127.0945779469097
2024-04-03 22:00:00,148.0597347516877
2024-04-03 23:00:00,148.6964013167922
2024-04-04 00:00:00,142.7157233340272
2024-04-04 01:00:00,147.2123138913051
2024-04-04 02:00:00,171.288304271975
2024-04-04 03:00:00,182.9139966760333
2024-04-04 04:00:00,157.9960217863552
2024-04-04 05:00:00,181.6585509043091
2024-04-04 06:00:00,169.2029323941086
2024-04-04 07:00:00,168.7781240454768
2024-04-04 08:00:00,180.0659649572718
2024-04-04 09:00:00,161.8953941700564
2024-04-04 10:00:00,142.075760606555
2024-04-04 11:00:00,129.0354022699866
2024-04-04 12:00:00,135.6639762464162
2024-04-04 13:00:00,121.0453748262546
2024-04-04 14:00:00,107.9530650975841
2024-04-04 15:00:00,108.3350090971631
2024-04-04 16:00:00,111.7372317165982
2024-04-04 17:00:00,105.8878029889885
2024-04-04 18:00:00,111.1638656695385
2024-04-04 19:00:00,100.590834282175
2024-04-04 20:00:00,116.6986025395002
2024-04-04 21:00:00,115.1989849250804
2024-04-04 22:00:00,128.7890976877828
2024-04-04 23:00:00,121.2108669434181
2024-04-05 00:00:00,143.3657631556394
2024-04-05 01:00:00,124.2355073293568
2024-04-05 02:00:00,134.5666298601912
2024-04-05 03:00:00,163.2255621892196
2024-04-05 04:00:00,145.0731399569311
2024-04-05 05:00:00,154.8881407626361
2024-04-05 06:00:00,166.1761305730433
2024-04-05 07:00:00,158.179311561684
2024-04-05 08:00:00,155.7769005167252
2024-04-05 09:00:00,132.3107248655992
2024-04-05 10:00:00,140.9426366593558
2024-04-05 11:00:00,120.0283394551465
2024-04-05 12:00:00,111.5442119920062
2024-04-05 13:00:00,107.3307828129498
2024-04-05 14:00:00,106.5176263126039
2024-04-05 15:00:00,97.34867789534927
2024-04-05 16:00:00,90.0661958113607
2024-04-05 17:00:00,86.84475275620035
2024-04-05 18:00:00,85.41845277886436
2024-04-05 19:00:00,93.64839109851819
2024-04-05 20:00:00,99.11001929851825
2024-04-05 21:00:00,107.5502283609999
2024-04-05 22:00:00,110.2901212083292
2024-04-05 23:00:00,119.0932236460066
2024-04-06 00:00:00,110.3904363494162
2024-04-06 01:00:00,121.5024877921358
2024-04-06 02:00:00,134.4692525718411
2024-04-06 03:00:00,132.6687538067767
2024-04-06 04:00:00,142.0607455999337
2024-04-06 05:00:00,150.9711696325406
2024-04-06 06:00:00,138.5217356576622
2024-04-06 07:00:00,140.8035091318274
2024-04-06 08:00:00,156.542679571007
2024-04-06 09:00:00,125.4661139507278
2024-04-06 10:00:00,128.6175939938435
2024-04-06 11:00:00,118.1931128149737
2024-04-06 12:00:00,125.0237665543766
2024-04-06 13:00:00,107.8017379211286
2024-04-06 14:00:00,93.21687248004989
2024-04-06 15:00:00,95.168702428101
2024-04-06 16:00:00,84.0028255568223
2024-04-06 17:00:00,97.16239278144158
2024-04-06 18:00:00,97.882613071416
2024-04-06 19:00:00,91.70930115225408
2024-04-06 20:00:00,99.42791333624568
2024-04-06 21:00:00,90.14517451771394
2024-04-06 22:00:00,96.24197818923054
2024-04-06 23:00:00,106.8506024490877
2024-04-07 00:00:00,118.8831620890744
2024-04-07 01:00:00,124.5466087218513
2024-04-07 02:00:00,150.3706162942108
2024-04-07 03:00:00,130.7519563703831
2024-04-07 04:00:00,156.1576512211621
2024-04-07 05:00:00,163.8204231263582
2024-04-07 06:00:00,152.0457823314594
2024-04-07 07:00:00,146.5214990869356
2024-04-07 08:00:00,149.460412942712
2024-04-07 09:00:00,157.6940662074412
2024-04-07 10:00:00,146.8327726949358
2024-04-07 11:00:00,122.2705478417627
2024-04-07 12:00:00,116.9722793938017
2024-04-07 13:00:00,113.0798239609726
2024-04-07 14:00:00,121.5057984166888
2024-04-07 15:00:00,106.9258793206145
2024-04-07 16:00:00,113.5542720853428
2024-04-07 17:00:00,92.77651064246785
2024-04-07 18:00:00,92.63042742608907
2024-04-07 19:00:00,110.1561312834392
2024-04-07 20:00:00,108.6481262257535
2024-04-07 21:00:00,106.6508290856207
2024-04-07 22:00:00,122.1073635296591
2024-04-07 23:00:00,132.2569874429751
2024-04-08 00:00:00,139.0097131306356
2024-04-08 01:00:00,154.8037727598744
2024-04-08 02:00:00,141.1689305038225
2024-04-08 03:00:00,166.930103597978
2024-04-08 04:00:00,175.2636307834246
2024-04-08 05:00:00,181.655894444058
2024-04-08 06:00:00,186.6909991744031
2024-04-08 07:00:00,185.0594889958757
2024-04-08 08:00:00,154.352385338287
2024-04-08 09:00:00,156.5310103742897
2024-04-08 10:00:00,164.3145776317327
2024-04-08 11:00:00,167.0380418834054
2024-04-08 12:00:00,156.7766754167186
2024-04-08 13:00:00,129.3405078064452
2024-04-08 14:00:00,119.8597432754056
2024-04-08 15:00:00,117.2444918234309
2024-04-08 16:00:00,128.3114487967905
2024-04-08 17:00:00,115.7350300869896
2024-04-08 18:00:00,124.2341638335827
2024-04-08 19:00:00,118.6140460207633
2024-04-08 20:00:00,112.7977538377425
2024-04-08 21:00:00,118.254066909095
2024-04-08 22:00:00,130.8592094508818
2024-04-08 23:00:00,129.5864939936489
2024-04-09 00:00:00,142.3645217089407
2024-04-09 01:00:00,165.9680815366158
2024-04-09 02:00:00,166.113205810195
2024-04-09 03:00:00,164.7257950609014
2024-04-09 04:00:00,180.329506773115
2024-04-09 05:00:00,186.8318495548858
2024-04-09 06:00:00,190.634950258574
2024-04-09 07:00:00,173.4830969907686
2024-04-09 08:00:00,168.7736140255516
2024-04-09 09:00:00,184.477679367717
2024-04-09 10:00:00,159.9437961019122
2024-04-09 11:00:00,153.0344603160485
2024-04-09 12:00:00,167.6474666067202
2024-04-09 13:00:00,149.7708345696232
2024-04-09 14:00:00,134.4173585169511
2024-04-09 15:00:00,123.0639827844629
2024-04-09 16:00:00,119.5761391595379
2024-04-09 17:00:00,115.7063187900423
2024-04-09 18:00:00,133.6793528908839
2024-04-09 19:00:00,136.1368806640709
2024-04-09 20:00:00,128.9985449482351
2024-04-09 21:00:00,135.647188904809
2024-04-09 22:00:00,136.9995051545347
2024-04-09 23:00:00,158.1985363500797
2024-04-10 00:00:00,151.5164490864219
2024-04-10 01:00:00,146.4893696231373
2024-04-10 02:00:00,153.6068242899184
2024-04-10 03:00:00,158.3500406170086
2024-04-10 04:00:00,183.4953074715471
2024-04-10 05:00:00,187.1177365926899
2024-04-10 06:00:00,177.2071215668932
2024-04-10 07:00:00,199.1703491218639
2024-04-10 08:00:00,192.5275972468553
2024-04-10 09:00:00,184.1437399939302
2024-04-10 10:00:00,161.3763564339988
2024-04-10 11:00:00,159.5652964357615
2024-04-10 12:00:00,166.8682235259973
2024-04-10 13:00:00,140.4620486377843
2024-04-10 14:00:00,133.4209942432152
2024-04-10 15:00:00,120.7595488226768
2024-04-10 16:00:00,115.5508644877295
2024-04-10 17:00:00,133.3346688117621
2024-04-10 18:00:00,117.1261810074593
2024-04-10 19:00:00,124.5401258108923
2024-04-10 20:00:00,119.8294420258731
2024-04-10 21:00:00,123.5224380694081
2024-04-10 22:00:00,114.3822971922054
2024-04-10 23:00:00,128.6344271485461
2024-04-11 00:00:00,131.2728069155564
2024-04-11 01:00:00,157.3355129253627
2024-04-11 02:00:00,148.048500094999
2024-04-11 03:00:00,170.4433701133468
2024-04-11 04:00:00,149.3306535648403
2024-04-11 05:00:00,171.6315587139369
2024-04-11 06:00:00,165.8413196474903
2024-04-11 07:00:00,173.3177881600348
2024-04-11 08:00:00,158.2013323083845
2024-04-11 09:00:00,158.3318226413453
2024-04-11 10:00:00,170.2353034086565
2024-04-11 11:00:00,144.1270864343889
2024-04-11 12:00:00,131.8393042513452
2024-04-11 13:00:00,123.7215213874598
2024-04-11 14:00:00,132.9195313534033
2024-04-11 15:00:00,124.1609560920526
2024-04-11 16:00:00,101.0950308792838
2024-04-11 17:00:00,94.69868790607435
2024-04-11 18:00:00,107.1101085806175
2024-04-11 19:00:00,102.0474384015592
2024-04-11 20:00:00,107.4492785839011
2024-04-11 21:00:00,110.682244808358
2024-04-11 22:00:00,124.2136787686218
2024-04-11 23:00:00,124.7027309509261
2024-04-12 00:00:00,121.0542026995787
2024-04-12 01:00:00,132.5215949476535
2024-04-12 02:00:00,137.4063653252864
2024-04-12 03:00:00,153.2007034552244
2024-04-12 04:00:00,159.199429427659
2024-04-12 05:00:00,141.7447528070009
2024-04-12 06:00:00,153.9728619654381
2024-04-12 07:00:00,151.2551339845639
2024-04-12 08:00:00,155.597116919264
2024-04-12 09:00:00,148.9757530916459
2024-04-12 10:00:00,126.2761248173144
2024-04-12 11:00:00,123.6132012429941
2024-04-12 12:00:00,114.9266679927079
2024-04-12 13:00:00,116.4931709311011
2024-04-12 14:00:00,104.2069049409934
2024-04-12 15:00:00,95.32222772224046
2024-04-12 16:00:00,92.70916287019506
2024-04-12 17:00:00,90.74111654887999
2024-04-12 18:00:00,92.57907392457365
2024-04-12 19:00:00,84.92443221805551
2024-04-12 20:00:00,94.3596408783638
2024-04-12 21:00:00,93.6294744320642
2024-04-12 22:00:00,100.2890449505346
2024-04-12 23:00:00,98.94358934684533
2024-04-13 00:00:00,111.0874207635767
2024-04-13 01:00:00,129.0917902862204
2024-04-13 02:00:00,124.3003993948423
2024-04-13 03:00:00,131.128419210492
2024-04-13 04:00:00,137.3284362560569
2024-04-13 05:00:00,130.1660309827255
2024-04-13 06:00:00,153.5636164092649
2024-04-13 07:00:00,153.9503198710287
2024-04-13 08:00:00,133.4381249797979
2024-04-13 09:00:00,135.3443707098459
2024-04-13 10:00:00,125.0584030792551
2024-04-13 11:00:00,132.2443051873842
2024-04-13 12:00:00,106.6122935263295
2024-04-13 13:00:00,106.2692126350632
2024-04-13 14:00:00,109.6239927161441
2024-04-13 15:00:00,99.10685865995801
2024-04-13 16:00:00,84.50942493580719
2024-04-13 17:00:00,78.64751435152402
2024-04-13 18:00:00,79.53115348318846
2024-04-13 19:00:00,86.20161540857211
2024-04-13 20:00:00,94.84747399682247
2024-04-13 21:00:00,100.2490239131116
2024-04-13 22:00:00,95.46349785619009
2024-04-13 23:00:00,103.5843013173726
2024-04-14 00:00:00,111.4887863132102
2024-04-14 01:00:00,119.4492412010521
2024-04-14 02:00:00,148.2986955994805
2024-04-14 03:00:00,146.4231849366826
2024-04-14 04:00:00,146.4880424324276
2024-04-14 05:00:00,158.7621871244108
2024-04-14 06:00:00,149.0899750376767
2024-04-14 07:00:00,160.9528388747249
2024-04-14 08:00:00,138.7664994319815
2024-04-14 09:00:00,129.1655161670268
2024-04-14 10:00:00,125.3253841350282
2024-04-14 11:00:00,122.0139418820952
2024-04-14 12:00:00,118.0634750665961
2024-04-14 13:00:00,104.5655389586705
2024-04-14 14:00:00,99.06485183986376
2024-04-14 15:00:00,101.0863828760059
2024-04-14 16:00:00,95.24869414264649
2024-04-14 17:00:00,103.8131791118652
2024-04-14 18:00:00,94.56528527647438
2024-04-14 19:00:00,108.9357685385004
2024-04-14 20:00:00,114.4261095925596
2024-04-14 21:00:00,115.4515216449283
2024-04-14 22:00:00,118.743720039327
2024-04-14 23:00:00,136.4419533228276
2024-04-15 00:00:00,131.9195030416706
2024-04-15 01:00:00,151.2573788335058
2024-04-15 02:00:00,137.0739313608516
2024-04-15 03:00:00,163.71306817604
2024-04-15 04:00:00,166.7722132362815
2024-04-15 05:00:00,168.2066260361514
2024-04-15 06:00:00,177.5041901891976
2024-04-15 07:00:00,167.4020049715916
2024-04-15 08:00:00,177.662273397029
2024-04-15 09:00:00,152.0117963929862
2024-04-15 10:00:00,158.5091807404421
2024-04-15 11:00:00,153.9273090473706
2024-04-15 12:00:00,154.4489948869561
2024-04-15 13:00:00,135.415789929223
2024-04-15 14:00:00,123.2659900438976
2024-04-15 15:00:00,133.2758446382552
2024-04-15 16:00:00,120.4749549186485
2024-04-15 17:00:00,108.5801123100522
2024-04-15 18:00:00,120.3861389003061
2024-04-15 19:00:00,111.1893529965289
2024-04-15 20:00:00,115.7568213485859
2024-04-15 21:00:00,122.1913313952064
2024-04-15 22:00:00,125.7700861175998
2024-04-15 23:00:00,124.7515289270729
2024-04-16 00:00:00,134.6650424656061
2024-04-16 01:00:00,149.9461957346023
2024-04-16 02:00:00,142.3963051851181
2024-04-16 03:00:00,158.1339415377582
2024-04-16 04:00:00,158.7568490576673
2024-04-16 05:00:00,192.0760388395945
2024-04-16 06:00:00,165.0559386304045
2024-04-16 07:00:00,197.0274630036695
2024-04-16 08:00:00,164.4551760141954
2024-04-16 09:00:00,175.20306966824
2024-04-16 10:00:00,186.6881762438462
2024-04-16 11:00:00,170.0052667703232
2024-04-16 12:00:00,155.3164222250028
2024-04-16 13:00:00,147.7949748892625
2024-04-16 14:00:00,140.303415336096
2024-04-16 15:00:00,129.5763054426089
2024-04-16 16:00:00,134.0305257811374
2024-04-16 17:00:00,137.1249094280932
2024-04-16 18:00:00,121.88783630078
2024-04-16 19:00:00,114.8944015737699
2024-04-16 20:00:00,122.4095833026824
2024-04-16 21:00:00,129.5466630431078
2024-04-16 22:00:00,130.455161707497
2024-04-16 23:00:00,143.0524912854112
2024-04-17 00:00:00,150.97603020067
2024-04-17 01:00:00,139.9711387497075
2024-04-17 02:00:00,149.0290462136537
2024-04-17 03:00:00,162.565358816512
2024-04-17 04:00:00,189.7728785452467
2024-04-17 05:00:00,161.3916277923171
2024-04-17 06:00:00,190.0218012903494
2024-04-17 07:00:00,196.2385455461476
2024-04-17 08:00:00,162.2354894623487
2024-04-17 09:00:00,190.7967701518711
2024-04-17 10:00:00,165.0527347330905
2024-04-17 11:00:00,159.7961554810958
2024-04-17 12:00:00,169.0874867282444
2024-04-17 13:00:00,157.7444717365449
2024-04-17 14:00:00,133.5277511941594
2024-04-17 15:00:00,134.3672855756409
2024-04-17 16:00:00,112.8903471839354
2024-04-17 17:00:00,109.9260981103581
2024-04-17 18:00:00,120.7406023230798
2024-04-17 19:00:00,121.9861413895446
2024-04-17 20:00:00,109.0373768222648
2024-04-17 21:00:00,107.1534355582863
2024-04-17 22:00:00,114.592444100743
2024-04-17 23:00:00,133.683981742746
2024-04-18 00:00:00,138.1286077728575
2024-04-18 01:00:00,152.1836757063775
2024-04-18 02:00:00,138.9204858674681
2024-04-18 03:00:00,161.2765247208169
2024-04-18 04:00:00,162.0459261401125
2024-04-18 05:00:00,172.6920731236054
2024-04-18 06:00:00,154.3468216832966
2024-04-18 07:00:00,170.9457391363963
2024-04-18 08:00:00,172.1045739532112
2024-04-18 09:00:00,151.302116340388
2024-04-18 10:00:00,140.2329625210042
2024-04-18 11:00:00,131.8421749544097
2024-04-18 12:00:00,131.5994573630449
2024-04-18 13:00:00,130.2977482041067
2024-04-18 14:00:00,122.9637202653216
2024-04-18 15:00:00,109.1924061114671
2024-04-18 16:00:00,99.61704887209866
2024-04-18 17:00:00,107.0258804917211
2024-04-18 18:00:00,105.8872842174616
2024-04-18 19:00:00,101.7588869722201
2024-04-18 20:00:00,104.3669342926025
2024-04-18 21:00:00,112.6550295336208
2024-04-18 22:00:00,107.9707319041166
2024-04-18 23:00:00,117.4891835478792
2024-04-19 00:00:00,115.1409268791964
2024-04-19 01:00:00,118.8563611613514
2024-04-19 02:00:00,142.565824163875
2024-04-19 03:00:00,129.9973850212303
2024-04-19 04:00:00,138.772103788689
2024-04-19 05:00:00,157.651132240282
2024-04-19 06:00:00,154.4495054791262
2024-04-19 07:00:00,161.2162882256639
2024-04-19 08:00:00,149.6621956078446
2024-04-19 09:00:00,137.9298039430871
2024-04-19 10:00:00,139.9862405220758
2024-04-19 11:00:00,124.6628392501241
2024-04-19 12:00:00,127.0826047409444
2024-04-19 13:00:00,103.8245203914261
2024-04-19 14:00:00,99.01317407517368
2024-04-19 15:00:00,92.95444650987842
2024-04-19 16:00:00,94.87277603768457
2024-04-19 17:00:00,93.2184908149722
2024-04-19 18:00:00,83.12852200682323
2024-04-19 19:00:00,77.60395781383644
2024-04-19 20:00:00,80.84705507497858
2024-04-19 21:00:00,85.12878159177691
2024-04-19 22:00:00,86.58622686439496
2024-04-19 23:00:00,98.74453106191251
2024-04-20 00:00:00,97.54543499178797
2024-04-20 01:00:00,120.6811272831797
2024-04-20 02:00:00,119.0864546969685
2024-04-20 03:00:00,122.8932679279031
2024-04-20 04:00:00,134.8328159261628
2024-04-20 05:00:00,147.4059126702055
2024-04-20 06:00:00,135.4689321447492
2024-04-20 07:00:00,134.8897411785605
2024-04-20 08:00:00,142.4119938306173
2024-04-20 09:00:00,140.4270775746496
2024-04-20 10:00:00,120.7757416569233
2024-04-20 11:00:00,129.9475598741386
2024-04-20 12:00:00,110.6677319344204
2024-04-20 13:00:00,111.6995055599598
2024-04-20 14:00:00,91.72865406678511
2024-04-20 15:00:00,90.24239931088816
2024-04-20 16:00:00,86.99894494543204
2024-04-20 17:00:00,88.22118946676588
2024-04-20 18:00:00,92.56022388561503
2024-04-20 19:00:00,81.77827520194113
2024-04-20 20:00:00,85.39953304132975
2024-04-20 21:00:00,94.60108577715738
2024-04-20 22:00:00,91.06009091522415
2024-04-20 23:00:00,107.447141923425
2024-04-21 00:00:00,109.8035249782243
2024-04-21 01:00:00,134.6368281053327
2024-04-21 02:00:00,143.4234119897142
2024-04-21 03:00:00,138.3133429847974
2024-04-21 04:00:00,143.9244924998582
2024-04-21 05:00:00,139.682148771885
2024-04-21 06:00:00,142.019845487322
2024-04-21 07:00:00,135.7791731857316
2024-04-21 08:00:00,153.0672758875778
2024-04-21 09:00:00,139.6646070610469
2024-04-21 10:00:00,133.6134053266185
2024-04-21 11:00:00,127.0202877834063
2024-04-21 12:00:00,121.5931266626349
2024-04-21 13:00:00,120.1846735665791
2024-04-21 14:00:00,114.149599564035
2024-04-21 15:00:00,116.1569585920534
2024-04-21 16:00:00,93.86926308794362
2024-04-21 17:00:00,90.61186699108204
2024-04-21 18:00:00,91.18359118977607
2024-04-21 19:00:00,106.0009825915561
2024-04-21 20:00:00,102.2112304198804
2024-04-21 21:00:00,98.24461509221076
2024-04-21 22:00:00,107.5337780559619
2024-04-21 23:00:00,132.5714715481532
2024-04-22 00:00:00,120.5198348916589
2024-04-22 01:00:00,136.7656146147171
2024-04-22 02:00:00,150.8696559565865
2024-04-22 03:00:00,159.0787591012188
2024-04-22 04:00:00,161.9577972697732
2024-04-22 05:00:00,156.4112335192455
2024-04-22 06:00:00,173.5502281337666
2024-04-22 07:00:00,171.8380926591985
2024-04-22 08:00:00,165.3903673560727
2024-04-22 09:00:00,156.7898261137545
2024-04-22 10:00:00,149.7442654303238
2024-04-22 11:00:00,149.7685044855135
2024-04-22 12:00:00,130.3220469104593
2024-04-22 13:00:00,120.5812017076812
2024-04-22 14:00:00,127.8605589280885
2024-04-22 15:00:00,125.9134438288029
2024-04-22 16:00:00,118.8005462809909
2024-04-22 17:00:00,104.435322426128
2024-04-22 18:00:00,105.7652705498271
2024-04-22 19:00:00,119.234176583238
2024-04-22 20:00:00,114.0489070489233
2024-04-22 21:00:00,115.4871921263818
2024-04-22 22:00:00,134.314965478171
2024-04-22 23:00:00,131.7948478608754
2024-04-23 00:00:00,151.8323686304954
2024-04-23 01:00:00,160.3270303118606
2024-04-23 02:00:00,173.7394512082246
2024-04-23 03:00:00,158.9598424320457
2024-04-23 04:00:00,172.8897038345916
2024-04-23 05:00:00,189.2795524834818
2024-04-23 06:00:00,175.2705290102186
2024-04-23 07:00:00,172.849679071859
2024-04-23 08:00:00,190.2585374201236
2024-04-23 09:00:00,179.873674453911
2024-04-23 10:00:00,174.4821619560759
2024-04-23 11:00:00,149.6057316409548
2024-04-23 12:00:00,140.6799503244308
2024-04-23 13:00:00,138.4749024354505
2024-04-23 14:00:00,142.5699567853272
2024-04-23 15:00:00,136.950358745
2024-04-23 16:00:00,122.6691221635081
2024-04-23 17:00:00,111.7718138641348
2024-04-23 18:00:00,115.3053982741349
2024-04-23 19:00:00,117.2901697273804
2024-04-23 20:00:00,131.0215243413311
2024-04-23 21:00:00,116.4416360944798
2024-04-23 22:00:00,130.6253698513863
2024-04-23 23:00:00,151.2013892824527
2024-04-24 00:00:00,142.4606939852175
2024-04-24 01:00:00,147.0348646422742
2024-04-24 02:00:00,157.3719195163898
2024-04-24 03:00:00,159.5843652772673
2024-04-24 04:00:00,182.8047620436388
2024-04-24 05:00:00,169.1421116921915
2024-04-24 06:00:00,188.7902374359384
2024-04-24 07:00:00,175.6013968745433
2024-04-24 08:00:00,160.3033196724615
2024-04-24 09:00:00,159.3346662484731
2024-04-24 10:00:00,151.4668652801621
2024-04-24 11:00:00,171.1181050840871
2024-04-24 12:00:00,143.8078676764995
2024-04-24 13:00:00,141.5261690337203
2024-04-24 14:00:00,138.597780716417
2024-04-24 15:00:00,126.6037107229863
2024-04-24 16:00:00,123.4609716507824
2024-04-24 17:00:00,115.9338264915083
2024-04-24 18:00:00,106.0841566689951
2024-04-24 19:00:00,119.8269799230648
2024-04-24 20:00:00,121.3959030871188
2024-04-24 21:00:00,115.9699154088266
2024-04-24 22:00:00,131.1192699455054
2024-04-24 23:00:00,120.2050768470116
2024-04-25 00:00:00,126.5809401048306
2024-04-25 01:00:00,136.7137622364478
2024-04-25 02:00:00,158.8899753610158
2024-04-25 03:00:00,145.7181472268028
2024-04-25 04:00:00,150.5666518456002
2024-04-25 05:00:00,158.3780929704629
2024-04-25 06:00:00,156.3091398771247
2024-04-25 07:00:00,174.8916570862313
2024-04-25 08:00:00,147.0526179781348
2024-04-25 09:00:00,158.2521614555419
2024-04-25 10:00:00,148.3813115174866
2024-04-25 11:00:00,127.9425723727294
2024-04-25 12:00:00,126.4982191328658
2024-04-25 13:00:00,112.379360380315
2024-04-25 14:00:00,118.0499154746424
2024-04-25 15:00:00,95.34162776360762
2024-04-25 16:00:00,95.45614099578489
2024-04-25 17:00:00,102.0876299780187
2024-04-25 18:00:00,100.7423154923142
2024-04-25 19:00:00,99.31093338762935
2024-04-25 20:00:00,101.3029573816303
2024-04-25 21:00:00,111.9606966878993
2024-04-25 22:00:00,102.3645516050956
2024-04-25 23:00:00,109.8655922680244
2024-04-26 00:00:00,133.6914565456727
2024-04-26 01:00:00,129.020668405258
2024-04-26 02:00:00,145.4475837587799
2024-04-26 03:00:00,156.0061646309349
2024-04-26 04:00:00,133.9659440278561
2024-04-26 05:00:00,134.2946276776749
2024-04-26 06:00:00,134.9610937583485
2024-04-26 07:00:00,155.3554795045918
2024-04-26 08:00:00,146.1602773246601
2024-04-26 09:00:00,142.6153459516946
2024-04-26 10:00:00,116.4743065316423
2024-04-26 11:00:00,120.801339721622
2024-04-26 12:00:00,106.6590663881935
2024-04-26 13:00:00,97.36157320659566
2024-04-26 14:00:00,86.78659149336481
2024-04-26 15:00:00,86.65942476321862
2024-04-26 16:00:00,89.3385514606814
2024-04-26 17:00:00,79.54562286585968
2024-04-26 18:00:00,78.11705371848245
2024-04-26 19:00:00,87.63850740987365
2024-04-26 20:00:00,88.6264603830679
2024-04-26 21:00:00,98.70378762850444
2024-04-26 22:00:00,90.1164158029718
2024-04-26 23:00:00,106.9603031665008
2024-04-27 00:00:00,102.3516098231503
2024-04-27 01:00:00,128.1642900151332
2024-04-27 02:00:00,128.7929809369013
2024-04-27 03:00:00,143.8156521947403
2024-04-27 04:00:00,134.1431279306312
2024-04-27 05:00:00,138.8904491116404
2024-04-27 06:00:00,133.566449567224
2024-04-27 07:00:00,123.4170263941231
2024-04-27 08:00:00,125.2421182289498
2024-04-27 09:00:00,128.2163277511115
2024-04-27 10:00:00,132.7039776080367
2024-04-27 11:00:00,105.996206954108
2024-04-27 12:00:00,111.4030923382822
2024-04-27 13:00:00,105.2746761827882
2024-04-27 14:00:00,103.5355553229505
2024-04-27 15:00:00,83.12684120661646
2024-04-27 16:00:00,89.52540117626368
2024-04-27 17:00:00,79.38739042419263
2024-04-27 18:00:00,84.15157336821302
2024-04-27 19:00:00,79.3943852229528
2024-04-27 20:00:00,80.58030734372848
2024-04-27 21:00:00,86.27834688707044
2024-04-27 22:00:00,87.49656748031819
2024-04-27 23:00:00,98.54550260480327
2024-04-28 00:00:00,117.5358968002362
2024-04-28 01:00:00,114.6741763374331
2024-04-28 02:00:00,118.543975903232
2024-04-28 03:00:00,137.7393145384715
2024-04-28 04:00:00,144.6411978982046
2024-04-28 05:00:00,144.9790819171289
2024-04-28 06:00:00,143.3045493449292
2024-04-28 07:00:00,131.9147508429929
2024-04-28 08:00:00,152.1191915170109
2024-04-28 09:00:00,132.3533935170498
2024-04-28 10:00:00,138.3285368525789
2024-04-28 11:00:00,114.0881395973533
2024-04-28 12:00:00,127.7911261618921
2024-04-28 13:00:00,120.5812049814008
2024-04-28 14:00:00,96.6412084583186
2024-04-28 15:00:00,102.8571416044026
2024-04-28 16:00:00,86.88050024493548
2024-04-28 17:00:00,86.88227368752989
2024-04-28 18:00:00,99.99312712375567
2024-04-28 19:00:00,104.3093650117974
2024-04-28 20:00:00,99.21138153192044
2024-04-28 21:00:00,98.38632491967476
2024-04-28 22:00:00,103.9842175612307
2024-04-28 23:00:00,120.3404827393907
2024-04-29 00:00:00,123.3017649577013
2024-04-29 01:00:00,143.1910271390252
2024-04-29 02:00:00,158.4690189343586
2024-04-29 03:00:00,142.0015885536094
2024-04-29 04:00:00,153.1998409021515
2024-04-29 05:00:00,148.077361725759
2024-04-29 06:00:00,154.454179433622
2024-04-29 07:00:00,157.3655884080034
2024-04-29 08:00:00,156.4691101086475
2024-04-29 09:00:00,147.7469298338014
2024-04-29 10:00:00,139.2142608863562
2024-04-29 11:00:00,146.7046440678805
2024-04-29 12:00:00,136.4361965491484
2024-04-29 13:00:00,126.9469493211981
2024-04-29 14:00:00,112.7468704449993
2024-04-29 15:00:00,116.26697088622
2024-04-29 16:00:00,102.0230816723591
2024-04-29 17:00:00,111.2139145570188
2024-04-29 18:00:00,118.4911263649752
2024-04-29 19:00:00,120.0928902822778
2024-04-29 20:00:00,119.7255089697951
2024-04-29 21:00:00,120.1364761884613
2024-04-29 22:00:00,111.8457069911996
2024-04-29 23:00:00,133.6198943551161
2024-04-30 00:00:00,144.1410796748702
2024-04-30 01:00:00,147.4431344138474
2024-04-30 02:00:00,149.1949538527722
2024-04-30 03:00:00,166.4451400017987
2024-04-30 04:00:00,175.436027619297
2024-04-30 05:00:00,184.1951592082796
2024-04-30 06:00:00,178.1870513768886
2024-04-30 07:00:00,185.5292474683235
2024-04-30 08:00:00,184.7283358664305
2024-04-30 09:00:00,167.7241459403753
2024-04-30 10:00:00,177.7474042000004
2024-04-30 11:00:00,167.3968013600253
2024-04-30 12:00:00,149.1676636516933
2024-04-30 13:00:00,140.436553238538
2024-04-30 14:00:00,143.6066686650008
2024-04-30 15:00:00,127.1145993100351
2024-04-30 16:00:00,125.1805646077307
2024-04-30 17:00:00,123.3950502689462
2024-04-30 18:00:00,112.5483544942338
2024-04-30 19:00:00,110.9260652147832
2024-04-30 20:00:00,118.9322331062358
2024-04-30 21:00:00,129.1716957395629
2024-04-30 22:00:00,123.7850485799479
2024-04-30 23:00:00,141.947569558436
2024-05-01 00:00:00,145.8254866996704
2024-05-01 01:00:00,158.8106813086073
2024-05-01 02:00:00,163.4331141323968
2024-05-01 03:00:00,167.5067626556848
2024-05-01 04:00:00,166.2684124153354
2024-05-01 05:00:00,178.4802931928315
2024-05-01 06:00:00,173.5643704047255
2024-05-01 07:00:00,191.2400144916851
2024-05-01 08:00:00,180.3691506172774
2024-05-01 09:00:00,176.445216261786
2024-05-01 10:00:00,152.9239540816495
2024-05-01 11:00:00,159.5450942564501
2024-05-01 12:00:00,133.3408562817564
2024-05-01 13:00:00,141.9281303710612
2024-05-01 14:00:00,123.5739756191905
2024-05-01 15:00:00,120.267550999326
2024-05-01 16:00:00,106.4662709752071
2024-05-01 17:00:00,116.8358127356854
2024-05-01 18:00:00,114.9590255721603
2024-05-01 19:00:00,117.7433267961023
2024-05-01 20:00:00,102.660531256152
2024-05-01 21:00:00,121.3367733808917
2024-05-01 22:00:00,118.4307739275807
2024-05-01 23:00:00,121.9175855985416
2024-05-02 00:00:00,146.1324772080025
2024-05-02 01:00:00,146.2953806714204
2024-05-02 02:00:00,145.1127190753294
2024-05-02 03:00:00,171.385082708783
2024-05-02 04:00:00,164.6319683584744
2024-05-02 05:00:00,160.7714157421296
2024-05-02 06:00:00,158.7325287302641
2024-05-02 07:00:00,165.6726635333911
2024-05-02 08:00:00,152.021938642131
2024-05-02 09:00:00,141.8450141721736
2024-05-02 10:00:00,135.9292633420379
2024-05-02 11:00:00,125.9979049001782
2024-05-02 12:00:00,114.6153055745909
2024-05-02 13:00:00,110.2429007957891
2024-05-02 14:00:00,102.198993393151
2024-05-02 15:00:00,100.6654002896182
2024-05-02 16:00:00,90.58396420772839
2024-05-02 17:00:00,91.92177599658221
2024-05-02 18:00:00,93.7571549366409
2024-05-02 19:00:00,100.0065587151788
2024-05-02 20:00:00,98.09526065109672
2024-05-02 21:00:00,98.84580750163984
2024-05-02 22:00:00,108.5256916288205
2024-05-02 23:00:00,112.0484066014653
2024-05-03 00:00:00,118.2016545757227
2024-05-03 01:00:00,135.9418571050352
2024-05-03 02:00:00,125.7456353522017
2024-05-03 03:00:00,141.9503771703208
2024-05-03 04:00:00,129.6615633029936
2024-05-03 05:00:00,146.5827575455391
2024-05-03 06:00:00,138.807168463584
2024-05-03 07:00:00,134.7344407602076
2024-05-03 08:00:00,130.2160309523761
2024-05-03 09:00:00,123.3439671412509
2024-05-03 10:00:00,128.7054945743233
2024-05-03 11:00:00,113.0986588893138
2024-05-03 12:00:00,116.6920942161487
2024-05-03 13:00:00,103.9191881990068
2024-05-03 14:00:00,97.06977376681127
2024-05-03 15:00:00,88.25530988173608
2024-05-03 16:00:00,74.95112310097647
2024-05-03 17:00:00,83.15043106450207
2024-05-03 18:00:00,74.28172590587977
2024-05-03 19:00:00,80.016552223993
2024-05-03 20:00:00,86.40525446298935
2024-05-03 21:00:00,84.85162848598512
2024-05-03 22:00:00,92.89762524402026
2024-05-03 23:00:00,105.5324790210266
2024-05-04 00:00:00,100.9906520611632
2024-05-04 01:00:00,102.936648589581
2024-05-04 02:00:00,112.7319489917938
2024-05-04 03:00:00,116.3549178323145
2024-05-04 04:00:00,119.6185717795425
2024-05-04 05:00:00,139.6886476992813
2024-05-04 06:00:00,132.6751822960328
2024-05-04 07:00:00,136.6807575418455
2024-05-04 08:00:00,129.0566827151095
2024-05-04 09:00:00,129.4273924763711
2024-05-04 10:00:00,110.8701114762507
2024-05-04 11:00:00,120.5654790188766
2024-05-04 12:00:00,101.3640751700555
2024-05-04 13:00:00,106.2792677122809
2024-05-04 14:00:00,96.1436848740075
2024-05-04 15:00:00,91.27100243740526
2024-05-04 16:00:00,84.58299026334116
2024-05-04 17:00:00,83.38264678247081
2024-05-04 18:00:00,83.64713780269597
2024-05-04 19:00:00,75.12126422186103
2024-05-04 20:00:00,74.86222996850306
2024-05-04 21:00:00,85.88707293102591
2024-05-04 22:00:00,95.28921053266336
2024-05-04 23:00:00,105.3783668501766
2024-05-05 00:00:00,101.4154199151324
2024-05-05 01:00:00,126.109508163849
2024-05-05 02:00:00,117.2986196088563
2024-05-05 03:00:00,125.1613949052378
2024-05-05 04:00:00,130.7569043171047
2024-05-05 05:00:00,154.7579483283566
2024-05-05 06:00:00,141.1642151213271
2024-05-05 07:00:00,140.7002228669697
2024-05-05 08:00:00,146.4086667627292
2024-05-05 09:00:00,136.8484910501207
2024-05-05 10:00:00,135.856134812641
2024-05-05 11:00:00,131.7405397531503
2024-05-05 12:00:00,111.3777200590667
2024-05-05 13:00:00,100.766878961359
2024-05-05 14:00:00,93.52465742352545
2024-05-05 15:00:00,90.0212499351775
2024-05-05 16:00:00,91.46603129024601
2024-05-05 17:00:00,89.98499933583147
2024-05-05 18:00:00,97.25899813556836
2024-05-05 19:00:00,99.10334494430516
2024-05-05 20:00:00,90.53717163394798
2024-05-05 21:00:00,92.42168054066208
2024-05-05 22:00:00,113.1216470765481
2024-05-05 23:00:00,112.7213051987041
2024-05-06 00:00:00,112.6198043556989
2024-05-06 01:00:00,124.8677029542126
2024-05-06 02:00:00,129.3767088709047
2024-05-06 03:00:00,153.3709607975055
2024-05-06 04:00:00,161.820145017284
2024-05-06 05:00:00,154.7969976810136
2024-05-06 06:00:00,143.7489426783621
2024-05-06 07:00:00,167.5153637369864
2024-05-06 08:00:00,166.3961319705541
2024-05-06 09:00:00,145.0465350654285
2024-05-06 10:00:00,161.6354655962752
2024-05-06 11:00:00,131.8580475944518
2024-05-06 12:00:00,124.2900095348281
2024-05-06 13:00:00,132.9368799584
2024-05-06 14:00:00,132.6214213151514
2024-05-06 15:00:00,106.1938370978698
2024-05-06 16:00:00,106.2090081611706
2024-05-06 17:00:00,116.1057684006734
2024-05-06 18:00:00,106.7948729791789
2024-05-06 19:00:00,116.9556371172031
2024-05-06 20:00:00,118.8730713731212
2024-05-06 21:00:00,105.0253539245893
2024-05-06 22:00:00,114.64968907098
2024-05-06 23:00:00,118.0225735904442
2024-05-07 00:00:00,124.2268169332246
2024-05-07 01:00:00,149.0387704991317
2024-05-07 02:00:00,156.3504110923337
2024-05-07 03:00:00,155.6375668532191
2024-05-07 04:00:00,164.5118860552016
2024-05-07 05:00:00,178.0915708003168
2024-05-07 06:00:00,155.5617435073798
2024-05-07 07:00:00,165.3854782128398
2024-05-07 08:00:00,181.3217325887249
2024-05-07 09:00:00,164.6572387517911
2024-05-07 10:00:00,163.2690132949466
2024-05-07 11:00:00,158.7179884736813
2024-05-07 12:00:00,151.2065336904001
2024-05-07 13:00:00,124.4559485731469
2024-05-07 14:00:00,128.1179402034203
2024-05-07 15:00:00,118.98766927278
2024-05-07 16:00:00,113.4628155371813
2024-05-07 17:00:00,111.6430493126833
2024-05-07 18:00:00,117.4913950262988
2024-05-07 19:00:00,127.4909254532248
2024-05-07 20:00:00,111.4639350084858
2024-05-07 21:00:00,136.9474237454278
2024-05-07 22:00:00,122.7311075474527
2024-05-07 23:00:00,136.1168874776482
2024-05-08 00:00:00,164.8818698024423
2024-05-08 01:00:00,170.9013106684847
2024-05-08 02:00:00,176.2810382493766
2024-05-08 03:00:00,176.5564347061928
2024-05-08 04:00:00,185.0933046991317
2024-05-08 05:00:00,182.6269831325024
2024-05-08 06:00:00,175.9995684297817
2024-05-08 07:00:00,173.3126022539808
2024-05-08 08:00:00,149.8126574181147
2024-05-08 09:00:00,141.5493849532582
2024-05-08 10:00:00,144.2186413239071
2024-05-08 11:00:00,154.25256523911
2024-05-08 12:00:00,129.2868873546865
2024-05-08 13:00:00,125.3391946061704
2024-05-08 14:00:00,114.0025605686021
2024-05-08 15:00:00,108.3235091841215
2024-05-08 16:00:00,115.8895360288735
2024-05-08 17:00:00,108.4959931513566
2024-05-08 18:00:00,106.7866400143776
2024-05-08 19:00:00,100.183225172761
2024-05-08 20:00:00,114.6283882330311
2024-05-08 21:00:00,109.2875001074792
2024-05-08 22:00:00,123.747482649441
2024-05-08 23:00:00,122.2281074282764
2024-05-09 00:00:00,137.9590576370974
2024-05-09 01:00:00,148.0495897355572
2024-05-09 02:00:00,147.2244696387765
2024-05-09 03:00:00,164.3181741123907
2024-05-09 04:00:00,159.1461133759787
2024-05-09 05:00:00,150.662327528267
2024-05-09 06:00:00,152.9378119683411
2024-05-09 07:00:00,167.9186572264777
2024-05-09 08:00:00,161.9157478240398
2024-05-09 09:00:00,133.6116160739045
2024-05-09 10:00:00,148.8591067505752
2024-05-09 11:00:00,128.8627146601362
2024-05-09 12:00:00,120.0068576869262
2024-05-09 13:00:00,117.0753886187614
2024-05-09 14:00:00,101.1726813538981
2024-05-09 15:00:00,103.2731154774516
2024-05-09 16:00:00,94.50281309418988
2024-05-09 17:00:00,83.09890261256686
2024-05-09 18:00:00,90.01091066892967
2024-05-09 19:00:00,99.2162806093699
2024-05-09 20:00:00,87.26041289306536
2024-05-09 21:00:00,92.14016068319314
2024-05-09 22:00:00,95.39329751144854
2024-05-09 23:00:00,112.1692977447943
2024-05-10 00:00:00,127.2350711975416
2024-05-10 01:00:00,119.2700325762811
2024-05-10 02:00:00,127.7719092204562
2024-05-10 03:00:00,131.2299239211327
2024-05-10 04:00:00,125.9354510557325
2024-05-10 05:00:00,138.5641524206117
2024-05-10 06:00:00,141.6817698846397
2024-05-10 07:00:00,149.4609275703207
2024-05-10 08:00:00,129.0714869445729
2024-05-10 09:00:00,136.008303616498
2024-05-10 10:00:00,129.1738974431745
2024-05-10 11:00:00,102.2030705904283
2024-05-10 12:00:00,113.8174136816393
2024-05-10 13:00:00,104.9021040388676
2024-05-10 14:00:00,96.26025291263478
2024-05-10 15:00:00,90.11020302066369
2024-05-10 16:00:00,83.28039463294405
2024-05-10 17:00:00,69.57097829182055
2024-05-10 18:00:00,74.08919212338186
2024-05-10 19:00:00,81.44551063728366
2024-05-10 20:00:00,80.21067894369665
2024-05-10 21:00:00,88.92618077773245
2024-05-10 22:00:00,101.4917827606169
2024-05-10 23:00:00,100.9311614307271
2024-05-11 00:00:00,100.0708508589701
2024-05-11 01:00:00,113.6609631055942
2024-05-11 02:00:00,122.6200648644146
2024-05-11 03:00:00,128.5127884159879
2024-05-11 04:00:00,131.8213131417412
2024-05-11 05:00:00,139.6969833420666
2024-05-11 06:00:00,141.7773178101736
2024-05-11 07:00:00,134.6476929300462
2024-05-11 08:00:00,127.8589149770859
2024-05-11 09:00:00,125.3249413282268
2024-05-11 10:00:00,118.9245281901614
2024-05-11 11:00:00,112.2023684842826
2024-05-11 12:00:00,95.55712868385535
2024-05-11 13:00:00,100.1497877306796
2024-05-11 14:00:00,86.43118943073794
2024-05-11 15:00:00,77.54628285659476
2024-05-11 16:00:00,73.86345760444745
2024-05-11 17:00:00,72.91274287980502
2024-05-11 18:00:00,73.16507564014124
2024-05-11 19:00:00,73.29477947423622
2024-05-11 20:00:00,78.9895639742426
2024-05-11 21:00:00,81.5741705646003
2024-05-11 22:00:00,81.68305442359619
2024-05-11 23:00:00,99.22173458112927
2024-05-12 00:00:00,107.6174316490879
2024-05-12 01:00:00,110.6718363440736
2024-05-12 02:00:00,114.7598823449879
2024-05-12 03:00:00,131.5154932332994
2024-05-12 04:00:00,139.4148051206247
2024-05-12 05:00:00,142.6310040898616
2024-05-12 06:00:00,142.9108385241548
2024-05-12 07:00:00,140.7189464458756
2024-05-12 08:00:00,125.0946912683913
2024-05-12 09:00:00,135.665575148684
2024-05-12 10:00:00,139.8747460421138
2024-05-12 11:00:00,124.2363938683462
2024-05-12 12:00:00,104.7173913900665
2024-05-12 13:00:00,105.7130700685341
2024-05-12 14:00:00,94.5669682968064
2024-05-12 15:00:00,95.90744855063193
2024-05-12 16:00:00,87.60780137448003
2024-05-12 17:00:00,94.44213118957636
2024-05-12 18:00:00,87.97243528253948
2024-05-12 19:00:00,82.27033708491061
2024-05-12 20:00:00,90.41068829345383
2024-05-12 21:00:00,97.71630442126721
2024-05-12 22:00:00,101.3042286644244
2024-05-12 23:00:00,115.2816517967813
2024-05-13 00:00:00,116.2966879158471
2024-05-13 01:00:00,141.8667128446224
2024-05-13 02:00:00,146.3659570337976
2024-05-13 03:00:00,156.8893019460073
2024-05-13 04:00:00,139.0720851750745
2024-05-13 05:00:00,151.6203239178944
2024-05-13 06:00:00,146.2647527283465
2024-05-13 07:00:00,159.9237594225741
2024-05-13 08:00:00,152.9561094833786
2024-05-13 09:00:00,161.9745471421106
2024-05-13 10:00:00,153.2578244600941
2024-05-13 11:00:00,127.4381931335053
2024-05-13 12:00:00,140.7720620226125
2024-05-13 13:00:00,120.8226717876839
2024-05-13 14:00:00,125.7233181706177
2024-05-13 15:00:00,108.4526900924031
2024-05-13 16:00:00,107.406739362883
2024-05-13 17:00:00,99.50703155310985
2024-05-13 18:00:00,107.6000828471597
2024-05-13 19:00:00,99.60715048986717
2024-05-13 20:00:00,105.5433158088571
2024-05-13 21:00:00,104.8433899217974
2024-05-13 22:00:00,116.917084922354
2024-05-13 23:00:00,114.5493481384571
2024-05-14 00:00:00,122.411972056395
2024-05-14 01:00:00,145.2425004022703
2024-05-14 02:00:00,137.5079084741555
2024-05-14 03:00:00,149.3556526460135
2024-05-14 04:00:00,171.2927858281113
2024-05-14 05:00:00,162.4031096208793
2024-05-14 06:00:00,158.8377303975854
2024-05-14 07:00:00,180.5340679956928
2024-05-14 08:00:00,160.7069419329931
2024-05-14 09:00:00,159.288224207606
2024-05-14 10:00:00,171.3217254239979
2024-05-14 11:00:00,163.5316608008511
2024-05-14 12:00:00,148.8532851888994
2024-05-14 13:00:00,128.7363727185767
2024-05-14 14:00:00,133.9311654748254
2024-05-14 15:00:00,114.6867952778086
2024-05-14 16:00:00,112.088469193537
2024-05-14 17:00:00,105.8883926574605
2024-05-14 18:00:00,100.4012576187748
2024-05-14 19:00:00,113.3801214215124
2024-05-14 20:00:00,103.0236681298501
2024-05-14 21:00:00,113.6417764444294
2024-05-14 22:00:00,128.547839637867
2024-05-14 23:00:00,134.2887255471461
2024-05-15 00:00:00,129.2452775166942
2024-05-15 01:00:00,152.2401848613497
2024-05-15 02:00:00,136.5542892649778
2024-05-15 03:00:00,166.5594289871616
2024-05-15 04:00:00,157.2987821898106
2024-05-15 05:00:00,171.2297030122086
2024-05-15 06:00:00,181.3396398191018
2024-05-15 07:00:00,161.8115271570217
2024-05-15 08:00:00,181.9678022236214
2024-05-15 09:00:00,169.7137375729311
2024-05-15 10:00:00,146.7670852518283
2024-05-15 11:00:00,159.7138468528303
2024-05-15 12:00:00,141.0647720657307
2024-05-15 13:00:00,145.183253154248
2024-05-15 14:00:00,112.9576705786534
2024-05-15 15:00:00,128.4256042824682
2024-05-15 16:00:00,122.4160988274251
2024-05-15 17:00:00,113.0045229130668
2024-05-15 18:00:00,97.37768171512117
2024-05-15 19:00:00,100.9809695716558
2024-05-15 20:00:00,105.9409211369857
2024-05-15 21:00:00,99.7734106933993
2024-05-15 22:00:00,103.2922724501509
2024-05-15 23:00:00,117.6398113188823
2024-05-16 00:00:00,123.7771356765505
2024-05-16 01:00:00,129.0132294851653
2024-05-16 02:00:00,136.0672748501233
2024-05-16 03:00:00,143.5560704617256
2024-05-16 04:00:00,151.5687666958109
2024-05-16 05:00:00,153.7687215676898
2024-05-16 06:00:00,163.1668263548862
2024-05-16 07:00:00,151.3428803808836
2024-05-16 08:00:00,152.5925802033028
2024-05-16 09:00:00,148.5544614454145
2024-05-16 10:00:00,153.9252171089742
2024-05-16 11:00:00,132.0058759003766
2024-05-16 12:00:00,122.9317009283767
2024-05-16 13:00:00,119.253283610917
2024-05-16 14:00:00,116.6494704716117
2024-05-16 15:00:00,97.73453068052196
2024-05-16 16:00:00,94.73182078838309
2024-05-16 17:00:00,94.27945458145928
2024-05-16 18:00:00,88.66784394851872
2024-05-16 19:00:00,82.69844958545559
2024-05-16 20:00:00,84.588712968354
2024-05-16 21:00:00,83.99124690688302
2024-05-16 22:00:00,89.40238067416215
2024-05-16 23:00:00,99.41156974922013
2024-05-17 00:00:00,100.0477362115171
2024-05-17 01:00:00,119.6796815821113
2024-05-17 02:00:00,119.8654610360707
2024-05-17 03:00:00,115.5482412513435
2024-05-17 04:00:00,135.0394246801231
2024-05-17 05:00:00,134.2573288405162
2024-05-17 06:00:00,136.0449290970242
2024-05-17 07:00:00,147.3851069173097
2024-05-17 08:00:00,129.1315334370741
2024-05-17 09:00:00,124.7119390233456
2024-05-17 10:00:00,133.1604529489347
2024-05-17 11:00:00,112.8281640625962
2024-05-17 12:00:00,99.65930033020616
2024-05-17 13:00:00,101.3999779165696
2024-05-17 14:00:00,87.32575623119035
2024-05-17 15:00:00,82.64364194528605
2024-05-17 16:00:00,75.69179310259857
2024-05-17 17:00:00,78.75700048740079
2024-05-17 18:00:00,66.56157389220829
2024-05-17 19:00:00,66.76553073690114
2024-05-17 20:00:00,72.12405310598837
2024-05-17 21:00:00,73.42515650977015
2024-05-17 22:00:00,80.6064471743401
2024-05-17 23:00:00,85.17048177986459
2024-05-18 00:00:00,94.46640154822356
2024-05-18 01:00:00,97.80917384151398
2024-05-18 02:00:00,119.881347468746
2024-05-18 03:00:00,129.0877930562939
2024-05-18 04:00:00,124.8638418395728
2024-05-18 05:00:00,139.2370993429014
2024-05-18 06:00:00,139.4872168393339
2024-05-18 07:00:00,120.5617350905903
2024-05-18 08:00:00,133.1030888927544
2024-05-18 09:00:00,126.7123979007834
2024-05-18 10:00:00,120.465491049395
2024-05-18 11:00:00,116.3813185342416
2024-05-18 12:00:00,106.7864944507973
2024-05-18 13:00:00,89.69891787842157
2024-05-18 14:00:00,88.54541715884986
2024-05-18 15:00:00,83.49327944784483
2024-05-18 16:00:00,79.40721493140903
2024-05-18 17:00:00,77.96625504974874
2024-05-18 18:00:00,70.36426269119676
2024-05-18 19:00:00,78.44313837847034
2024-05-18 20:00:00,76.92885066487338
2024-05-18 21:00:00,83.02571184607838
2024-05-18 22:00:00,80.47828975361338
2024-05-18 23:00:00,101.0919844028514
2024-05-19 00:00:00,95.68529562443442
2024-05-19 01:00:00,108.6281193193024
2024-05-19 02:00:00,112.0082502896034
2024-05-19 03:00:00,120.5843101096358
2024-05-19 04:00:00,125.7819054718123
2024-05-19 05:00:00,140.5527800592771
2024-05-19 06:00:00,146.5121955267336
2024-05-19 07:00:00,128.253464572809
2024-05-19 08:00:00,139.4583762302681
2024-05-19 09:00:00,121.266952140181
2024-05-19 10:00:00,133.519082485159
2024-05-19 11:00:00,125.4798492506226
2024-05-19 12:00:00,100.5259977196799
2024-05-19 13:00:00,98.10066223207477
2024-05-19 14:00:00,85.03075288578087
2024-05-19 15:00:00,93.59809338076933
2024-05-19 16:00:00,81.24839566627449
2024-05-19 17:00:00,87.29482650841537
2024-05-19 18:00:00,84.43103723503661
2024-05-19 19:00:00,96.44697134158167
2024-05-19 20:00:00,101.1655344713739
2024-05-19 21:00:00,101.635841257272
2024-05-19 22:00:00,111.2909859771558
2024-05-19 23:00:00,118.5455887943322
2024-05-20 00:00:00,130.2157768278055
2024-05-20 01:00:00,121.607371178402
2024-05-20 02:00:00,129.8029475296763
2024-05-20 03:00:00,140.9633804694447
2024-05-20 04:00:00,159.2679596186409
2024-05-20 05:00:00,137.8995848655233
2024-05-20 06:00:00,158.0091821965638
2024-05-20 07:00:00,154.6363782094385
2024-05-20 08:00:00,147.0337445741868
2024-05-20 09:00:00,141.9971130547657
2024-05-20 10:00:00,134.9256501809958
2024-05-20 11:00:00,120.7469371537576
2024-05-20 12:00:00,124.6624939538323
2024-05-20 13:00:00,114.3279075047682
2024-05-20 14:00:00,114.0666716184128
2024-05-20 15:00:00,106.6158607521749
2024-05-20 16:00:00,101.380382477109
2024-05-20 17:00:00,95.4053685947693
2024-05-20 18:00:00,95.41236955044678
2024-05-20 19:00:00,96.78105811887379
2024-05-20 20:00:00,113.1759183031489
2024-05-20 21:00:00,110.6012018114084
2024-05-20 22:00:00,124.1274282577816
2024-05-20 23:00:00,118.1840752986958
2024-05-21 00:00:00,131.8296585660183
2024-05-21 01:00:00,138.3948755563548
2024-05-21 02:00:00,139.3402027888175
2024-05-21 03:00:00,163.0136404381757
2024-05-21 04:00:00,147.2809540137833
2024-05-21 05:00:00,168.3844136003213
2024-05-21 06:00:00,165.8923548802071
2024-05-21 07:00:00,177.8400784238633
2024-05-21 08:00:00,173.9495432430423
2024-05-21 09:00:00,156.3475592145952
2024-05-21 10:00:00,142.5407208635666
2024-05-21 11:00:00,156.2875861138363
2024-05-21 12:00:00,148.8121741311907
2024-05-21 13:00:00,141.280883258147
2024-05-21 14:00:00,124.7499579501858
2024-05-21 15:00:00,108.9674763787832
2024-05-21 16:00:00,105.201013434706
2024-05-21 17:00:00,116.7715361845913
2024-05-21 18:00:00,108.5221356792953
2024-05-21 19:00:00,98.54130878579404
2024-05-21 20:00:00,111.1442293854626
2024-05-21 21:00:00,118.7163844401284
2024-05-21 22:00:00,127.2475534017515
2024-05-21 23:00:00,119.3982777038542
2024-05-22 00:00:00,132.2173389043828
2024-05-22 01:00:00,148.6774245683458
2024-05-22 02:00:00,163.4953341547145
2024-05-22 03:00:00,156.4041222038653
2024-05-22 04:00:00,164.1153460925064
2024-05-22 05:00:00,157.6690417150039
2024-05-22 06:00:00,174.466314630789
2024-05-22 07:00:00,180.3901550907782
2024-05-22 08:00:00,146.4702146761097
2024-05-22 09:00:00,146.7996194890391
2024-05-22 10:00:00,147.3835304612907
2024-05-22 11:00:00,145.7378408308066
2024-05-22 12:00:00,121.4114999431416
2024-05-22 13:00:00,118.266711703751
2024-05-22 14:00:00,129.9376965526593
2024-05-22 15:00:00,122.8042267208709
2024-05-22 16:00:00,105.8210723414176
2024-05-22 17:00:00,109.2430768796624
2024-05-22 18:00:00,93.86419039103141
2024-05-22 19:00:00,101.3212680146745
2024-05-22 20:00:00,99.52181704164512
2024-05-22 21:00:00,110.7255207503504
2024-05-22 22:00:00,104.2071825535303
2024-05-22 23:00:00,112.5196528020615
2024-05-23 00:00:00,116.3153617307325
2024-05-23 01:00:00,119.8866411921962
2024-05-23 02:00:00,122.5864592395859
2024-05-23 03:00:00,149.5956052715255
2024-05-23 04:00:00,144.3493427399156
2024-05-23 05:00:00,135.2353398249195
2024-05-23 06:00:00,159.1366044347535
2024-05-23 07:00:00,164.8520418601315
2024-05-23 08:00:00,160.4147156903439
2024-05-23 09:00:00,150.815295205485
2024-05-23 10:00:00,131.2439092768354
2024-05-23 11:00:00,142.929681696487
2024-05-23 12:00:00,130.3433005070368
2024-05-23 13:00:00,113.9410050833052
2024-05-23 14:00:00,97.1033123025633
2024-05-23 15:00:00,105.4414375710644
2024-05-23 16:00:00,97.46465342958376
2024-05-23 17:00:00,87.06493054513449
2024-05-23 18:00:00,81.86954895149591
2024-05-23 19:00:00,83.2504557306352
2024-05-23 20:00:00,88.96806440054293
2024-05-23 21:00:00,82.43589967201439
2024-05-23 22:00:00,83.23504400622411
2024-05-23 23:00:00,102.6355028544227
2024-05-24 00:00:00,110.0811284496683
2024-05-24 01:00:00,101.9915753731386
2024-05-24 02:00:00,125.6089319989347
2024-05-24 03:00:00,127.5357196609734
2024-05-24 04:00:00,133.2828427060328
2024-05-24 05:00:00,121.2202031306603
2024-05-24 06:00:00,128.2926345491246
2024-05-24 07:00:00,126.2896550693466
2024-05-24 08:00:00,142.344262921299
2024-05-24 09:00:00,135.0201996780471
2024-05-24 10:00:00,123.4677554798671
2024-05-24 11:00:00,102.4405967429843
2024-05-24 12:00:00,98.84631457371118
2024-05-24 13:00:00,105.2753686889877
2024-05-24 14:00:00,91.25044099476547
2024-05-24 15:00:00,72.85861331572494
2024-05-24 16:00:00,81.20563311704875
2024-05-24 17:00:00,76.23582519261815
2024-05-24 18:00:00,65.41679277516748
2024-05-24 19:00:00,71.4503445851295
2024-05-24 20:00:00,64.97182010845422
2024-05-24 21:00:00,76.22667688530515
2024-05-24 22:00:00,78.29050448382691
2024-05-24 23:00:00,85.21847894931459
2024-05-25 00:00:00,88.95748381886396
2024-05-25 01:00:00,103.5904024031678
2024-05-25 02:00:00,105.0179609143753
2024-05-25 03:00:00,119.5560646944115
2024-05-25 04:00:00,111.9223350624709
2024-05-25 05:00:00,136.0127981683249
2024-05-25 06:00:00,126.6100158548452
2024-05-25 07:00:00,136.691299577357
2024-05-25 08:00:00,117.4650999551343
2024-05-25 09:00:00,112.1604636267534
2024-05-25 10:00:00,103.958174435631
2024-05-25 11:00:00,112.9593884193912
2024-05-25 12:00:00,98.16284929126478
2024-05-25 13:00:00,96.94294310854848
2024-05-25 14:00:00,78.64486882215712
2024-05-25 15:00:00,71.54756589361418
2024-05-25 16:00:00,77.61855625790142
2024-05-25 17:00:00,74.06191713812353
2024-05-25 18:00:00,61.68921387429253
2024-05-25 19:00:00,72.00390929318003
2024-05-25 20:00:00,78.24216272999506
2024-05-25 21:00:00,77.91777649661472
2024-05-25 22:00:00,93.37968113551834
2024-05-25 23:00:00,93.3173683243103
2024-05-26 00:00:00,95.00288914733554
2024-05-26 01:00:00,109.4738727381081
2024-05-26 02:00:00,110.927276918568
2024-05-26 03:00:00,117.943851471939
2024-05-26 04:00:00,141.3324862146814
2024-05-26 05:00:00,132.6721849723741
2024-05-26 06:00:00,123.1704056634825
2024-05-26 07:00:00,133.0210272929938
2024-05-26 08:00:00,120.9464913252406
2024-05-26 09:00:00,134.3491075497353
2024-05-26 10:00:00,112.9258790928389
2024-05-26 11:00:00,104.5039905806818
2024-05-26 12:00:00,99.30106905746855
2024-05-26 13:00:00,88.36237334751901
2024-05-26 14:00:00,84.70011044786276
2024-05-26 15:00:00,77.77260229394382
2024-05-26 16:00:00,85.74542703432289
2024-05-26 17:00:00,86.38162478499848
2024-05-26 18:00:00,75.29416101631587
2024-05-26 19:00:00,89.20510737158534
2024-05-26 20:00:00,81.29391976651918
2024-05-26 21:00:00,93.45827828878477
2024-05-26 22:00:00,92.77411078246531
2024-05-26 23:00:00,105.1220817930232
2024-05-27 00:00:00,127.8320097150009
2024-05-27 01:00:00,118.6383908035695
2024-05-27 02:00:00,122.3135336739349
2024-05-27 03:00:00,128.3052987425483
2024-05-27 04:00:00,137.4027363159182
2024-05-27 05:00:00,135.9834052233963
2024-05-27 06:00:00,143.6450183262186
2024-05-27 07:00:00,148.0868096213126
2024-05-27 08:00:00,153.2347239174601
2024-05-27 09:00:00,131.8937239094563
2024-05-27 10:00:00,139.7287328388359
2024-05-27 11:00:00,125.7378697465344
2024-05-27 12:00:00,130.1826348129754
2024-05-27 13:00:00,121.9011018122798
2024-05-27 14:00:00,111.5514352952439
2024-05-27 15:00:00,105.3483825456912
2024-05-27 16:00:00,105.1578047046111
2024-05-27 17:00:00,92.61960042330578
2024-05-27 18:00:00,100.903644913607
2024-05-27 19:00:00,97.18146153659085
2024-05-27 20:00:00,111.4979852100211
2024-05-27 21:00:00,114.7786407824572
2024-05-27 22:00:00,118.9555400320062
2024-05-27 23:00:00,119.5899758942017
2024-05-28 00:00:00,143.3846896595022
2024-05-28 01:00:00,131.9207401797263
2024-05-28 02:00:00,142.8866985708163
2024-05-28 03:00:00,140.5067081067174
2024-05-28 04:00:00,168.056809932762
2024-05-28 05:00:00,152.8511151167295
2024-05-28 06:00:00,158.4626682994647
2024-05-28 07:00:00,148.6400749915923
2024-05-28 08:00:00,146.0624250384727
2024-05-28 09:00:00,146.828313490784
2024-05-28 10:00:00,155.2361582729853
2024-05-28 11:00:00,140.5832181252792
2024-05-28 12:00:00,134.9083991684362
2024-05-28 13:00:00,136.4979034401368
2024-05-28 14:00:00,108.2823594593238
2024-05-28 15:00:00,120.9443976759882
2024-05-28 16:00:00,109.0643014212151
2024-05-28 17:00:00,114.0202347253402
2024-05-28 18:00:00,108.7889278374776
2024-05-28 19:00:00,116.1149606445988
2024-05-28 20:00:00,119.4820273183718
2024-05-28 21:00:00,114.1265875103601
2024-05-28 22:00:00,114.6242977708651
2024-05-28 23:00:00,117.7495551413183
2024-05-29 00:00:00,131.1974194707935
2024-05-29 01:00:00,139.6880242835611
2024-05-29 02:00:00,147.6263065128177
2024-05-29 03:00:00,163.2263789123728
2024-05-29 04:00:00,169.2524163705223
2024-05-29 05:00:00,163.2904819353218
2024-05-29 06:00:00,146.7892138453852
2024-05-29 07:00:00,167.2264202549221
2024-05-29 08:00:00,161.8544956292491
2024-05-29 09:00:00,156.6943881808324
2024-05-29 10:00:00,150.3214791917151
2024-05-29 11:00:00,143.2721472982976
2024-05-29 12:00:00,125.4491720106603
2024-05-29 13:00:00,126.9805353275558
2024-05-29 14:00:00,123.4846661549577
2024-05-29 15:00:00,114.8645836929843
2024-05-29 16:00:00,101.3863084143676
2024-05-29 17:00:00,96.67178546068344
2024-05-29 18:00:00,93.99521214270554
2024-05-29 19:00:00,92.73044111468984
2024-05-29 20:00:00,92.57304090675397
2024-05-29 21:00:00,97.37540784862075
2024-05-29 22:00:00,112.8300017144173
2024-05-29 23:00:00,112.1616773455047
2024-05-30 00:00:00,108.1872066855714
2024-05-30 01:00:00,118.9416983858492
2024-05-30 02:00:00,145.5820396507901
2024-05-30 03:00:00,130.1372559839186
2024-05-30 04:00:00,155.3306126866368
2024-05-30 05:00:00,161.4249947010717
2024-05-30 06:00:00,141.2984810937518
2024-05-30 07:00:00,148.6228897178278
2024-05-30 08:00:00,156.7014384560778
2024-05-30 09:00:00,127.4993009328236
2024-05-30 10:00:00,126.5812652504402
2024-05-30 11:00:00,134.0641203688046
2024-05-30 12:00:00,115.2048417393667
2024-05-30 13:00:00,99.60921565738796
2024-05-30 14:00:00,108.2841567360227
2024-05-30 15:00:00,90.4775435419552
2024-05-30 16:00:00,84.4059031965972
2024-05-30 17:00:00,80.41356895732983
2024-05-30 18:00:00,87.19290735512268
2024-05-30 19:00:00,76.7450787648585
2024-05-30 20:00:00,86.41988842893807
2024-05-30 21:00:00,84.44648984217136
2024-05-30 22:00:00,83.80792209620522
2024-05-30 23:00:00,104.3941418774401
2024-05-31 00:00:00,99.62953197034102
2024-05-31 01:00:00,102.1135980872843
2024-05-31 02:00:00,117.2480161194909
2024-05-31 03:00:00,113.8524614031345
2024-05-31 04:00:00,117.1044162262384
2024-05-31 05:00:00,133.8608289393551
2024-05-31 06:00:00,120.247209171843
2024-05-31 07:00:00,117.957695476771
2024-05-31 08:00:00,136.4807112766741
2024-05-31 09:00:00,128.0667024529895
2024-05-31 10:00:00,112.0584979279404
2024-05-31 11:00:00,97.52763827572358
2024-05-31 12:00:00,100.1239073222376
2024-05-31 13:00:00,84.97968467524299
2024-05-31 14:00:00,82.2222227876697
2024-05-31 15:00:00,76.54840478910197
2024-05-31 16:00:00,74.68453577443775
2024-05-31 17:00:00,69.08535710306917
2024-05-31 18:00:00,67.34539339627963
2024-05-31 19:00:00,61.97779532845539
2024-05-31 20:00:00,71.03094456872093
2024-05-31 21:00:00,84.53028886765782
2024-05-31 22:00:00,84.94852682282254
2024-05-31 23:00:00,98.88268701237871
2024-06-01 00:00:00,94.72485241464099
2024-06-01 01:00:00,107.5387575629596
2024-06-01 02:00:00,103.297475074871
2024-06-01 03:00:00,107.8559550540187
2024-06-01 04:00:00,132.4137195619494
2024-06-01 05:00:00,122.3139592361108
2024-06-01 06:00:00,126.6366146650092
2024-06-01 07:00:00,111.4547350071553
2024-06-01 08:00:00,129.7827584425081
2024-06-01 09:00:00,118.7989768508372
2024-06-01 10:00:00,115.2981497035779
2024-06-01 11:00:00,104.9575675138625
2024-06-01 12:00:00,91.01471353901019
2024-06-01 13:00:00,85.62740266746405
2024-06-01 14:00:00,75.50788844234866
2024-06-01 15:00:00,69.44672610768518
2024-06-01 16:00:00,71.3410048415108
2024-06-01 17:00:00,64.88071118241375
2024-06-01 18:00:00,66.01687388575338
2024-06-01 19:00:00,70.76326725872491
2024-06-01 20:00:00,61.28061195423783
2024-06-01 21:00:00,67.32146125724866
2024-06-01 22:00:00,76.31879200890495
2024-06-01 23:00:00,89.23746038511082
2024-06-02 00:00:00,88.23294556786949
2024-06-02 01:00:00,94.64712986436406
2024-06-02 02:00:00,107.8688287442478
2024-06-02 03:00:00,124.4313698139983
2024-06-02 04:00:00,122.2112622114536
2024-06-02 05:00:00,117.1358368195154
2024-06-02 06:00:00,138.2500784889749
2024-06-02 07:00:00,138.1755047805861
2024-06-02 08:00:00,125.2669864855503
2024-06-02 09:00:00,136.1046568638784
2024-06-02 10:00:00,122.5641223577266
2024-06-02 11:00:00,106.2556027105956
2024-06-02 12:00:00,112.7634767031479
2024-06-02 13:00:00,105.3796892149968
2024-06-02 14:00:00,94.2300751779202
2024-06-02 15:00:00,86.25302106689887
2024-06-02 16:00:00,88.2546961230964
2024-06-02 17:00:00,77.51880987148894
2024-06-02 18:00:00,84.25381946779764
2024-06-02 19:00:00,78.05141582864451
2024-06-02 20:00:00,89.31948611180776
2024-06-02 21:00:00,94.53434510952367
2024-06-02 22:00:00,99.48901054094995
2024-06-02 23:00:00,99.29428698845443
2024-06-03 00:00:00,110.0711711098386
2024-06-03 01:00:00,116.129306836545
2024-06-03 02:00:00,132.3975287452323
2024-06-03 03:00:00,123.8928770332752
2024-06-03 04:00:00,135.0309729001632
2024-06-03 05:00:00,133.1872680735625
2024-06-03 06:00:00,157.100980554793
2024-06-03 07:00:00,160.375655908767
2024-06-03 08:00:00,155.3685067633238
2024-06-03 09:00:00,134.7658823990848
2024-06-03 10:00:00,138.9077057405806
2024-06-03 11:00:00,139.6612189855785
2024-06-03 12:00:00,115.9563561805145
2024-06-03 13:00:00,120.4250195847818
2024-06-03 14:00:00,97.19720846430619
2024-06-03 15:00:00,102.0502507731105
2024-06-03 16:00:00,105.8347759030939
2024-06-03 17:00:00,90.04281481808883
2024-06-03 18:00:00,100.2052621783187
2024-06-03 19:00:00,100.8367608248535
2024-06-03 20:00:00,95.08144603925238
2024-06-03 21:00:00,103.9807723169313
2024-06-03 22:00:00,114.8398529890816
2024-06-03 23:00:00,118.0050152117224
2024-06-04 00:00:00,121.1149805467915
2024-06-04 01:00:00,138.2571974532388
2024-06-04 02:00:00,135.2936205514794
2024-06-04 03:00:00,151.8539239435303
2024-06-04 04:00:00,145.9912950490854
2024-06-04 05:00:00,153.0867389181423
2024-06-04 06:00:00,158.2654018862115
2024-06-04 07:00:00,157.2192999679014
2024-06-04 08:00:00,147.4656496329218
2024-06-04 09:00:00,133.9628586966678
2024-06-04 10:00:00,134.8524160441295
2024-06-04 11:00:00,127.3220876405825
2024-06-04 12:00:00,138.1960817265231
2024-06-04 13:00:00,111.7100969953542
2024-06-04 14:00:00,121.7611743634256
2024-06-04 15:00:00,111.0758295197419
2024-06-04 16:00:00,109.9415554369299
2024-06-04 17:00:00,102.2826258625433
2024-06-04 18:00:00,96.72927612385365
2024-06-04 19:00:00,97.11811581711167
2024-06-04 20:00:00,117.8175616412395
2024-06-04 21:00:00,125.1001092988891
2024-06-04 22:00:00,112.6155616909504
2024-06-04 23:00:00,121.00448190536
2024-06-05 00:00:00,124.8225692265625
2024-06-05 01:00:00,157.1332547937091
2024-06-05 02:00:00,142.4800790273447
2024-06-05 03:00:00,141.5939208865431
2024-06-05 04:00:00,166.1110136283303
2024-06-05 05:00:00,144.476421973256
2024-06-05 06:00:00,160.7657183318939
2024-06-05 07:00:00,146.6435649794043
2024-06-05 08:00:00,156.06828600304
2024-06-05 09:00:00,155.238361039886
2024-06-05 10:00:00,130.3943864457154
2024-06-05 11:00:00,141.6322346513857
2024-06-05 12:00:00,135.0037859486784
2024-06-05 13:00:00,111.5601489839734
2024-06-05 14:00:00,99.89180226400319
2024-06-05 15:00:00,104.7005875907106
2024-06-05 16:00:00,91.85584049290671
2024-06-05 17:00:00,90.48365834516567
2024-06-05 18:00:00,102.5317099456569
2024-06-05 19:00:00,94.41404256172234
2024-06-05 20:00:00,89.17341065698395
2024-06-05 21:00:00,98.51850027835177
2024-06-05 22:00:00,109.5976778583975
2024-06-05 23:00:00,105.9726990439389
2024-06-06 00:00:00,117.8810919869337
2024-06-06 01:00:00,128.3646649783392
2024-06-06 02:00:00,135.6433249179464
2024-06-06 03:00:00,130.7032995640482
2024-06-06 04:00:00,132.5293689654246
2024-06-06 05:00:00,131.0489009393642
2024-06-06 06:00:00,159.2557194107645
2024-06-06 07:00:00,147.3204946320747
2024-06-06 08:00:00,151.3020629167924
2024-06-06 09:00:00,124.5998100154161
2024-06-06 10:00:00,140.850915651225
2024-06-06 11:00:00,127.5489307358196
2024-06-06 12:00:00,106.4439529884799
2024-06-06 13:00:00,105.0543197916996
2024-06-06 14:00:00,95.05449902069185
2024-06-06 15:00:00,89.82360654583663
2024-06-06 16:00:00,79.07731319272868
2024-06-06 17:00:00,81.3691044877778
2024-06-06 18:00:00,83.43937532343035
2024-06-06 19:00:00,72.97655875408479
2024-06-06 20:00:00,75.79206333673747
2024-06-06 21:00:00,78.41568598452162
2024-06-06 22:00:00,86.8603212521357
2024-06-06 23:00:00,82.66852286380534
2024-06-07 00:00:00,91.19492078451466
2024-06-07 01:00:00,104.6219738380036
2024-06-07 02:00:00,117.257742030092
2024-06-07 03:00:00,107.09859787026
2024-06-07 04:00:00,115.702121588821
2024-06-07 05:00:00,134.8314576776923
2024-06-07 06:00:00,136.1003047048388
2024-06-07 07:00:00,122.8231203468448
2024-06-07 08:00:00,129.2277234401461
2024-06-07 09:00:00,117.1441070204289
2024-06-07 10:00:00,121.3231273337158
2024-06-07 11:00:00,107.5898233044253
2024-06-07 12:00:00,106.4474706837569
2024-06-07 13:00:00,96.44671082464384
2024-06-07 14:00:00,80.57977513479791
2024-06-07 15:00:00,79.05750653963285
2024-06-07 16:00:00,65.7010510726476
2024-06-07 17:00:00,64.38054510032443
2024-06-07 18:00:00,66.6773450872278
2024-06-07 19:00:00,65.14159455568004
2024-06-07 20:00:00,64.12600139038516
2024-06-07 21:00:00,70.72788389358831
2024-06-07 22:00:00,74.41104869881734
2024-06-07 23:00:00,78.79486476850761
2024-06-08 00:00:00,79.54368892750124
2024-06-08 01:00:00,90.79944332762561
2024-06-08 02:00:00,96.88919051913744
2024-06-08 03:00:00,105.4086513113343
2024-06-08 04:00:00,119.8073258452732
2024-06-08 05:00:00,126.9699509818155
2024-06-08 06:00:00,132.0311076822109
2024-06-08 07:00:00,113.3887167250246
2024-06-08 08:00:00,105.7675338246479
2024-06-08 09:00:00,118.20542863244
2024-06-08 10:00:00,106.4367998224504
2024-06-08 11:00:00,89.08237963036994
2024-06-08 12:00:00,98.09795089579804
2024-06-08 13:00:00,88.15656219313408
2024-06-08 14:00:00,75.42444726567362
2024-06-08 15:00:00,70.24243913878848
2024-06-08 16:00:00,58.34400312535983
2024-06-08 17:00:00,67.59309011819688
2024-06-08 18:00:00,56.95009553911611
2024-06-08 19:00:00,69.69740606401129
2024-06-08 20:00:00,71.3518977792068
2024-06-08 21:00:00,80.41207720557185
2024-06-08 22:00:00,76.35364939007695
2024-06-08 23:00:00,88.40761628987222
2024-06-09 00:00:00,93.66334175346894
2024-06-09 01:00:00,103.0391055609908
2024-06-09 02:00:00,124.9112916624374
2024-06-09 03:00:00,118.2702471894966
2024-06-09 04:00:00,135.0157609275156
2024-06-09 05:00:00,128.0576985819075
2024-06-09 06:00:00,129.7132139425458
2024-06-09 07:00:00,132.7961408300303
2024-06-09 08:00:00,126.6734326079543
2024-06-09 09:00:00,110.5355024983576
2024-06-09 10:00:00,113.4635337770179
2024-06-09 11:00:00,95.9709040140163
2024-06-09 12:00:00,93.62060750424749
2024-06-09 13:00:00,88.18863140935619
2024-06-09 14:00:00,90.35347023024136
2024-06-09 15:00:00,79.72446314958023
2024-06-09 16:00:00,73.43162961818433
2024-06-09 17:00:00,80.61937162321396
2024-06-09 18:00:00,77.80085370982093
2024-06-09 19:00:00,72.1212015091786
2024-06-09 20:00:00,90.27338201421163
2024-06-09 21:00:00,93.3907271246853
2024-06-09 22:00:00,89.53050981184724
2024-06-09 23:00:00,114.5514198711751
2024-06-10 00:00:00,115.5066438383074
2024-06-10 01:00:00,112.0835567549436
2024-06-10 02:00:00,121.8073473617233
2024-06-10 03:00:00,147.5208431699561
2024-06-10 04:00:00,138.091279321555
2024-06-10 05:00:00,136.384546535187
2024-06-10 06:00:00,144.2987333391432
2024-06-10 07:00:00,129.8718231984042
2024-06-10 08:00:00,137.5743290537654
2024-06-10 09:00:00,148.2601492875977
2024-06-10 10:00:00,139.1707336577018
2024-06-10 11:00:00,127.3133885835162
2024-06-10 12:00:00,106.5823186410361
2024-06-10 13:00:00,114.7504502163175
2024-06-10 14:00:00,109.6103484350504
2024-06-10 15:00:00,98.31870190014801
2024-06-10 16:00:00,91.35581290674074
2024-06-10 17:00:00,90.94355030182597
2024-06-10 18:00:00,88.43879541335015
2024-06-10 19:00:00,86.4273743649663
2024-06-10 20:00:00,93.8307233299834
2024-06-10 21:00:00,99.04617997709127
2024-06-10 22:00:00,103.3742853948984
2024-06-10 23:00:00,111.2463557549515
2024-06-11 00:00:00,121.8321189148977
2024-06-11 01:00:00,115.8755379232578
2024-06-11 02:00:00,126.2005423695682
2024-06-11 03:00:00,139.7092891023383
2024-06-11 04:00:00,141.1934274093817
2024-06-11 05:00:00,160.6278468197756
2024-06-11 06:00:00,155.2329939052851
2024-06-11 07:00:00,147.4715826960108
2024-06-11 08:00:00,141.0392414420982
2024-06-11 09:00:00,152.8383605373779
2024-06-11 10:00:00,157.6320324628807
2024-06-11 11:00:00,128.1737939477188
2024-06-11 12:00:00,124.2397815066108
2024-06-11 13:00:00,108.8085921468777
2024-06-11 14:00:00,114.8471656291346
2024-06-11 15:00:00,115.1314636324036
2024-06-11 16:00:00,103.1299841461549
2024-06-11 17:00:00,103.9163290682187
2024-06-11 18:00:00,91.04791665470685
2024-06-11 19:00:00,109.0695114127188
2024-06-11 20:00:00,113.9725780036999
2024-06-11 21:00:00,113.6200958416126
2024-06-11 22:00:00,115.0961410691659
2024-06-11 23:00:00,115.5026996223826
2024-06-12 00:00:00,134.6312337151689
2024-06-12 01:00:00,129.8260883074636
2024-06-12 02:00:00,141.1352110743152
2024-06-12 03:00:00,157.5319471067783
2024-06-12 04:00:00,155.2863953840709
2024-06-12 05:00:00,160.4640284466008
2024-06-12 06:00:00,156.7307318269742
2024-06-12 07:00:00,167.635808307158
2024-06-12 08:00:00,146.8111588477565
2024-06-12 09:00:00,139.9049483766069
2024-06-12 10:00:00,138.6731275543034
2024-06-12 11:00:00,121.6532564761889
2024-06-12 12:00:00,131.4595264881697
2024-06-12 13:00:00,118.6156109285125
2024-06-12 14:00:00,113.9739245925337
2024-06-12 15:00:00,110.7724472461267
2024-06-12 16:00:00,87.62773366438293
2024-06-12 17:00:00,97.06288732249755
2024-06-12 18:00:00,89.44651246978242
2024-06-12 19:00:00,90.79646012611617
2024-06-12 20:00:00,85.15397797019389
2024-06-12 21:00:00,96.8148344479323
2024-06-12 22:00:00,101.9583066762137
2024-06-12 23:00:00,113.7936007106151
2024-06-13 00:00:00,112.846018289035
2024-06-13 01:00:00,115.5208954156699
2024-06-13 02:00:00,116.6055421911895
2024-06-13 03:00:00,120.6990232079794
2024-06-13 04:00:00,141.0224489443804
2024-06-13 05:00:00,142.6395865284736
2024-06-13 06:00:00,148.3457009403891
2024-06-13 07:00:00,130.7147220201424
2024-06-13 08:00:00,147.8903296423483
2024-06-13 09:00:00,130.1608289015794
2024-06-13 10:00:00,127.9962877819616
2024-06-13 11:00:00,111.4398588042503
2024-06-13 12:00:00,104.3629015313666
2024-06-13 13:00:00,101.3287490855968
2024-06-13 14:00:00,104.5833716334444
2024-06-13 15:00:00,87.35407288947259
2024-06-13 16:00:00,81.77010020766606
2024-06-13 17:00:00,83.98258698001696
2024-06-13 18:00:00,76.46593682918706
2024-06-13 19:00:00,68.12297544431537
2024-06-13 20:00:00,74.51810887866361
2024-06-13 21:00:00,77.10788604039776
2024-06-13 22:00:00,82.24999620834
2024-06-13 23:00:00,93.27449803908775
2024-06-14 00:00:00,102.1001360923376
2024-06-14 01:00:00,107.9745185617727
2024-06-14 02:00:00,104.1970589096124
2024-06-14 03:00:00,118.6369703073387
2024-06-14 04:00:00,121.2868848041663
2024-06-14 05:00:00,121.7309440960639
2024-06-14 06:00:00,122.8065713037298
2024-06-14 07:00:00,130.8822693154131
2024-06-14 08:00:00,114.5417274818247
2024-06-14 09:00:00,124.0530877271232
2024-06-14 10:00:00,104.6136394435881
2024-06-14 11:00:00,96.48338811774829
2024-06-14 12:00:00,106.3974849277867
2024-06-14 13:00:00,91.88384179544217
2024-06-14 14:00:00,85.28890880092403
2024-06-14 15:00:00,74.77020327457957
2024-06-14 16:00:00,67.86118034785449
2024-06-14 17:00:00,59.15400579101107
2024-06-14 18:00:00,60.52448061272369
2024-06-14 19:00:00,59.59197255671183
2024-06-14 20:00:00,59.56857611120332
2024-06-14 21:00:00,63.45856854482059
2024-06-14 22:00:00,71.45464208434049
2024-06-14 23:00:00,77.29565452724975
2024-06-15 00:00:00,82.38155176847602
2024-06-15 01:00:00,95.97432968833391
2024-06-15 02:00:00,99.10025647421713
2024-06-15 03:00:00,112.0590055658739
2024-06-15 04:00:00,116.4215988218517
2024-06-15 05:00:00,118.1735892434414
2024-06-15 06:00:00,108.2547292919556
2024-06-15 07:00:00,125.9745009847453
2024-06-15 08:00:00,106.4831808880945
2024-06-15 09:00:00,107.0818856532073
2024-06-15 10:00:00,94.41155758663199
2024-06-15 11:00:00,88.47105859532273
2024-06-15 12:00:00,87.94100698953977
2024-06-15 13:00:00,72.08695729467435
2024-06-15 14:00:00,73.07106013662386
2024-06-15 15:00:00,64.11384590708349
2024-06-15 16:00:00,65.73350461749031
2024-06-15 17:00:00,61.03431726806852
2024-06-15 18:00:00,60.29117991617037
2024-06-15 19:00:00,57.6110103413562
2024-06-15 20:00:00,69.27622144815865
2024-06-15 21:00:00,71.40367718744191
2024-06-15 22:00:00,75.66566023988351
2024-06-15 23:00:00,86.1844367951991
2024-06-16 00:00:00,97.89291883743034
2024-06-16 01:00:00,100.3658810267779
2024-06-16 02:00:00,104.1282724006076
2024-06-16 03:00:00,116.1930669228802
2024-06-16 04:00:00,121.4235534022736
2024-06-16 05:00:00,133.2211014286978
2024-06-16 06:00:00,112.3023265703043
2024-06-16 07:00:00,127.0915460956272
2024-06-16 08:00:00,119.1305723675032
2024-06-16 09:00:00,117.2607489121063
2024-06-16 10:00:00,102.2134343987317
2024-06-16 11:00:00,101.8950899099431
2024-06-16 12:00:00,91.8332008718185
2024-06-16 13:00:00,83.10067687179819
2024-06-16 14:00:00,85.17484461238571
2024-06-16 15:00:00,67.0405376274601
2024-06-16 16:00:00,64.96592644013455
2024-06-16 17:00:00,74.97076574000282
2024-06-16 18:00:00,67.95735138864212
2024-06-16 19:00:00,77.42058213937983
2024-06-16 20:00:00,74.58155695694772
2024-06-16 21:00:00,78.95642420244175
2024-06-16 22:00:00,95.47828382975928
2024-06-16 23:00:00,108.0205881502733
2024-06-17 00:00:00,108.2589219911798
2024-06-17 01:00:00,111.5844490522116
2024-06-17 02:00:00,120.2102472510292
2024-06-17 03:00:00,127.5311043104775
2024-06-17 04:00:00,145.5320129828636
2024-06-17 05:00:00,130.0343784020699
2024-06-17 06:00:00,140.232799507427
2024-06-17 07:00:00,142.4654967023914
2024-06-17 08:00:00,124.5903608440325
2024-06-17 09:00:00,136.3449080085079
2024-06-17 10:00:00,124.0128042454792
2024-06-17 11:00:00,123.0621032401349
2024-06-17 12:00:00,123.2678068727688
2024-06-17 13:00:00,97.66037961429875
2024-06-17 14:00:00,102.7089889265233
2024-06-17 15:00:00,90.30364611123524
2024-06-17 16:00:00,92.4571288777149
2024-06-17 17:00:00,79.86753875364309
2024-06-17 18:00:00,87.74089421694528
2024-06-17 19:00:00,81.8852039622075
2024-06-17 20:00:00,91.45498656713217
2024-06-17 21:00:00,95.34700814984484
2024-06-17 22:00:00,94.77158877984301
2024-06-17 23:00:00,102.1298962047007
2024-06-18 00:00:00,115.6281216309205
2024-06-18 01:00:00,120.0013446197278
2024-06-18 02:00:00,143.6803270702796
2024-06-18 03:00:00,148.6326049324386
2024-06-18 04:00:00,155.7864212319525
2024-06-18 05:00:00,160.5127057315301
2024-06-18 06:00:00,158.7794727318291
2024-06-18 07:00:00,154.5970256795532
2024-06-18 08:00:00,150.3353990814805
2024-06-18 09:00:00,140.9014640659173
2024-06-18 10:00:00,136.6833092145703
2024-06-18 11:00:00,134.7451424617055
2024-06-18 12:00:00,118.7058129592617
2024-06-18 13:00:00,128.2366511314499
2024-06-18 14:00:00,118.1695054941782
2024-06-18 15:00:00,114.4324183166805
2024-06-18 16:00:00,104.3790027184058
2024-06-18 17:00:00,95.26422160532509
2024-06-18 18:00:00,91.5631870929307
2024-06-18 19:00:00,94.83145611864634
2024-06-18 20:00:00,99.84883541671876
2024-06-18 21:00:00,98.76001126165886
2024-06-18 22:00:00,113.8491999741882
2024-06-18 23:00:00,126.0441626472512
2024-06-19 00:00:00,120.129627520173
2024-06-19 01:00:00,137.7622155153053
2024-06-19 02:00:00,137.397920396521
2024-06-19 03:00:00,145.7293201532823
2024-06-19 04:00:00,160.4345442961204
2024-06-19 05:00:00,149.5965862703473
2024-06-19 06:00:00,153.1639902003843
2024-06-19 07:00:00,165.3632837565528
2024-06-19 08:00:00,153.4276892902988
2024-06-19 09:00:00,140.5390628223451
2024-06-19 10:00:00,145.4917364746208
2024-06-19 11:00:00,136.380437960001
2024-06-19 12:00:00,120.3375225140087
2024-06-19 13:00:00,106.1134545530113
2024-06-19 14:00:00,101.2937894663473
2024-06-19 15:00:00,97.33338442081322
2024-06-19 16:00:00,93.85572301480194
2024-06-19 17:00:00,83.38256967762655
2024-06-19 18:00:00,89.24968614787846
2024-06-19 19:00:00,92.43496774271946
2024-06-19 20:00:00,96.05077838730799
2024-06-19 21:00:00,94.23025608762939
2024-06-19 22:00:00,103.2074855429332
2024-06-19 23:00:00,105.0276733904865
2024-06-20 00:00:00,99.381601090871
2024-06-20 01:00:00,120.3960457547004
2024-06-20 02:00:00,131.6611035258492
2024-06-20 03:00:00,123.8354154371119
2024-06-20 04:00:00,133.5527138205869
2024-06-20 05:00:00,152.5438434344321
2024-06-20 06:00:00,136.7225601624315
2024-06-20 07:00:00,133.7701421751529
2024-06-20 08:00:00,130.6113070267102
2024-06-20 09:00:00,126.4563199086171
2024-06-20 10:00:00,116.068058912826
2024-06-20 11:00:00,125.7727810148001
2024-06-20 12:00:00,117.3424871600755
2024-06-20 13:00:00,98.65640169434293
2024-06-20 14:00:00,84.24259039551895
2024-06-20 15:00:00,90.92517008172274
2024-06-20 16:00:00,71.83385852138726
2024-06-20 17:00:00,72.31717268382698
2024-06-20 18:00:00,71.29304480621572
2024-06-20 19:00:00,72.18704460680895
2024-06-20 20:00:00,71.20416447141231
2024-06-20 21:00:00,80.76909327191905
2024-06-20 22:00:00,90.5990433243303
2024-06-20 23:00:00,88.28402041844215
2024-06-21 00:00:00,98.15068124450184
2024-06-21 01:00:00,107.8653185316906
2024-06-21 02:00:00,113.7038192938053
2024-06-21 03:00:00,126.269386379976
2024-06-21 04:00:00,109.358229721966
2024-06-21 05:00:00,127.4804788037786
2024-06-21 06:00:00,131.2214716264015
2024-06-21 07:00:00,120.4358856800335
2024-06-21 08:00:00,116.7325590048628
2024-06-21 09:00:00,120.7046788107185
2024-06-21 10:00:00,97.64984048454926
2024-06-21 11:00:00,100.4224459674855
2024-06-21 12:00:00,88.21489490290105
2024-06-21 13:00:00,88.77986312022388
2024-06-21 14:00:00,70.43849955645494
2024-06-21 15:00:00,71.26278961433623
2024-06-21 16:00:00,61.38847324140627
2024-06-21 17:00:00,61.37643311301676
2024-06-21 18:00:00,57.80334074016407
2024-06-21 19:00:00,60.0745367645202
2024-06-21 20:00:00,57.60236335368926
2024-06-21 21:00:00,64.20565035300402
2024-06-21 22:00:00,62.56454093658657
2024-06-21 23:00:00,81.23583856856311
2024-06-22 00:00:00,78.0364634348112
2024-06-22 01:00:00,83.58526000512059
2024-06-22 02:00:00,89.96922666249985
2024-06-22 03:00:00,114.0526988142014
2024-06-22 04:00:00,104.795242432868
2024-06-22 05:00:00,109.450085709126
2024-06-22 06:00:00,112.1170627883972
2024-06-22 07:00:00,117.6251646236484
2024-06-22 08:00:00,103.3844124935084
2024-06-22 09:00:00,95.89018295903976
2024-06-22 10:00:00,103.3455541196793
2024-06-22 11:00:00,94.3013309594601
2024-06-22 12:00:00,79.12943468406958
2024-06-22 13:00:00,77.03105505509674
2024-06-22 14:00:00,65.02036573667965
2024-06-22 15:00:00,61.40123588852104
2024-06-22 16:00:00,62.03068437800273
2024-06-22 17:00:00,58.09282623974433
2024-06-22 18:00:00,54.76675708563358
2024-06-22 19:00:00,51.90622209620173
2024-06-22 20:00:00,61.17226556765369
2024-06-22 21:00:00,61.02895625969822
2024-06-22 22:00:00,66.92810699335533
2024-06-22 23:00:00,72.86466011498914
2024-06-23 00:00:00,81.71426984886764
2024-06-23 01:00:00,99.49446620840419
2024-06-23 02:00:00,102.2112034735443
2024-06-23 03:00:00,103.0910228325194
2024-06-23 04:00:00,107.4072636435471
2024-06-23 05:00:00,126.6701914229044
2024-06-23 06:00:00,125.3538530773164
2024-06-23 07:00:00,132.0735575075921
2024-06-23 08:00:00,120.4271316514158
2024-06-23 09:00:00,117.9728765971529
2024-06-23 10:00:00,119.8183038984944
2024-06-23 11:00:00,94.65943228945005
2024-06-23 12:00:00,102.487366039997
2024-06-23 13:00:00,96.79107218088517
2024-06-23 14:00:00,81.71127001204654
2024-06-23 15:00:00,73.77000425842161
2024-06-23 16:00:00,73.99727448624105
2024-06-23 17:00:00,77.1118857693823
2024-06-23 18:00:00,67.61237178107302
2024-06-23 19:00:00,64.94885715385682
2024-06-23 20:00:00,76.03603239366683
2024-06-23 21:00:00,78.0428991779606
2024-06-23 22:00:00,86.8795257419
2024-06-23 23:00:00,84.98970024315152
2024-06-24 00:00:00,104.5971658078344
2024-06-24 01:00:00,110.8189105948058
2024-06-24 02:00:00,110.1595951221801
2024-06-24 03:00:00,121.2337125346872
2024-06-24 04:00:00,122.5998333890865
2024-06-24 05:00:00,141.2862991621426
2024-06-24 06:00:00,144.7708443961616
2024-06-24 07:00:00,136.3964956331133
2024-06-24 08:00:00,146.0020472071528
2024-06-24 09:00:00,125.9917754829204
2024-06-24 10:00:00,124.3152362912174
2024-06-24 11:00:00,130.7131318769529
2024-06-24 12:00:00,109.2465556079392
2024-06-24 13:00:00,106.4683138381733
2024-06-24 14:00:00,94.70069033851465
2024-06-24 15:00:00,89.76692794388855
2024-06-24 16:00:00,97.9952595426901
2024-06-24 17:00:00,87.79218702476847
2024-06-24 18:00:00,94.24508529785355
2024-06-24 19:00:00,86.97715710686633
2024-06-24 20:00:00,83.94838591112097
2024-06-24 21:00:00,84.67114378676604
2024-06-24 22:00:00,95.62072650632513
2024-06-24 23:00:00,102.940463424685
2024-06-25 00:00:00,118.1096839152693
2024-06-25 01:00:00,125.225391128323
2024-06-25 02:00:00,123.7428739324576
2024-06-25 03:00:00,134.7049589023336
2024-06-25 04:00:00,142.7549916092132
2024-06-25 05:00:00,150.630084003117
2024-06-25 06:00:00,148.4624580019668
2024-06-25 07:00:00,152.0406183077031
2024-06-25 08:00:00,158.7774813602763
2024-06-25 09:00:00,150.0874048807449
2024-06-25 10:00:00,141.520068679351
2024-06-25 11:00:00,123.50396506338
2024-06-25 12:00:00,128.2576527206533
2024-06-25 13:00:00,120.4792292996551
2024-06-25 14:00:00,113.3587136696342
2024-06-25 15:00:00,92.81361883356493
2024-06-25 16:00:00,93.0062241390909
2024-06-25 17:00:00,98.40882804150229
2024-06-25 18:00:00,98.98840365833478
2024-06-25 19:00:00,95.01693252374838
2024-06-25 20:00:00,98.63321168190295
2024-06-25 21:00:00,109.1563302751571
2024-06-25 22:00:00,98.04706688046247
2024-06-25 23:00:00,122.0314152374003
2024-06-26 00:00:00,119.0574593577599
2024-06-26 01:00:00,132.2351877943509
2024-06-26 02:00:00,148.0295001032687
2024-06-26 03:00:00,154.2783969117543
2024-06-26 04:00:00,135.2262815335638
2024-06-26 05:00:00,145.4328606446778
2024-06-26 06:00:00,136.0799256595494
2024-06-26 07:00:00,139.6706205006996
2024-06-26 08:00:00,158.0164320407773
2024-06-26 09:00:00,140.2795147814759
2024-06-26 10:00:00,144.8370220162556
2024-06-26 11:00:00,129.4111691520045
2024-06-26 12:00:00,109.2526474013879
2024-06-26 13:00:00,104.0344292589801
2024-06-26 14:00:00,101.1475300457715
2024-06-26 15:00:00,98.32818409151493
2024-06-26 16:00:00,86.4626484055901
2024-06-26 17:00:00,86.85774776716308
2024-06-26 18:00:00,87.05383885647774
2024-06-26 19:00:00,91.44942594904994
2024-06-26 20:00:00,78.78531449125092
2024-06-26 21:00:00,87.0925724503189
2024-06-26 22:00:00,96.3971972561289
2024-06-26 23:00:00,110.257937743052
2024-06-27 00:00:00,111.574360706687
2024-06-27 01:00:00,126.9965850980877
2024-06-27 02:00:00,133.1498426271942
2024-06-27 03:00:00,117.3645001602062
2024-06-27 04:00:00,137.406969328827
2024-06-27 05:00:00,124.5704217339971
2024-06-27 06:00:00,135.3816519001957
2024-06-27 07:00:00,147.1633408116125
2024-06-27 08:00:00,137.5530155832629
2024-06-27 09:00:00,122.3895608957551
2024-06-27 10:00:00,110.2832185224102
2024-06-27 11:00:00,113.6592061701104
2024-06-27 12:00:00,102.0634633941713
2024-06-27 13:00:00,98.86087671384321
2024-06-27 14:00:00,88.57262846034482
2024-06-27 15:00:00,75.35272016832302
2024-06-27 16:00:00,76.55128648811672
2024-06-27 17:00:00,63.28687662352228
2024-06-27 18:00:00,72.81682028237444
2024-06-27 19:00:00,66.90243230946211
2024-06-27 20:00:00,74.28407692831149
2024-06-27 21:00:00,76.94194988346057
2024-06-27 22:00:00,88.04077496695751
2024-06-27 23:00:00,96.24559294577229
2024-06-28 00:00:00,97.89272994003467
2024-06-28 01:00:00,95.56107885352424
2024-06-28 02:00:00,107.1650880360864
2024-06-28 03:00:00,105.2159835889074
2024-06-28 04:00:00,106.7472553989837
2024-06-28 05:00:00,126.6673207505598
2024-06-28 06:00:00,125.5034732515739
2024-06-28 07:00:00,118.9249216778614
2024-06-28 08:00:00,101.2409777221658
2024-06-28 09:00:00,115.7678339351025
2024-06-28 10:00:00,95.77181188422209
2024-06-28 11:00:00,92.69740569978843
2024-06-28 12:00:00,90.25040516437242
2024-06-28 13:00:00,77.659117828719
2024-06-28 14:00:00,69.08502040427005
2024-06-28 15:00:00,67.53138269685758
2024-06-28 16:00:00,55.07278871454564
2024-06-28 17:00:00,50.76460855467952
2024-06-28 18:00:00,56.85527475949207
2024-06-28 19:00:00,55.67512929855069
2024-06-28 20:00:00,52.36399382869238
2024-06-28 21:00:00,55.52273456663603
2024-06-28 22:00:00,66.30080356566957
2024-06-28 23:00:00,72.35568887811208
2024-06-29 00:00:00,82.53854250734322
2024-06-29 01:00:00,91.62680680853163
2024-06-29 02:00:00,91.01072291738285
2024-06-29 03:00:00,108.1071567533216
2024-06-29 04:00:00,95.20442656553394
2024-06-29 05:00:00,101.9191608670893
2024-06-29 06:00:00,121.176115696735
2024-06-29 07:00:00,117.5209401124214
2024-06-29 08:00:00,103.2647950636359
2024-06-29 09:00:00,107.8110372833062
2024-06-29 10:00:00,103.3877480854895
2024-06-29 11:00:00,98.57939303767797
2024-06-29 12:00:00,88.76061526771977
2024-06-29 13:00:00,75.21335055860067
2024-06-29 14:00:00,64.74077393409297
2024-06-29 15:00:00,63.54121435543622
2024-06-29 16:00:00,59.23396623017494
2024-06-29 17:00:00,50.37355407236124
2024-06-29 18:00:00,53.24834719845176
2024-06-29 19:00:00,54.2863264813283
2024-06-29 20:00:00,53.48691572373992
2024-06-29 21:00:00,63.43515138803963
2024-06-29 22:00:00,69.56473875552429
2024-06-29 23:00:00,67.25199721579396
2024-06-30 00:00:00,86.34055266381922
2024-06-30 01:00:00,81.09056871148948
2024-06-30 02:00:00,105.6203995792795
2024-06-30 03:00:00,102.1891617796347
2024-06-30 04:00:00,117.4353977917219
2024-06-30 05:00:00,116.8670510401842
2024-06-30 06:00:00,114.5497144103795
2024-06-30 07:00:00,121.5573739100364
2024-06-30 08:00:00,114.8212654939407
2024-06-30 09:00:00,103.1076072999133
2024-06-30 10:00:00,105.3254119273512
2024-06-30 11:00:00,100.1479616358856
2024-06-30 12:00:00,101.9051013455766
2024-06-30 13:00:00,80.38316774968611
2024-06-30 14:00:00,85.60347514975066
2024-06-30 15:00:00,72.42745032101342
2024-06-30 16:00:00,66.38535633644476
2024-06-30 17:00:00,65.00641612353188
2024-06-30 18:00:00,67.72216961767467
2024-06-30 19:00:00,60.41332331560469
2024-06-30 20:00:00,68.0853873769246
2024-06-30 21:00:00,67.84940305197354
2024-06-30 22:00:00,86.16044486778249
2024-06-30 23:00:00,96.07686786854198
2024-07-01 00:00:00,90.51471026822679
2024-07-01 01:00:00,106.8996345883362
2024-07-01 02:00:00,125.1178030414922
2024-07-01 03:00:00,130.0401841423177
2024-07-01 04:00:00,130.0235277552648
2024-07-01 05:00:00,132.5222693478063
2024-07-01 06:00:00,137.2510529206199
2024-07-01 07:00:00,134.110304472318
2024-07-01 08:00:00,144.0111487030718
2024-07-01 09:00:00,119.4827463271947
2024-07-01 10:00:00,127.4013291666518
2024-07-01 11:00:00,122.6385895060219
2024-07-01 12:00:00,98.79599882677905
2024-07-01 13:00:00,107.0591924462985
2024-07-01 14:00:00,90.41638253411797
2024-07-01 15:00:00,93.6233189569205
2024-07-01 16:00:00,78.70976765525934
2024-07-01 17:00:00,74.57699695418381
2024-07-01 18:00:00,78.49330066391252
2024-07-01 19:00:00,91.23034258685422
2024-07-01 20:00:00,86.20745305961741
2024-07-01 21:00:00,87.17024019476318
2024-07-01 22:00:00,101.9580064065791
2024-07-01 23:00:00,122.0619500030936
2024-07-02 00:00:00,117.722831313361
2024-07-02 01:00:00,140.3836473080433
2024-07-02 02:00:00,134.7406137050183
2024-07-02 03:00:00,148.5569928654299
2024-07-02 04:00:00,153.0775512354487
2024-07-02 05:00:00,154.4519095326924
2024-07-02 06:00:00,144.899907747931
2024-07-02 07:00:00,156.8899495367556
2024-07-02 08:00:00,135.1419560583205
2024-07-02 09:00:00,140.8195497877698
2024-07-02 10:00:00,129.7948826298019
2024-07-02 11:00:00,123.3522706741351
2024-07-02 12:00:00,129.4559536600536
2024-07-02 13:00:00,111.4351360622091
2024-07-02 14:00:00,105.8056367105721
2024-07-02 15:00:00,96.90735795930262
2024-07-02 16:00:00,98.46791290581035
2024-07-02 17:00:00,85.08033026972065
2024-07-02 18:00:00,86.63898763922118
2024-07-02 19:00:00,93.80128061658102
2024-07-02 20:00:00,87.90522469345004
2024-07-02 21:00:00,100.8350236438142
2024-07-02 22:00:00,105.2079065554539
2024-07-02 23:00:00,104.1464533618927
2024-07-03 00:00:00,120.1152430724766
2024-07-03 01:00:00,125.0586559216308
2024-07-03 02:00:00,144.5800550914735
2024-07-03 03:00:00,146.6289535783232
2024-07-03 04:00:00,137.2558467484041
2024-07-03 05:00:00,158.6402912783431
2024-07-03 06:00:00,133.8697506311632
2024-07-03 07:00:00,136.2002751702591
2024-07-03 08:00:00,139.46399307719
2024-07-03 09:00:00,138.2739548239894
2024-07-03 10:00:00,141.1062872567538
2024-07-03 11:00:00,135.3062334527326
2024-07-03 12:00:00,125.6316211782873
2024-07-03 13:00:00,109.444239151271
2024-07-03 14:00:00,94.30816699565555
2024-07-03 15:00:00,95.84157845248028
2024-07-03 16:00:00,84.44755308424594
2024-07-03 17:00:00,76.5975460418663
2024-07-03 18:00:00,90.96331922579937
2024-07-03 19:00:00,85.18498819227445
2024-07-03 20:00:00,89.87042391482642
2024-07-03 21:00:00,86.40398811213458
2024-07-03 22:00:00,98.64899417148315
2024-07-03 23:00:00,106.6380421356046
2024-07-04 00:00:00,102.9756210666765
2024-07-04 01:00:00,126.4022668845102
2024-07-04 02:00:00,124.118354807372
2024-07-04 03:00:00,140.3637870309462
2024-07-04 04:00:00,125.1988319074746
2024-07-04 05:00:00,132.1492831426959
2024-07-04 06:00:00,146.0853653817263
2024-07-04 07:00:00,137.4229028328695
2024-07-04 08:00:00,125.1294507793131
2024-07-04 09:00:00,120.3934689366104
2024-07-04 10:00:00,113.2595494840076
2024-07-04 11:00:00,99.96960555144331
2024-07-04 12:00:00,103.3430690087226
2024-07-04 13:00:00,86.87604784662078
2024-07-04 14:00:00,91.27416123133344
2024-07-04 15:00:00,84.9123786821302
2024-07-04 16:00:00,75.02381391493961
2024-07-04 17:00:00,65.8982072332
2024-07-04 18:00:00,66.8644372687886
2024-07-04 19:00:00,71.2685170062325
2024-07-04 20:00:00,63.65731498467768
2024-07-04 21:00:00,72.3709014664853
2024-07-04 22:00:00,76.61438658802173
2024-07-04 23:00:00,82.42436738167757
2024-07-05 00:00:00,84.10949584905137
2024-07-05 01:00:00,100.2276120910507
2024-07-05 02:00:00,113.9715184755307
2024-07-05 03:00:00,108.1872211102659
2024-07-05 04:00:00,125.4640834822216
2024-07-05 05:00:00,117.7016017011978
2024-07-05 06:00:00,122.1530678825106
2024-07-05 07:00:00,129.5897932266724
2024-07-05 08:00:00,116.2844112607235
2024-07-05 09:00:00,113.8684754226728
2024-07-05 10:00:00,98.43031541706043
2024-07-05 11:00:00,90.9011010455353
2024-07-05 12:00:00,81.7567737605126
2024-07-05 13:00:00,83.24146317369417
2024-07-05 14:00:00,65.30239174711008
2024-07-05 15:00:00,63.07518383973652
2024-07-05 16:00:00,55.95958020027753
2024-07-05 17:00:00,54.56419739229746
2024-07-05 18:00:00,56.28632794098867
2024-07-05 19:00:00,56.22937826861713
2024-07-05 20:00:00,57.52220979196571
2024-07-05 21:00:00,60.86111781491827
2024-07-05 22:00:00,62.92433669797515
2024-07-05 23:00:00,78.43205564095433
2024-07-06 00:00:00,85.0651494664135
2024-07-06 01:00:00,88.81530339679024
2024-07-06 02:00:00,90.32747509489973
2024-07-06 03:00:00,109.5505719066949
2024-07-06 04:00:00,98.80290639406242
2024-07-06 05:00:00,109.2331236532905
2024-07-06 06:00:00,105.5217320995553
2024-07-06 07:00:00,117.0347014105725
2024-07-06 08:00:00,101.3949769087163
2024-07-06 09:00:00,109.8224172312722
2024-07-06 10:00:00,98.88249490155162
2024-07-06 11:00:00,86.63213770833013
2024-07-06 12:00:00,82.28326779423439
2024-07-06 13:00:00,69.81164093374103
2024-07-06 14:00:00,73.99413710992508
2024-07-06 15:00:00,63.85964665846868
2024-07-06 16:00:00,55.46530335551726
2024-07-06 17:00:00,56.73355846255819
2024-07-06 18:00:00,59.45147611467214
2024-07-06 19:00:00,53.15517048927617
2024-07-06 20:00:00,53.56476769370155
2024-07-06 21:00:00,59.29878979195249
2024-07-06 22:00:00,70.40784236104393
2024-07-06 23:00:00,84.60726142616896
2024-07-07 00:00:00,94.61981807453643
2024-07-07 01:00:00,105.2668611588761
2024-07-07 02:00:00,98.29038131820552
2024-07-07 03:00:00,104.4099357273951
2024-07-07 04:00:00,117.7514425424008
2024-07-07 05:00:00,117.7820515647135
2024-07-07 06:00:00,117.4502788246616
2024-07-07 07:00:00,127.6421142502843
2024-07-07 08:00:00,119.9894777147472
2024-07-07 09:00:00,103.0391489542018
2024-07-07 10:00:00,102.6142810928379
2024-07-07 11:00:00,113.271919462233
2024-07-07 12:00:00,88.18519619424008
2024-07-07 13:00:00,95.43678367980385
2024-07-07 14:00:00,80.10159035167715
2024-07-07 15:00:00,83.75591470607783
2024-07-07 16:00:00,75.01833555561642
2024-07-07 17:00:00,68.05147482841892
2024-07-07 18:00:00,65.28740908326773
2024-07-07 19:00:00,76.3595926865897
2024-07-07 20:00:00,76.42804174943096
2024-07-07 21:00:00,78.38361400854556
2024-07-07 22:00:00,79.57562189098572
2024-07-07 23:00:00,84.87664943532346
2024-07-08 00:00:00,102.0301709925544
2024-07-08 01:00:00,106.6125595037343
2024-07-08 02:00:00,115.3475743487227
2024-07-08 03:00:00,121.287075701826
2024-07-08 04:00:00,125.9141268134998
2024-07-08 05:00:00,135.0994671528462
2024-07-08 06:00:00,149.6997802383255
2024-07-08 07:00:00,137.0036099688349
2024-07-08 08:00:00,125.5905020986544
2024-07-08 09:00:00,123.4538843767765
2024-07-08 10:00:00,121.3013051980519
2024-07-08 11:00:00,123.0651989466916
2024-07-08 12:00:00,105.2737673287307
2024-07-08 13:00:00,111.0435115974891
2024-07-08 14:00:00,106.1358707633593
2024-07-08 15:00:00,96.85806289513091
2024-07-08 16:00:00,90.7521840915118
2024-07-08 17:00:00,91.5078289961743
2024-07-08 18:00:00,83.41680364100864
2024-07-08 19:00:00,95.22183381934587
2024-07-08 20:00:00,91.48933686575987
2024-07-08 21:00:00,105.0512374391411
2024-07-08 22:00:00,107.2763360287428
2024-07-08 23:00:00,110.1351682080585
2024-07-09 00:00:00,118.957309311136
2024-07-09 01:00:00,137.013763661085
2024-07-09 02:00:00,134.35427343406
2024-07-09 03:00:00,150.1623805179999
2024-07-09 04:00:00,158.6555907819482
2024-07-09 05:00:00,150.6869553462913
2024-07-09 06:00:00,153.201161576456
2024-07-09 07:00:00,148.7591115288699
2024-07-09 08:00:00,159.8348797700127
2024-07-09 09:00:00,138.7898069329179
2024-07-09 10:00:00,123.8465774595192
2024-07-09 11:00:00,134.0606607589787
2024-07-09 12:00:00,120.1079603919493
2024-07-09 13:00:00,110.0391424858858
2024-07-09 14:00:00,98.34648035539384
2024-07-09 15:00:00,109.6894077351186
2024-07-09 16:00:00,87.64737640990492
2024-07-09 17:00:00,87.01633409080038
2024-07-09 18:00:00,85.14462804331886
2024-07-09 19:00:00,93.45162328123912
2024-07-09 20:00:00,107.1162711387124
2024-07-09 21:00:00,104.9160700831937
2024-07-09 22:00:00,107.9644957701256
2024-07-09 23:00:00,118.6740272297682
2024-07-10 00:00:00,136.0206722044594
2024-07-10 01:00:00,145.134976580619
2024-07-10 02:00:00,129.2394829290598
2024-07-10 03:00:00,153.8019182920486
2024-07-10 04:00:00,145.4257227594285
2024-07-10 05:00:00,137.8200607818681
2024-07-10 06:00:00,150.3155366067691
2024-07-10 07:00:00,157.8730792831262
2024-07-10 08:00:00,137.8375247543055
2024-07-10 09:00:00,137.6904264294628
2024-07-10 10:00:00,128.4687144115827
2024-07-10 11:00:00,126.0677934551982
2024-07-10 12:00:00,115.3120550957046
2024-07-10 13:00:00,124.1670738815068
2024-07-10 14:00:00,96.6559689454905
2024-07-10 15:00:00,101.8932333795938
2024-07-10 16:00:00,91.29567991099971
2024-07-10 17:00:00,97.93100470592692
2024-07-10 18:00:00,89.34046600447469
2024-07-10 19:00:00,93.47259443634651
2024-07-10 20:00:00,88.19969330743315
2024-07-10 21:00:00,82.90850256419257
2024-07-10 22:00:00,97.77327804942897
2024-07-10 23:00:00,100.2247953994658
2024-07-11 00:00:00,112.6126960909468
2024-07-11 01:00:00,117.8201411499374
2024-07-11 02:00:00,132.9176754029535
2024-07-11 03:00:00,138.9086688347572
2024-07-11 04:00:00,123.9204226691915
2024-07-11 05:00:00,135.489686138467
2024-07-11 06:00:00,137.8204100220416
2024-07-11 07:00:00,148.3787645912079
2024-07-11 08:00:00,135.0634047227945
2024-07-11 09:00:00,139.6373035483095
2024-07-11 10:00:00,119.5553763824241
2024-07-11 11:00:00,121.5586263162174
2024-07-11 12:00:00,107.1396082318832
2024-07-11 13:00:00,95.92187499914195
2024-07-11 14:00:00,85.46444015036727
2024-07-11 15:00:00,77.43199385559132
2024-07-11 16:00:00,83.79316552246769
2024-07-11 17:00:00,70.56186684247756
2024-07-11 18:00:00,64.0473535377797
2024-07-11 19:00:00,70.27737743171171
2024-07-11 20:00:00,64.69323155044654
2024-07-11 21:00:00,77.59672133666525
2024-07-11 22:00:00,74.22769591649359
2024-07-11 23:00:00,86.01971407494993
2024-07-12 00:00:00,100.8004500129977
2024-07-12 01:00:00,110.0444246244554
2024-07-12 02:00:00,117.0171382015138
2024-07-12 03:00:00,118.1060559618085
2024-07-12 04:00:00,123.2787703511741
2024-07-12 05:00:00,128.1678777115414
2024-07-12 06:00:00,132.9323734925744
2024-07-12 07:00:00,127.5784635298387
2024-07-12 08:00:00,130.3075006265279
2024-07-12 09:00:00,107.8122522344136
2024-07-12 10:00:00,103.7513256677036
2024-07-12 11:00:00,102.8765737414394
2024-07-12 12:00:00,89.86131682573225
2024-07-12 13:00:00,78.86491265421074
2024-07-12 14:00:00,80.75368258625593
2024-07-12 15:00:00,68.45915928570899
2024-07-12 16:00:00,57.52778855137006
2024-07-12 17:00:00,58.24907716569865
2024-07-12 18:00:00,58.73371789677864
2024-07-12 19:00:00,60.91199722997694
2024-07-12 20:00:00,56.71505091780082
2024-07-12 21:00:00,60.57525936094944
2024-07-12 22:00:00,69.55560431045099
2024-07-12 23:00:00,82.15650292734401
2024-07-13 00:00:00,93.54043738704401
2024-07-13 01:00:00,94.9147514423793
2024-07-13 02:00:00,91.1096573830733
2024-07-13 03:00:00,112.7138490161227
2024-07-13 04:00:00,117.2326045549818
2024-07-13 05:00:00,104.8042940427461
2024-07-13 06:00:00,110.2463515147168
2024-07-13 07:00:00,116.9965109252691
2024-07-13 08:00:00,113.3679117873096
2024-07-13 09:00:00,112.9100661933512
2024-07-13 10:00:00,109.6884644178864
2024-07-13 11:00:00,84.56757669204138
2024-07-13 12:00:00,82.6910476957597
2024-07-13 13:00:00,80.56609285917101
2024-07-13 14:00:00,74.00532074148735
2024-07-13 15:00:00,62.63628517008696
2024-07-13 16:00:00,59.59463279397024
2024-07-13 17:00:00,54.06117648135282
2024-07-13 18:00:00,54.85623311431674
2024-07-13 19:00:00,54.49448335967747
2024-07-13 20:00:00,57.52159920594909
2024-07-13 21:00:00,68.7382231561901
2024-07-13 22:00:00,74.65778176066917
2024-07-13 23:00:00,80.5651822052752
2024-07-14 00:00:00,82.86911439416454
2024-07-14 01:00:00,100.8654749397149
2024-07-14 02:00:00,95.59793060855282
2024-07-14 03:00:00,123.5261422996521
2024-07-14 04:00:00,125.0479184084156
2024-07-14 05:00:00,108.9188756642035
2024-07-14 06:00:00,128.9169852870275
2024-07-14 07:00:00,127.892408623304
2024-07-14 08:00:00,115.5110422858371
2024-07-14 09:00:00,114.8907909138058
2024-07-14 10:00:00,100.1219784719586
2024-07-14 11:00:00,106.808602290951
2024-07-14 12:00:00,100.131908500806
2024-07-14 13:00:00,77.76092688885035
2024-07-14 14:00:00,86.68336442639209
2024-07-14 15:00:00,78.02236244342505
2024-07-14 16:00:00,73.8441824244471
2024-07-14 17:00:00,64.5394738921637
2024-07-14 18:00:00,67.60318231401921
2024-07-14 19:00:00,77.2820099204222
2024-07-14 20:00:00,78.53912565896515
2024-07-14 21:00:00,82.30727233399963
2024-07-14 22:00:00,90.42098220539394
2024-07-14 23:00:00,104.6791593590903
2024-07-15 00:00:00,102.760925759578
2024-07-15 01:00:00,127.9944046005672
2024-07-15 02:00:00,128.3934619935931
2024-07-15 03:00:00,123.0337996117212
2024-07-15 04:00:00,143.7851944727256
2024-07-15 05:00:00,146.4029472136662
2024-07-15 06:00:00,150.8543964520371
2024-07-15 07:00:00,134.8035036977781
2024-07-15 08:00:00,145.92150292364
2024-07-15 09:00:00,133.932988847063
2024-07-15 10:00:00,132.8498855867656
2024-07-15 11:00:00,107.7107201524227
2024-07-15 12:00:00,110.3898420597031
2024-07-15 13:00:00,93.58222994396293
2024-07-15 14:00:00,104.6224058373284
2024-07-15 15:00:00,90.74529489478162
2024-07-15 16:00:00,86.74948952210286
2024-07-15 17:00:00,92.62659852787344
2024-07-15 18:00:00,82.05968327095333
2024-07-15 19:00:00,92.52371032437631
2024-07-15 20:00:00,88.09698603814437
2024-07-15 21:00:00,92.24877959205773
2024-07-15 22:00:00,105.6655650143948
2024-07-15 23:00:00,104.2820417823719
2024-07-16 00:00:00,122.822643415353
2024-07-16 01:00:00,143.5222195196923
2024-07-16 02:00:00,136.3223079871936
2024-07-16 03:00:00,136.2452446168808
2024-07-16 04:00:00,161.1280611475658
2024-07-16 05:00:00,166.8906307810848
2024-07-16 06:00:00,158.6570868945844
2024-07-16 07:00:00,154.3544991670855
2024-07-16 08:00:00,151.6240343415668
2024-07-16 09:00:00,129.900264012386
2024-07-16 10:00:00,147.7218411320887
2024-07-16 11:00:00,138.1366921584192
2024-07-16 12:00:00,121.9663246510379
2024-07-16 13:00:00,105.5867334001897
2024-07-16 14:00:00,99.75375389927984
2024-07-16 15:00:00,98.27618926672325
2024-07-16 16:00:00,97.830751650225
2024-07-16 17:00:00,99.63735070944978
2024-07-16 18:00:00,106.4366336968734
2024-07-16 19:00:00,104.8242193926395
2024-07-16 20:00:00,103.4455863796153
2024-07-16 21:00:00,119.1205842609771
2024-07-16 22:00:00,112.300008702057
2024-07-16 23:00:00,116.6282413159311
2024-07-17 00:00:00,124.8857828280347
2024-07-17 01:00:00,130.3330926288627
2024-07-17 02:00:00,151.8221935947432
2024-07-17 03:00:00,149.8959864816081
2024-07-17 04:00:00,144.2507112158225
2024-07-17 05:00:00,146.2715297010041
2024-07-17 06:00:00,143.0793596014501
2024-07-17 07:00:00,151.3425495123049
2024-07-17 08:00:00,153.7942305342356
2024-07-17 09:00:00,142.4587020903595
2024-07-17 10:00:00,148.637754688806
2024-07-17 11:00:00,138.3179934291259
2024-07-17 12:00:00,121.9519141364487
2024-07-17 13:00:00,108.9403846740766
2024-07-17 14:00:00,98.64917610818279
2024-07-17 15:00:00,105.2454031465998
2024-07-17 16:00:00,102.1750736246724
2024-07-17 17:00:00,96.34048276187636
2024-07-17 18:00:00,87.330384262995
2024-07-17 19:00:00,94.44047848776145
2024-07-17 20:00:00,95.51523616288017
2024-07-17 21:00:00,95.24536123724037
2024-07-17 22:00:00,94.56930311790369
2024-07-17 23:00:00,96.91893828180444
2024-07-18 00:00:00,102.3278642179633
2024-07-18 01:00:00,127.1917527131399
2024-07-18 02:00:00,115.0226355013597
2024-07-18 03:00:00,138.8283502685951
2024-07-18 04:00:00,143.0605499034547
2024-07-18 05:00:00,139.5908043351365
2024-07-18 06:00:00,146.5865322977931
2024-07-18 07:00:00,150.6623103799219
2024-07-18 08:00:00,149.3908636729013
2024-07-18 09:00:00,142.4162753212585
2024-07-18 10:00:00,134.409478454164
2024-07-18 11:00:00,108.5390237350137
2024-07-18 12:00:00,104.0812405185451
2024-07-18 13:00:00,98.49350216749681
2024-07-18 14:00:00,94.98603201770473
2024-07-18 15:00:00,88.97774836272289
2024-07-18 16:00:00,79.41014291601797
2024-07-18 17:00:00,78.22854531470419
2024-07-18 18:00:00,72.98324092155394
2024-07-18 19:00:00,66.56388378868151
2024-07-18 20:00:00,68.92890484499029
2024-07-18 21:00:00,77.55703739698916
2024-07-18 22:00:00,78.01301300799585
2024-07-18 23:00:00,83.69484274920855
2024-07-19 00:00:00,105.2576996412222
2024-07-19 01:00:00,104.4165197250506
2024-07-19 02:00:00,121.7393624299637
2024-07-19 03:00:00,128.7833441230582
2024-07-19 04:00:00,127.8827989102082
2024-07-19 05:00:00,119.8261653334408
2024-07-19 06:00:00,113.972326509644
2024-07-19 07:00:00,125.4786414367501
2024-07-19 08:00:00,118.6645713742134
2024-07-19 09:00:00,124.730093354455
2024-07-19 10:00:00,96.59455671040047
2024-07-19 11:00:00,104.2165398294404
2024-07-19 12:00:00,94.03353994247767
2024-07-19 13:00:00,79.35332372708852
2024-07-19 14:00:00,70.25224435368932
2024-07-19 15:00:00,65.23485471530115
2024-07-19 16:00:00,58.5482514531814
2024-07-19 17:00:00,55.52227172885459
2024-07-19 18:00:00,65.30539589646341
2024-07-19 19:00:00,58.78399024820146
2024-07-19 20:00:00,63.90856281829426
2024-07-19 21:00:00,75.56825756824607
2024-07-19 22:00:00,83.36702613523556
2024-07-19 23:00:00,86.67377671060659
2024-07-20 00:00:00,90.6391018887992
2024-07-20 01:00:00,96.21110810111806
2024-07-20 02:00:00,105.3399445541508
2024-07-20 03:00:00,112.4360835337864
2024-07-20 04:00:00,114.699233291052
2024-07-20 05:00:00,120.0186730118991
2024-07-20 06:00:00,120.3748901784073
2024-07-20 07:00:00,114.2229009278912
2024-07-20 08:00:00,120.2812024657042
2024-07-20 09:00:00,111.5200170868381
2024-07-20 10:00:00,109.2285044472229
2024-07-20 11:00:00,87.33810702150035
2024-07-20 12:00:00,88.65990945946929
2024-07-20 13:00:00,77.95295900346738
2024-07-20 14:00:00,75.46362946053718
2024-07-20 15:00:00,65.51018889416284
2024-07-20 16:00:00,64.52765597385472
2024-07-20 17:00:00,58.6485100768902
2024-07-20 18:00:00,59.23130445723553
2024-07-20 19:00:00,56.53648980188041
2024-07-20 20:00:00,66.91607792152497
2024-07-20 21:00:00,67.46341291895655
2024-07-20 22:00:00,82.48394621933467
2024-07-20 23:00:00,91.13474554526847
2024-07-21 00:00:00,84.94375330030796
2024-07-21 01:00:00,111.627306487906
2024-07-21 02:00:00,118.7631555068214
2024-07-21 03:00:00,105.1125752339731
2024-07-21 04:00:00,126.4303747325732
2024-07-21 05:00:00,121.4327389094755
2024-07-21 06:00:00,119.0984213176573
2024-07-21 07:00:00,126.0405455950743
2024-07-21 08:00:00,114.7548989914232
2024-07-21 09:00:00,119.4886110943599
2024-07-21 10:00:00,120.3853812111503
2024-07-21 11:00:00,116.4190020793499
2024-07-21 12:00:00,100.7442027989695
2024-07-21 13:00:00,94.48244976085778
2024-07-21 14:00:00,91.28221640057133
2024-07-21 15:00:00,87.2224781573408
2024-07-21 16:00:00,86.50896550892371
2024-07-21 17:00:00,72.27866391661331
2024-07-21 18:00:00,69.70971440265544
2024-07-21 19:00:00,70.00722874443255
2024-07-21 20:00:00,84.54484285022554
2024-07-21 21:00:00,84.3609828164087
2024-07-21 22:00:00,82.63279466522438
2024-07-21 23:00:00,106.3632897837212
2024-07-22 00:00:00,105.071380696183
2024-07-22 01:00:00,113.1898155322577
2024-07-22 02:00:00,119.1204055488998
2024-07-22 03:00:00,132.5589921991667
2024-07-22 04:00:00,125.1453993555136
2024-07-22 05:00:00,137.5431183812034
2024-07-22 06:00:00,150.351495103958
2024-07-22 07:00:00,138.9244028111273
2024-07-22 08:00:00,136.0214507576207
2024-07-22 09:00:00,146.3609196114368
2024-07-22 10:00:00,147.5276927837494
2024-07-22 11:00:00,121.078421424907
2024-07-22 12:00:00,132.8002108464584
2024-07-22 13:00:00,112.0129073314594
2024-07-22 14:00:00,99.90378948911892
2024-07-22 15:00:00,112.7918880211755
2024-07-22 16:00:00,93.98422650465388
2024-07-22 17:00:00,95.77718637712596
2024-07-22 18:00:00,89.69368251867859
2024-07-22 19:00:00,92.57661871809346
2024-07-22 20:00:00,95.83564408729319
2024-07-22 21:00:00,93.96279653557929
2024-07-22 22:00:00,100.1097936148994
2024-07-22 23:00:00,121.3860703579181
2024-07-23 00:00:00,128.0264668183127
2024-07-23 01:00:00,120.4151269181188
2024-07-23 02:00:00,136.6891495478448
2024-07-23 03:00:00,137.9786668185476
2024-07-23 04:00:00,155.8065460783619
2024-07-23 05:00:00,164.0148240100891
2024-07-23 06:00:00,153.0779371874072
2024-07-23 07:00:00,142.7891699539732
2024-07-23 08:00:00,145.0548156875391
2024-07-23 09:00:00,157.143243366492
2024-07-23 10:00:00,143.5216618864606
2024-07-23 11:00:00,145.8780364075084
2024-07-23 12:00:00,124.5992061457557
2024-07-23 13:00:00,109.8200126869311
2024-07-23 14:00:00,122.0796902331244
2024-07-23 15:00:00,112.0768561667993
2024-07-23 16:00:00,93.31139844484493
2024-07-23 17:00:00,102.38075201491
2024-07-23 18:00:00,92.72716800592187
2024-07-23 19:00:00,109.7834461609477
2024-07-23 20:00:00,101.7651145537245
2024-07-23 21:00:00,117.1689516528306
2024-07-23 22:00:00,121.7006076555384
2024-07-23 23:00:00,123.0223652970935
2024-07-24 00:00:00,126.5763456672283
2024-07-24 01:00:00,149.7414255305534
2024-07-24 02:00:00,138.0080563996436
2024-07-24 03:00:00,164.7898321355221
2024-07-24 04:00:00,146.5108762649102
2024-07-24 05:00:00,142.4293614705917
2024-07-24 06:00:00,164.3705293460199
2024-07-24 07:00:00,159.3489969456479
2024-07-24 08:00:00,141.4354155902594
2024-07-24 09:00:00,148.6955676284804
2024-07-24 10:00:00,148.2647954509789
2024-07-24 11:00:00,124.0581443511357
2024-07-24 12:00:00,121.6480612988167
2024-07-24 13:00:00,109.1176543173933
2024-07-24 14:00:00,105.297826551374
2024-07-24 15:00:00,104.7256031076025
2024-07-24 16:00:00,88.14648670249487
2024-07-24 17:00:00,92.61519890387656
2024-07-24 18:00:00,88.4578747442394
2024-07-24 19:00:00,96.41888865682515
2024-07-24 20:00:00,96.17573086891342
2024-07-24 21:00:00,101.709009054624
2024-07-24 22:00:00,113.8784268743394
2024-07-24 23:00:00,126.6175468643526
2024-07-25 00:00:00,114.6532266079446
2024-07-25 01:00:00,122.5363751280874
2024-07-25 02:00:00,140.1613171575087
2024-07-25 03:00:00,129.6183398275758
2024-07-25 04:00:00,147.1996938435183
2024-07-25 05:00:00,141.1905649515408
2024-07-25 06:00:00,145.6659594134912
2024-07-25 07:00:00,133.1529730938529
2024-07-25 08:00:00,126.1560491978524
2024-07-25 09:00:00,140.8293221119902
2024-07-25 10:00:00,118.2603523352312
2024-07-25 11:00:00,121.4409814812875
2024-07-25 12:00:00,103.6525857430103
2024-07-25 13:00:00,96.716032927861
2024-07-25 14:00:00,97.19444864467832
2024-07-25 15:00:00,79.67066734153362
2024-07-25 16:00:00,81.56016552565603
2024-07-25 17:00:00,76.32125633703146
2024-07-25 18:00:00,68.11106345099265
2024-07-25 19:00:00,67.79154008611833
2024-07-25 20:00:00,72.61061020330808
2024-07-25 21:00:00,72.44192746997462
2024-07-25 22:00:00,76.72752089005908
2024-07-25 23:00:00,92.26156659385067
2024-07-26 00:00:00,101.5845533675507
2024-07-26 01:00:00,110.9716766449776
2024-07-26 02:00:00,118.8606909543683
2024-07-26 03:00:00,121.3908585347668
2024-07-26 04:00:00,113.0291366589393
2024-07-26 05:00:00,122.6863322794097
2024-07-26 06:00:00,120.394704150576
2024-07-26 07:00:00,127.791623624237
2024-07-26 08:00:00,128.895751236214
2024-07-26 09:00:00,114.7649488332201
2024-07-26 10:00:00,104.1858063770132
2024-07-26 11:00:00,107.4171632057679
2024-07-26 12:00:00,87.99938444050908
2024-07-26 13:00:00,95.47919178215705
2024-07-26 14:00:00,86.72822845788703
2024-07-26 15:00:00,69.45085073496331
2024-07-26 16:00:00,70.897724899135
2024-07-26 17:00:00,69.12269051455353
2024-07-26 18:00:00,58.64917012321469
2024-07-26 19:00:00,59.67294099272863
2024-07-26 20:00:00,70.11913878922962
2024-07-26 21:00:00,63.07751682079819
2024-07-26 22:00:00,68.3873332006893
2024-07-26 23:00:00,86.86102892332671
2024-07-27 00:00:00,93.86099730520264
2024-07-27 01:00:00,88.95573366164591
2024-07-27 02:00:00,107.631078098443
2024-07-27 03:00:00,116.9440833255562
2024-07-27 04:00:00,104.936795840186
2024-07-27 05:00:00,124.4572910396023
2024-07-27 06:00:00,115.2944647106127
2024-07-27 07:00:00,121.4778225347096
2024-07-27 08:00:00,124.5779450206384
2024-07-27 09:00:00,117.2198799962021
2024-07-27 10:00:00,116.7231337033155
2024-07-27 11:00:00,109.7791261686619
2024-07-27 12:00:00,102.1062597124599
2024-07-27 13:00:00,93.6718270449649
2024-07-27 14:00:00,72.27569058380675
2024-07-27 15:00:00,70.80516862521988
2024-07-27 16:00:00,65.65008776538127
2024-07-27 17:00:00,64.5877064435087
2024-07-27 18:00:00,70.38617305581104
2024-07-27 19:00:00,62.96061441847615
2024-07-27 20:00:00,65.06952009162785
2024-07-27 21:00:00,66.11142873341306
2024-07-27 22:00:00,82.32530440556245
2024-07-27 23:00:00,92.10285159441476
2024-07-28 00:00:00,86.1576975591617
2024-07-28 01:00:00,111.865092989309
2024-07-28 02:00:00,119.7145027943353
2024-07-28 03:00:00,119.4430031560775
2024-07-28 04:00:00,133.9272662633974
2024-07-28 05:00:00,122.6416009548438
2024-07-28 06:00:00,123.9358294804491
2024-07-28 07:00:00,128.6054580566496
2024-07-28 08:00:00,117.3039505485432
2024-07-28 09:00:00,129.7698696116752
2024-07-28 10:00:00,120.4239570035272
2024-07-28 11:00:00,108.8876155943257
2024-07-28 12:00:00,111.247349957669
2024-07-28 13:00:00,100.9653822705353
2024-07-28 14:00:00,94.70639969922046
2024-07-28 15:00:00,76.5124025447591
2024-07-28 16:00:00,83.71545699924084
2024-07-28 17:00:00,74.24884625997424
2024-07-28 18:00:00,78.80779913651826
2024-07-28 19:00:00,79.55206840033699
2024-07-28 20:00:00,85.1353259631623
2024-07-28 21:00:00,100.340102023411
2024-07-28 22:00:00,99.28361773877283
2024-07-28 23:00:00,111.4722567675966
2024-07-29 00:00:00,127.2265699630964
2024-07-29 01:00:00,115.0821537824939
2024-07-29 02:00:00,120.8146541202269
2024-07-29 03:00:00,125.4868537356838
2024-07-29 04:00:00,150.1931349279787
2024-07-29 05:00:00,139.3882811781886
2024-07-29 06:00:00,138.6590919482012
2024-07-29 07:00:00,132.3733548597748
2024-07-29 08:00:00,158.4669530127283
2024-07-29 09:00:00,139.0637127206238
2024-07-29 10:00:00,133.7029316304922
2024-07-29 11:00:00,124.2562317340978
2024-07-29 12:00:00,109.8412021763061
2024-07-29 13:00:00,118.6558609057862
2024-07-29 14:00:00,113.7272745096638
2024-07-29 15:00:00,93.90288111024613
2024-07-29 16:00:00,96.16464376394168
2024-07-29 17:00:00,101.3907659090346
2024-07-29 18:00:00,87.93790174820295
2024-07-29 19:00:00,87.95883418092482
2024-07-29 20:00:00,98.15223592175346
2024-07-29 21:00:00,113.8071531033333
2024-07-29 22:00:00,113.0421366489279
2024-07-29 23:00:00,122.0985568051603
2024-07-30 00:00:00,125.8533269394968
2024-07-30 01:00:00,127.6600498890853
2024-07-30 02:00:00,147.9713879039157
2024-07-30 03:00:00,134.798597736523
2024-07-30 04:00:00,145.2083536479902
2024-07-30 05:00:00,158.9305028402145
2024-07-30 06:00:00,171.2946903527268
2024-07-30 07:00:00,155.7005301833454
2024-07-30 08:00:00,171.6809085826598
2024-07-30 09:00:00,139.7286260427994
2024-07-30 10:00:00,151.1825752232595
2024-07-30 11:00:00,133.5504647719364
2024-07-30 12:00:00,139.9904593679564
2024-07-30 13:00:00,123.8245604245373
2024-07-30 14:00:00,107.6879253900113
2024-07-30 15:00:00,108.3734744642805
2024-07-30 16:00:00,96.43658464719495
2024-07-30 17:00:00,95.156178098536
2024-07-30 18:00:00,98.23810937400859
2024-07-30 19:00:00,96.88044232223218
2024-07-30 20:00:00,105.8008344419538
2024-07-30 21:00:00,108.353041312174
2024-07-30 22:00:00,124.6062758833765
2024-07-30 23:00:00,133.9774724263886
2024-07-31 00:00:00,126.1470129854066
2024-07-31 01:00:00,133.9512920278843
2024-07-31 02:00:00,149.2738824282854
2024-07-31 03:00:00,162.744270883792
2024-07-31 04:00:00,146.6322748380396
2024-07-31 05:00:00,162.3094799319072
2024-07-31 06:00:00,151.4094389943292
2024-07-31 07:00:00,171.3873332725874
2024-07-31 08:00:00,147.0924103883631
2024-07-31 09:00:00,135.92426154603
2024-07-31 10:00:00,136.782499653752
2024-07-31 11:00:00,141.1295836468018
2024-07-31 12:00:00,135.2041549005351
2024-07-31 13:00:00,117.5824134361413
2024-07-31 14:00:00,106.6517985570511
2024-07-31 15:00:00,107.0297165994762
2024-07-31 16:00:00,108.06452198365
2024-07-31 17:00:00,104.6410055002554
2024-07-31 18:00:00,98.21144043752527
2024-07-31 19:00:00,97.27574031831614
2024-07-31 20:00:00,108.2271852242852
2024-07-31 21:00:00,111.7919028897242
2024-07-31 22:00:00,103.5200090314037
2024-07-31 23:00:00,129.361939501386
2024-08-01 00:00:00,127.4923091879182
2024-08-01 01:00:00,143.7534548806427
2024-08-01 02:00:00,147.9687353291272
2024-08-01 03:00:00,143.0736758893038
2024-08-01 04:00:00,161.0267996195342
2024-08-01 05:00:00,137.3572407652085
2024-08-01 06:00:00,133.6726848366457
2024-08-01 07:00:00,154.4112568753138
2024-08-01 08:00:00,137.886770088534
2024-08-01 09:00:00,122.8942162485624
2024-08-01 10:00:00,131.9299597073202
2024-08-01 11:00:00,120.9985585823637
2024-08-01 12:00:00,110.1445469828132
2024-08-01 13:00:00,102.5590894740719
2024-08-01 14:00:00,102.7066708719314
2024-08-01 15:00:00,84.96895194494039
2024-08-01 16:00:00,82.12584001299643
2024-08-01 17:00:00,80.66936695270225
2024-08-01 18:00:00,78.8469494631163
2024-08-01 19:00:00,83.4684257378517
2024-08-01 20:00:00,88.02853242257233
2024-08-01 21:00:00,81.26784766797695
2024-08-01 22:00:00,86.68520921617697
2024-08-01 23:00:00,94.9533254875794
2024-08-02 00:00:00,96.39160533085581
2024-08-02 01:00:00,102.4108074715336
2024-08-02 02:00:00,109.0257252144651
2024-08-02 03:00:00,118.8282078988457
2024-08-02 04:00:00,137.1931380413443
2024-08-02 05:00:00,137.5803073715333
2024-08-02 06:00:00,133.050693506923
2024-08-02 07:00:00,119.1463468290237
2024-08-02 08:00:00,130.045280802431
2024-08-02 09:00:00,123.3731781521201
2024-08-02 10:00:00,125.4811497611478
2024-08-02 11:00:00,99.51250941621382
2024-08-02 12:00:00,96.39019750986624
2024-08-02 13:00:00,86.92103947613938
2024-08-02 14:00:00,73.38694628555439
2024-08-02 15:00:00,68.17480761389477
2024-08-02 16:00:00,75.84879228162207
2024-08-02 17:00:00,62.18630193046995
2024-08-02 18:00:00,68.92794515486615
2024-08-02 19:00:00,66.07166980617694
2024-08-02 20:00:00,73.8523397801123
2024-08-02 21:00:00,83.55753986588961
2024-08-02 22:00:00,94.28964317102881
2024-08-02 23:00:00,98.23798419779233
2024-08-03 00:00:00,103.503631223026
2024-08-03 01:00:00,114.7775249655534
2024-08-03 02:00:00,115.562840836586
2024-08-03 03:00:00,121.4329822013427
2024-08-03 04:00:00,131.1837738120268
2024-08-03 05:00:00,114.0658941360558
2024-08-03 06:00:00,118.4390988503168
2024-08-03 07:00:00,129.1590071916321
2024-08-03 08:00:00,121.2078192792272
2024-08-03 09:00:00,105.8837715781579
2024-08-03 10:00:00,113.2127512343474
2024-08-03 11:00:00,95.65994595478585
2024-08-03 12:00:00,83.35723482744615
2024-08-03 13:00:00,77.00424073968908
2024-08-03 14:00:00,77.53063236644006
2024-08-03 15:00:00,71.11027760787044
2024-08-03 16:00:00,70.00034609944498
2024-08-03 17:00:00,71.90611492356896
2024-08-03 18:00:00,70.21737366839682
2024-08-03 19:00:00,64.57418798521098
2024-08-03 20:00:00,77.36027443400776
2024-08-03 21:00:00,71.46401369890535
2024-08-03 22:00:00,81.30212834248653
2024-08-03 23:00:00,96.55530646838707
2024-08-04 00:00:00,106.9397046230194
2024-08-04 01:00:00,96.86345137287036
2024-08-04 02:00:00,125.4999683558114
2024-08-04 03:00:00,114.9325648153582
2024-08-04 04:00:00,136.8738417418605
2024-08-04 05:00:00,117.4632205727401
2024-08-04 06:00:00,143.0871111179766
2024-08-04 07:00:00,131.426359313637
2024-08-04 08:00:00,117.9599153641077
2024-08-04 09:00:00,133.4152084380006
2024-08-04 10:00:00,128.8321278096326
2024-08-04 11:00:00,110.6698041420331
2024-08-04 12:00:00,107.9300753808666
2024-08-04 13:00:00,89.28705904827365
2024-08-04 14:00:00,88.0285067700081
2024-08-04 15:00:00,76.63173613885104
2024-08-04 16:00:00,84.82286238014503
2024-08-04 17:00:00,76.83226851417577
2024-08-04 18:00:00,76.41785382454664
2024-08-04 19:00:00,84.2755378652359
2024-08-04 20:00:00,82.90966484911311
2024-08-04 21:00:00,97.66874956809896
2024-08-04 22:00:00,92.72909623218736
2024-08-04 23:00:00,98.25489740343018
2024-08-05 00:00:00,105.0270941071261
2024-08-05 01:00:00,116.0254385853739
2024-08-05 02:00:00,121.5944581240611
2024-08-05 03:00:00,125.9846470408022
2024-08-05 04:00:00,150.1896529708896
2024-08-05 05:00:00,140.1860172347615
2024-08-05 06:00:00,158.1923661875834
2024-08-05 07:00:00,158.8108382187088
2024-08-05 08:00:00,134.8558426526586
2024-08-05 09:00:00,137.5025476799113
2024-08-05 10:00:00,138.0490407963268
2024-08-05 11:00:00,136.0812822879148
2024-08-05 12:00:00,129.3300676939444
2024-08-05 13:00:00,112.5247122706955
2024-08-05 14:00:00,103.331024213787
2024-08-05 15:00:00,105.6261233208139
2024-08-05 16:00:00,100.5191663624629
2024-08-05 17:00:00,94.8696868141708
2024-08-05 18:00:00,90.95911917102708
2024-08-05 19:00:00,102.0318902578766
2024-08-05 20:00:00,95.38670993358463
2024-08-05 21:00:00,103.6526474941216
2024-08-05 22:00:00,112.9700909288687
2024-08-05 23:00:00,122.6839544210322
2024-08-06 00:00:00,132.2714519772702
2024-08-06 01:00:00,127.1946910178142
2024-08-06 02:00:00,145.8815012847875
2024-08-06 03:00:00,140.1648766810209
2024-08-06 04:00:00,143.652980090168
2024-08-06 05:00:00,167.1698473038052
2024-08-06 06:00:00,147.6610263050814
2024-08-06 07:00:00,150.4394528076895
2024-08-06 08:00:00,163.3614950131636
2024-08-06 09:00:00,171.5215658227954
2024-08-06 10:00:00,138.9567856015819
2024-08-06 11:00:00,143.9442757389456
2024-08-06 12:00:00,150.2925584629294
2024-08-06 13:00:00,135.8914194744712
2024-08-06 14:00:00,129.5542711061883
2024-08-06 15:00:00,106.2637380990092
2024-08-06 16:00:00,113.3182157400154
2024-08-06 17:00:00,116.5020057664748
2024-08-06 18:00:00,110.3080135907113
2024-08-06 19:00:00,110.0284400830194
2024-08-06 20:00:00,118.2080056137064
2024-08-06 21:00:00,105.5121288836973
2024-08-06 22:00:00,107.6311068862659
2024-08-06 23:00:00,130.2100863240695
2024-08-07 00:00:00,139.4398478576469
2024-08-07 01:00:00,146.0010433754923
2024-08-07 02:00:00,155.1544371974402
2024-08-07 03:00:00,166.9262770761802
2024-08-07 04:00:00,151.4107377754039
2024-08-07 05:00:00,173.4411265184058
2024-08-07 06:00:00,166.0892311358879
2024-08-07 07:00:00,168.9795812161826
2024-08-07 08:00:00,157.902139475433
2024-08-07 09:00:00,150.5652516673505
2024-08-07 10:00:00,154.2704154816424
2024-08-07 11:00:00,134.466717681624
2024-08-07 12:00:00,130.2586200671489
2024-08-07 13:00:00,137.3195190559071
2024-08-07 14:00:00,119.7298189528048
2024-08-07 15:00:00,120.6272438674666
2024-08-07 16:00:00,99.91513692029298
2024-08-07 17:00:00,94.58756378600957
2024-08-07 18:00:00,108.4927075156406
2024-08-07 19:00:00,95.82880961255798
2024-08-07 20:00:00,104.2656626261537
2024-08-07 21:00:00,111.2891048471841
2024-08-07 22:00:00,117.734401408724
2024-08-07 23:00:00,119.7232174999933
2024-08-08 00:00:00,116.7415282924686
2024-08-08 01:00:00,125.0664327625802
2024-08-08 02:00:00,131.6106193033232
2024-08-08 03:00:00,146.9983437500462
2024-08-08 04:00:00,140.8146657247352
2024-08-08 05:00:00,156.7988823050682
2024-08-08 06:00:00,159.0699226138453
2024-08-08 07:00:00,134.6664627601096
2024-08-08 08:00:00,139.574193726302
2024-08-08 09:00:00,146.9637996955946
2024-08-08 10:00:00,121.0145008198944
2024-08-08 11:00:00,122.9245086914262
2024-08-08 12:00:00,104.6052907810897
2024-08-08 13:00:00,96.92688463757288
2024-08-08 14:00:00,106.1509493950326
2024-08-08 15:00:00,87.06324864164503
2024-08-08 16:00:00,88.44811947789474
2024-08-08 17:00:00,87.2566443046738
2024-08-08 18:00:00,86.90728415809261
2024-08-08 19:00:00,80.32263991855714
2024-08-08 20:00:00,78.44916670712644
2024-08-08 21:00:00,86.84992554434808
2024-08-08 22:00:00,95.6265669497757
2024-08-08 23:00:00,114.3095237995028
2024-08-09 00:00:00,110.465702914801
2024-08-09 01:00:00,126.0795361883381
2024-08-09 02:00:00,130.4295886795784
2024-08-09 03:00:00,125.5182832797364
2024-08-09 04:00:00,123.5404202136487
2024-08-09 05:00:00,144.108313599057
2024-08-09 06:00:00,145.2370242863344
2024-08-09 07:00:00,126.9798554083076
2024-08-09 08:00:00,124.2081999145513
2024-08-09 09:00:00,127.9621860694064
2024-08-09 10:00:00,105.4494549384496
2024-08-09 11:00:00,111.656789621673
2024-08-09 12:00:00,106.5254696623346
2024-08-09 13:00:00,93.08338547542301
2024-08-09 14:00:00,87.53222867790407
2024-08-09 15:00:00,85.01420307886227
2024-08-09 16:00:00,77.96580315422177
2024-08-09 17:00:00,70.57129543261163
2024-08-09 18:00:00,65.65711830635485
2024-08-09 19:00:00,66.18150019561075
2024-08-09 20:00:00,65.43796789903232
2024-08-09 21:00:00,72.48940860029889
2024-08-09 22:00:00,83.5514908754255
2024-08-09 23:00:00,85.8063562521967
2024-08-10 00:00:00,92.95075213638104
2024-08-10 01:00:00,90.36979761353689
2024-08-10 02:00:00,103.9795913215972
2024-08-10 03:00:00,111.6015846081244
2024-08-10 04:00:00,118.3452140098744
2024-08-10 05:00:00,116.0970015581454
2024-08-10 06:00:00,124.279862993748
2024-08-10 07:00:00,128.9611416875038
2024-08-10 08:00:00,135.7439391631272
2024-08-10 09:00:00,125.7977522160072
2024-08-10 10:00:00,119.6592010407069
2024-08-10 11:00:00,98.54313278605629
2024-08-10 12:00:00,111.2741559178455
2024-08-10 13:00:00,98.15576429507962
2024-08-10 14:00:00,88.64232742562713
2024-08-10 15:00:00,74.97761137592826
2024-08-10 16:00:00,81.37236977259677
2024-08-10 17:00:00,75.08820321137084
2024-08-10 18:00:00,72.52730323894252
2024-08-10 19:00:00,73.35236363865233
2024-08-10 20:00:00,80.43960783517737
2024-08-10 21:00:00,77.98962973334098
2024-08-10 22:00:00,90.3117794492922
2024-08-10 23:00:00,101.8958570146585
2024-08-11 00:00:00,104.4158164058244
2024-08-11 01:00:00,100.8785854385292
2024-08-11 02:00:00,128.7519746411785
2024-08-11 03:00:00,120.6634082369855
2024-08-11 04:00:00,132.6562140583588
2024-08-11 05:00:00,139.6143872738725
2024-08-11 06:00:00,129.8046020716097
2024-08-11 07:00:00,135.2216666319131
2024-08-11 08:00:00,140.2130377405298
2024-08-11 09:00:00,133.1775579910576
2024-08-11 10:00:00,129.3597827786522
2024-08-11 11:00:00,112.9073258532058
2024-08-11 12:00:00,107.6739149135749
2024-08-11 13:00:00,99.07945595482413
2024-08-11 14:00:00,94.22449665839608
2024-08-11 15:00:00,87.06721454427905
2024-08-11 16:00:00,92.18883016850153
2024-08-11 17:00:00,88.14069715667786
2024-08-11 18:00:00,81.10736031424767
2024-08-11 19:00:00,89.44804650999657
2024-08-11 20:00:00,88.6656641739245
2024-08-11 21:00:00,98.06164855400222
2024-08-11 22:00:00,104.3058221153753
2024-08-11 23:00:00,127.8609876099002
2024-08-12 00:00:00,123.5747844126206
2024-08-12 01:00:00,146.5400037616138
2024-08-12 02:00:00,131.1373816845462
2024-08-12 03:00:00,145.1626699919143
2024-08-12 04:00:00,147.7993246597725
2024-08-12 05:00:00,156.2794576074242
2024-08-12 06:00:00,160.215481014838
2024-08-12 07:00:00,141.5400319403498
2024-08-12 08:00:00,134.0671991371137
2024-08-12 09:00:00,141.2567238451365
2024-08-12 10:00:00,128.5047597673106
2024-08-12 11:00:00,119.6475190396559
2024-08-12 12:00:00,121.028389581382
2024-08-12 13:00:00,123.5046396435912
2024-08-12 14:00:00,107.6469406729877
2024-08-12 15:00:00,100.2623308560645
2024-08-12 16:00:00,107.1916877591876
2024-08-12 17:00:00,105.9404464470793
2024-08-12 18:00:00,101.5331327600715
2024-08-12 19:00:00,115.8535186743368
2024-08-12 20:00:00,105.7594296076615
2024-08-12 21:00:00,108.8623925024929
2024-08-12 22:00:00,132.7876714935321
2024-08-12 23:00:00,137.8865395404115
2024-08-13 00:00:00,155.5232169521124
2024-08-13 01:00:00,153.6900385165448
2024-08-13 02:00:00,159.197237584325
2024-08-13 03:00:00,157.1824689880445
2024-08-13 04:00:00,151.0353814646291
2024-08-13 05:00:00,154.7874613388073
2024-08-13 06:00:00,166.9675520267535
2024-08-13 07:00:00,158.6766998422544
2024-08-13 08:00:00,166.6057720121401
2024-08-13 09:00:00,169.5728429625338
2024-08-13 10:00:00,163.0945508637865
2024-08-13 11:00:00,135.9555787269412
2024-08-13 12:00:00,141.7550176788871
2024-08-13 13:00:00,143.9469357086274
2024-08-13 14:00:00,127.704682272569
2024-08-13 15:00:00,129.3526900405215
2024-08-13 16:00:00,114.2027892076598
2024-08-13 17:00:00,105.2368933571214
2024-08-13 18:00:00,98.61886090665473
2024-08-13 19:00:00,119.5857768901098
2024-08-13 20:00:00,103.5620631344066
2024-08-13 21:00:00,125.8471329632555
2024-08-13 22:00:00,124.686921978395
2024-08-13 23:00:00,128.6037259439856
2024-08-14 00:00:00,130.7899970140825
2024-08-14 01:00:00,140.7349773965267
2024-08-14 02:00:00,146.8467590248374
2024-08-14 03:00:00,160.8636471688959
2024-08-14 04:00:00,163.0654856800765
2024-08-14 05:00:00,164.2849062698044
2024-08-14 06:00:00,177.1097136074105
2024-08-14 07:00:00,160.3195019802548
2024-08-14 08:00:00,167.1029467984091
2024-08-14 09:00:00,146.2971066172236
2024-08-14 10:00:00,165.5088722887836
2024-08-14 11:00:00,160.6023804767028
2024-08-14 12:00:00,140.2285431449332
2024-08-14 13:00:00,133.4140788954275
2024-08-14 14:00:00,133.4785974181098
2024-08-14 15:00:00,117.2008277166087
2024-08-14 16:00:00,112.7673353386182
2024-08-14 17:00:00,98.10702645204519
2024-08-14 18:00:00,102.4826087965622
2024-08-14 19:00:00,107.3752410193265
2024-08-14 20:00:00,102.9389721065366
2024-08-14 21:00:00,107.3166471019866
2024-08-14 22:00:00,106.6916275174291
2024-08-14 23:00:00,113.9957283754266
2024-08-15 00:00:00,132.2689197947803
2024-08-15 01:00:00,142.2427897849408
2024-08-15 02:00:00,138.7475626806604
2024-08-15 03:00:00,156.5679944458533
2024-08-15 04:00:00,156.5343116439232
2024-08-15 05:00:00,149.5224804085688
2024-08-15 06:00:00,161.8105144083926
2024-08-15 07:00:00,163.9613204704332
2024-08-15 08:00:00,147.8056519258827
2024-08-15 09:00:00,147.4676869044006
2024-08-15 10:00:00,136.9845577578743
2024-08-15 11:00:00,142.5871433575911
2024-08-15 12:00:00,124.147791882876
2024-08-15 13:00:00,105.2141917419617
2024-08-15 14:00:00,114.4458512140117
2024-08-15 15:00:00,97.63249441429089
2024-08-15 16:00:00,86.54512566522044
2024-08-15 17:00:00,97.19414758981308
2024-08-15 18:00:00,93.74236319520551
2024-08-15 19:00:00,83.99280156385784
2024-08-15 20:00:00,80.2158704780946
2024-08-15 21:00:00,84.61871488252206
2024-08-15 22:00:00,101.2489493295366
2024-08-15 23:00:00,102.1609023967397
2024-08-16 00:00:00,102.7002999503546
2024-08-16 01:00:00,106.6451763975144
2024-08-16 02:00:00,126.026349995349
2024-08-16 03:00:00,130.5700805840944
2024-08-16 04:00:00,128.176091866422
2024-08-16 05:00:00,139.4382192503925
2024-08-16 06:00:00,148.3869536300771
2024-08-16 07:00:00,146.3152168785635
2024-08-16 08:00:00,140.552053418252
2024-08-16 09:00:00,141.5389915875706
2024-08-16 10:00:00,117.0998142130042
2024-08-16 11:00:00,120.8163101845204
2024-08-16 12:00:00,111.6500626972177
2024-08-16 13:00:00,93.65844543138236
2024-08-16 14:00:00,94.99515233760873
2024-08-16 15:00:00,76.96814530922693
2024-08-16 16:00:00,77.04745292511242
2024-08-16 17:00:00,82.25592903276288
2024-08-16 18:00:00,65.57378027696853
2024-08-16 19:00:00,70.45445479510256
2024-08-16 20:00:00,70.03198157216084
2024-08-16 21:00:00,84.45211947684278
2024-08-16 22:00:00,84.12950074956524
2024-08-16 23:00:00,93.22979418633312
2024-08-17 00:00:00,95.78979314292575
2024-08-17 01:00:00,112.5809985375365
2024-08-17 02:00:00,108.9503246017093
2024-08-17 03:00:00,125.1519164600169
2024-08-17 04:00:00,114.0244172227487
2024-08-17 05:00:00,117.26455200371
2024-08-17 06:00:00,119.736056625464
2024-08-17 07:00:00,141.8578171484573
2024-08-17 08:00:00,126.6729789705256
2024-08-17 09:00:00,134.9641668209914
2024-08-17 10:00:00,108.3798974531898
2024-08-17 11:00:00,104.2105246272818
2024-08-17 12:00:00,105.0476389394341
2024-08-17 13:00:00,89.83065542272671
2024-08-17 14:00:00,87.33720558170607
2024-08-17 15:00:00,89.07055709486028
2024-08-17 16:00:00,72.72007583391435
2024-08-17 17:00:00,74.04507090250117
2024-08-17 18:00:00,65.88382707376974
2024-08-17 19:00:00,66.52866256326398
2024-08-17 20:00:00,74.96363334331768
2024-08-17 21:00:00,73.69266872165971
2024-08-17 22:00:00,79.2479415294808
2024-08-17 23:00:00,100.8004531561869
2024-08-18 00:00:00,106.5120241100555
2024-08-18 01:00:00,117.5302410089193
2024-08-18 02:00:00,123.7491368188034
2024-08-18 03:00:00,114.095798682922
2024-08-18 04:00:00,117.2214270649802
2024-08-18 05:00:00,131.1444441937144
2024-08-18 06:00:00,144.1090357716424
2024-08-18 07:00:00,148.2795038829106
2024-08-18 08:00:00,136.4270235165335
2024-08-18 09:00:00,135.5289303754703
2024-08-18 10:00:00,131.5812136527087
2024-08-18 11:00:00,121.2821337276912
2024-08-18 12:00:00,108.3171080822333
2024-08-18 13:00:00,98.47054521010568
2024-08-18 14:00:00,103.846004443358
2024-08-18 15:00:00,91.32855020534787
2024-08-18 16:00:00,81.12806365888856
2024-08-18 17:00:00,77.70000435819682
2024-08-18 18:00:00,84.8727603024892
2024-08-18 19:00:00,79.5987020500504
2024-08-18 20:00:00,89.2535902791791
2024-08-18 21:00:00,98.89324808413728
2024-08-18 22:00:00,102.0769809671877
2024-08-18 23:00:00,116.7359076889341
2024-08-19 00:00:00,122.9253397486188
2024-08-19 01:00:00,123.551790853535
2024-08-19 02:00:00,127.3712804285123
2024-08-19 03:00:00,138.3798494148892
2024-08-19 04:00:00,158.7278917113631
2024-08-19 05:00:00,140.8785211218998
2024-08-19 06:00:00,169.0863393579619
2024-08-19 07:00:00,156.4808922181924
2024-08-19 08:00:00,142.3941054944303
2024-08-19 09:00:00,159.6944012198286
2024-08-19 10:00:00,158.0805417763865
2024-08-19 11:00:00,129.596286363204
2024-08-19 12:00:00,138.8435541193472
2024-08-19 13:00:00,114.1434194008194
2024-08-19 14:00:00,125.5923142222266
2024-08-19 15:00:00,112.7535890627836
2024-08-19 16:00:00,115.3794750881958
2024-08-19 17:00:00,108.4638730467218
2024-08-19 18:00:00,103.396515364606
2024-08-19 19:00:00,111.0236518445782
2024-08-19 20:00:00,96.35451463189554
2024-08-19 21:00:00,106.2994241033729
2024-08-19 22:00:00,124.652121294397
2024-08-19 23:00:00,131.8321639552067
2024-08-20 00:00:00,121.2913387753555
2024-08-20 01:00:00,150.5499089737616
2024-08-20 02:00:00,154.25534264331
2024-08-20 03:00:00,150.0624665968172
2024-08-20 04:00:00,153.2035424404786
2024-08-20 05:00:00,167.432232440905
2024-08-20 06:00:00,152.8991223664976
2024-08-20 07:00:00,163.7287503028718
2024-08-20 08:00:00,169.7000686637911
2024-08-20 09:00:00,168.5642853379352
2024-08-20 10:00:00,163.5410562075974
2024-08-20 11:00:00,134.8179488339739
2024-08-20 12:00:00,142.2547564520571
2024-08-20 13:00:00,141.0877485939139
2024-08-20 14:00:00,128.5844849959628
2024-08-20 15:00:00,112.6742288656083
2024-08-20 16:00:00,117.1156513115863
2024-08-20 17:00:00,112.9803496392761
2024-08-20 18:00:00,111.7775356394078
2024-08-20 19:00:00,125.6930002575493
2024-08-20 20:00:00,119.9534271001865
2024-08-20 21:00:00,130.2061276281003
2024-08-20 22:00:00,129.3312426820939
2024-08-20 23:00:00,150.7501157314788
2024-08-21 00:00:00,147.7258773574742
2024-08-21 01:00:00,154.2196774215658
2024-08-21 02:00:00,162.9742290235789
2024-08-21 03:00:00,164.0363769656823
2024-08-21 04:00:00,176.5865854245791
2024-08-21 05:00:00,182.5011055194295
2024-08-21 06:00:00,161.337696050883
2024-08-21 07:00:00,183.2491672315022
2024-08-21 08:00:00,180.6104446395024
2024-08-21 09:00:00,165.1031410644281
2024-08-21 10:00:00,139.9746900001513
2024-08-21 11:00:00,150.5088777036717
2024-08-21 12:00:00,127.6982699211491
2024-08-21 13:00:00,119.025632400861
2024-08-21 14:00:00,121.3637172091314
2024-08-21 15:00:00,119.3305574184542
2024-08-21 16:00:00,110.8068898706713
2024-08-21 17:00:00,114.8896162435027
2024-08-21 18:00:00,99.4258016076692
2024-08-21 19:00:00,106.6260038575654
2024-08-21 20:00:00,101.969702361445
2024-08-21 21:00:00,106.7096206123074
2024-08-21 22:00:00,110.5883098807829
2024-08-21 23:00:00,119.5608247803791
2024-08-22 00:00:00,115.9898557473727
2024-08-22 01:00:00,124.4232114101386
2024-08-22 02:00:00,139.5597659828961
2024-08-22 03:00:00,135.2165277443628
2024-08-22 04:00:00,147.8529652896348
2024-08-22 05:00:00,155.8228294206627
2024-08-22 06:00:00,150.1802475082843
2024-08-22 07:00:00,154.7005663484499
2024-08-22 08:00:00,164.4832907008654
2024-08-22 09:00:00,151.0344853450938
2024-08-22 10:00:00,140.7520582168297
2024-08-22 11:00:00,121.0106140132995
2024-08-22 12:00:00,126.6550686978555
2024-08-22 13:00:00,114.9839774883398
2024-08-22 14:00:00,110.5621366225788
2024-08-22 15:00:00,100.6286147415843
2024-08-22 16:00:00,97.0312987533701
2024-08-22 17:00:00,98.35729688273939
2024-08-22 18:00:00,92.95462806388919
2024-08-22 19:00:00,83.66473455188914
2024-08-22 20:00:00,97.93422285493249
2024-08-22 21:00:00,106.5498658922686
2024-08-22 22:00:00,101.2762913653429
2024-08-22 23:00:00,110.611040658568
2024-08-23 00:00:00,129.2817918334933
2024-08-23 01:00:00,129.007694467312
2024-08-23 02:00:00,128.6949546793748
2024-08-23 03:00:00,145.2513323286638
2024-08-23 04:00:00,145.2324732569203
2024-08-23 05:00:00,127.8661851816005
2024-08-23 06:00:00,154.2943904356058
2024-08-23 07:00:00,138.5019880335099
2024-08-23 08:00:00,142.4100097655205
2024-08-23 09:00:00,120.1770701100474
2024-08-23 10:00:00,124.1129380837114
2024-08-23 11:00:00,122.7295919149242
2024-08-23 12:00:00,105.8201072170844
2024-08-23 13:00:00,101.5582697176465
2024-08-23 14:00:00,98.08397187410087
2024-08-23 15:00:00,90.79551670666957
2024-08-23 16:00:00,76.69427258505704
2024-08-23 17:00:00,78.5400073606181
2024-08-23 18:00:00,82.98283954431186
2024-08-23 19:00:00,73.44145014117788
2024-08-23 20:00:00,72.9414485366699
2024-08-23 21:00:00,83.13872107814417
2024-08-23 22:00:00,87.18362396295473
2024-08-23 23:00:00,99.3529053704965
2024-08-24 00:00:00,97.41899480548042
2024-08-24 01:00:00,101.3155644832522
2024-08-24 02:00:00,107.7942984679398
2024-08-24 03:00:00,135.6029230646671
2024-08-24 04:00:00,140.1599248002445
2024-08-24 05:00:00,145.2593147709702
2024-08-24 06:00:00,142.6685694783778
2024-08-24 07:00:00,126.5922341794868
2024-08-24 08:00:00,128.2694001592502
2024-08-24 09:00:00,119.1028370175765
2024-08-24 10:00:00,117.8653701152147
2024-08-24 11:00:00,110.8444688328565
2024-08-24 12:00:00,113.8018226785751
2024-08-24 13:00:00,104.0714232598378
2024-08-24 14:00:00,88.07704912749323
2024-08-24 15:00:00,88.24896660078132
2024-08-24 16:00:00,84.48911312397391
2024-08-24 17:00:00,75.578073309219
2024-08-24 18:00:00,74.30745564647894
2024-08-24 19:00:00,84.66903925243115
2024-08-24 20:00:00,75.9214265370576
2024-08-24 21:00:00,89.73216248523143
2024-08-24 22:00:00,96.52775606022081
2024-08-24 23:00:00,105.6092150597674
2024-08-25 00:00:00,105.6909710673328
2024-08-25 01:00:00,128.8699735541719
2024-08-25 02:00:00,128.0734378412272
2024-08-25 03:00:00,118.5721949653463
2024-08-25 04:00:00,145.840576794336
2024-08-25 05:00:00,154.083940722374
2024-08-25 06:00:00,132.7781450005202
2024-08-25 07:00:00,141.2702981038331
2024-08-25 08:00:00,150.1574030430922
2024-08-25 09:00:00,148.663249211961
2024-08-25 10:00:00,121.5012175092087
2024-08-25 11:00:00,113.7134180966431
2024-08-25 12:00:00,111.3248506784703
2024-08-25 13:00:00,104.6497031488833
2024-08-25 14:00:00,98.69038579022101
2024-08-25 15:00:00,106.9632095871561
2024-08-25 16:00:00,100.1804777986301
2024-08-25 17:00:00,91.05025798384122
2024-08-25 18:00:00,90.65406800092757
2024-08-25 19:00:00,98.16356022587617
2024-08-25 20:00:00,93.92640561764337
2024-08-25 21:00:00,104.4841081857402
2024-08-25 22:00:00,105.9892667910343
2024-08-25 23:00:00,122.1592914731457
2024-08-26 00:00:00,117.9186144796325
2024-08-26 01:00:00,136.9106026257521
2024-08-26 02:00:00,129.543790798514
2024-08-26 03:00:00,140.1180652437894
2024-08-26 04:00:00,136.6937070319759
2024-08-26 05:00:00,169.1603562791844
2024-08-26 06:00:00,151.4305554417759
2024-08-26 07:00:00,166.773347798048
2024-08-26 08:00:00,172.6047438009343
2024-08-26 09:00:00,161.9959121309178
2024-08-26 10:00:00,162.2400158615891
2024-08-26 11:00:00,139.2765639937286
2024-08-26 12:00:00,141.3442779824545
2024-08-26 13:00:00,132.3134080239404
2024-08-26 14:00:00,124.8429703541216
2024-08-26 15:00:00,110.8202721529225
2024-08-26 16:00:00,108.7436970966196
2024-08-26 17:00:00,101.2600326421463
2024-08-26 18:00:00,112.296080197571
2024-08-26 19:00:00,112.356471564282
2024-08-26 20:00:00,106.9863756398578
2024-08-26 21:00:00,116.9000993838267
2024-08-26 22:00:00,114.7966733149435
2024-08-26 23:00:00,126.4018221325744
2024-08-27 00:00:00,127.4352828412034
2024-08-27 01:00:00,152.9597228846993
2024-08-27 02:00:00,151.4182971602432
2024-08-27 03:00:00,172.428184101444
2024-08-27 04:00:00,173.4104062069054
2024-08-27 05:00:00,157.0548374395329
2024-08-27 06:00:00,176.4083944132549
2024-08-27 07:00:00,162.4587357985567
2024-08-27 08:00:00,187.9040903721906
2024-08-27 09:00:00,180.3757252524008
2024-08-27 10:00:00,148.9277854742275
2024-08-27 11:00:00,165.388081195997
2024-08-27 12:00:00,149.3475381993126
2024-08-27 13:00:00,151.4299158122332
2024-08-27 14:00:00,130.4653160334308
2024-08-27 15:00:00,116.8653231140379
2024-08-27 16:00:00,122.3576176175008
2024-08-27 17:00:00,123.1309114148221
2024-08-27 18:00:00,107.6089574220699
2024-08-27 19:00:00,108.470870683141
2024-08-27 20:00:00,117.9172287119699
2024-08-27 21:00:00,128.9802869928626
2024-08-27 22:00:00,138.0903704932033
2024-08-27 23:00:00,146.416419027761
2024-08-28 00:00:00,150.6377494249519
2024-08-28 01:00:00,151.5972028667011
2024-08-28 02:00:00,153.814007313272
2024-08-28 03:00:00,151.4205101716533
2024-08-28 04:00:00,180.6645924949001
2024-08-28 05:00:00,169.7999592101992
2024-08-28 06:00:00,159.4693288080498
2024-08-28 07:00:00,168.0662770837697
2024-08-28 08:00:00,185.1312862217949
2024-08-28 09:00:00,161.0477096196985
2024-08-28 10:00:00,171.6974898856036
2024-08-28 11:00:00,164.3787951557979
2024-08-28 12:00:00,135.8020505671529
2024-08-28 13:00:00,120.7645071336377
2024-08-28 14:00:00,120.1729493440067
2024-08-28 15:00:00,121.4043843303427
2024-08-28 16:00:00,112.6466957993098
2024-08-28 17:00:00,101.4926337629271
2024-08-28 18:00:00,105.2161224527258
2024-08-28 19:00:00,111.2755353993892
2024-08-28 20:00:00,106.6486026918055
2024-08-28 21:00:00,103.4023239267566
2024-08-28 22:00:00,113.5563311711551
2024-08-28 23:00:00,116.6071265053727
2024-08-29 00:00:00,130.0929887933839
2024-08-29 01:00:00,141.4212709200016
2024-08-29 02:00:00,139.6108169242338
2024-08-29 03:00:00,149.08582090403
2024-08-29 04:00:00,143.8424511617206
2024-08-29 05:00:00,149.1513111548479
2024-08-29 06:00:00,171.9684008114197
2024-08-29 07:00:00,156.6461164512497
2024-08-29 08:00:00,158.5893407727362
2024-08-29 09:00:00,140.9283401625522
2024-08-29 10:00:00,145.0984773194427
2024-08-29 11:00:00,137.5874426623706
2024-08-29 12:00:00,125.9052897270549
2024-08-29 13:00:00,117.4625431004372
2024-08-29 14:00:00,99.79987827062295
2024-08-29 15:00:00,110.0277399969545
2024-08-29 16:00:00,102.2878457970465
2024-08-29 17:00:00,91.2176299010698
2024-08-29 18:00:00,99.0931279269196
2024-08-29 19:00:00,91.64133715649598
2024-08-29 20:00:00,98.15962349771246
2024-08-29 21:00:00,102.6113153001145
2024-08-29 22:00:00,100.0938376333591
2024-08-29 23:00:00,103.4159511663557
2024-08-30 00:00:00,124.2387244998899
2024-08-30 01:00:00,128.5142168986334
2024-08-30 02:00:00,139.5745633527863
2024-08-30 03:00:00,141.9597850583565
2024-08-30 04:00:00,142.1980393001467
2024-08-30 05:00:00,144.0408893965062
2024-08-30 06:00:00,132.8839479778972
2024-08-30 07:00:00,137.4842546610707
2024-08-30 08:00:00,142.6360519167606
2024-08-30 09:00:00,121.6545731672233
2024-08-30 10:00:00,125.1166382261741
2024-08-30 11:00:00,115.7916077148818
2024-08-30 12:00:00,106.6399113752838
2024-08-30 13:00:00,89.98780644325814
2024-08-30 14:00:00,93.69178343874165
2024-08-30 15:00:00,91.55188394353628
2024-08-30 16:00:00,79.05225359229546
2024-08-30 17:00:00,71.28789542007569
2024-08-30 18:00:00,74.06023318807055
2024-08-30 19:00:00,81.59803970574829
2024-08-30 20:00:00,85.2810390251459
2024-08-30 21:00:00,80.94739401271592
2024-08-30 22:00:00,91.49899911364813
2024-08-30 23:00:00,111.680610687879
2024-08-31 00:00:00,115.5646665708785
2024-08-31 01:00:00,127.4705493328306
2024-08-31 02:00:00,121.6616545357488
2024-08-31 03:00:00,140.6829906998939
2024-08-31 04:00:00,122.1775609502068
2024-08-31 05:00:00,139.9966639825784
2024-08-31 06:00:00,136.5333459868581
2024-08-31 07:00:00,128.2889230031045
2024-08-31 08:00:00,134.1845180256313
2024-08-31 09:00:00,130.7689972686493
2024-08-31 10:00:00,113.7474001922262
2024-08-31 11:00:00,116.8257996193561
2024-08-31 12:00:00,109.0367360982505
2024-08-31 13:00:00,94.62186308539648
2024-08-31 14:00:00,85.40427938085735
2024-08-31 15:00:00,84.80143145038123
2024-08-31 16:00:00,87.1444695846595
2024-08-31 17:00:00,84.93309217780084
2024-08-31 18:00:00,83.312270811588
2024-08-31 19:00:00,86.38782801069915
2024-08-31 20:00:00,84.8545392752324
2024-08-31 21:00:00,96.00198868816895
2024-08-31 22:00:00,99.36998185078362
2024-08-31 23:00:00,109.0051931264663
2024-09-01 00:00:00,115.3202343890672
2024-09-01 01:00:00,128.0976956668533
2024-09-01 02:00:00,135.3641514254716
2024-09-01 03:00:00,147.7821835893504
2024-09-01 04:00:00,145.0628843714221
2024-09-01 05:00:00,129.9208144952863
2024-09-01 06:00:00,159.2276861910998
2024-09-01 07:00:00,146.089390408413
2024-09-01 08:00:00,139.6499250538989
2024-09-01 09:00:00,147.8432528486416
2024-09-01 10:00:00,141.3270818772621
2024-09-01 11:00:00,131.2135237500146
2024-09-01 12:00:00,129.4473585030615
2024-09-01 13:00:00,108.8375397977597
2024-09-01 14:00:00,100.8931359515491
2024-09-01 15:00:00,105.8990366724702
2024-09-01 16:00:00,94.86536027103708
2024-09-01 17:00:00,100.3229658297637
2024-09-01 18:00:00,90.58679792996934
2024-09-01 19:00:00,87.08923802340826
2024-09-01 20:00:00,102.7880701463834
2024-09-01 21:00:00,112.5109136045477
2024-09-01 22:00:00,116.5262995401618
2024-09-01 23:00:00,132.4004467221445
2024-09-02 00:00:00,119.1922985976236
2024-09-02 01:00:00,145.0186910760694
2024-09-02 02:00:00,157.4880208155411
2024-09-02 03:00:00,139.1420221558787
2024-09-02 04:00:00,161.1794197899451
2024-09-02 05:00:00,145.8975141426226
2024-09-02 06:00:00,154.4177699310311
2024-09-02 07:00:00,156.8288432472664
2024-09-02 08:00:00,164.7598168472203
2024-09-02 09:00:00,151.0090592679382
2024-09-02 10:00:00,159.3496380062177
2024-09-02 11:00:00,155.7251555151377
2024-09-02 12:00:00,149.3775502410623
2024-09-02 13:00:00,146.5854491614315
2024-09-02 14:00:00,138.6072737370462
2024-09-02 15:00:00,132.2705660750246
2024-09-02 16:00:00,108.4941532749472
2024-09-02 17:00:00,113.8332988656059
2024-09-02 18:00:00,105.330025809447
2024-09-02 19:00:00,104.4318915970894
2024-09-02 20:00:00,123.2905824541948
2024-09-02 21:00:00,106.2725541297688
2024-09-02 22:00:00,120.6063268725702
2024-09-02 23:00:00,141.9806313443724
2024-09-03 00:00:00,141.9464612867743
2024-09-03 01:00:00,147.8571742935127
2024-09-03 02:00:00,161.8187598595792
2024-09-03 03:00:00,170.490886501265
2024-09-03 04:00:00,174.3786677028231
2024-09-03 05:00:00,155.3187820935578
2024-09-03 06:00:00,166.9271500780746
2024-09-03 07:00:00,161.2994337591414
2024-09-03 08:00:00,175.7132939210846
2024-09-03 09:00:00,167.3158332462875
2024-09-03 10:00:00,182.4859710138999
2024-09-03 11:00:00,165.6344933086896
2024-09-03 12:00:00,152.1715953756359
2024-09-03 13:00:00,150.2412893794922
2024-09-03 14:00:00,126.4024990976023
2024-09-03 15:00:00,125.7102539893128
2024-09-03 16:00:00,131.8319190839351
2024-09-03 17:00:00,121.5056461114161
2024-09-03 18:00:00,127.5971065875627
2024-09-03 19:00:00,126.4096338990175
2024-09-03 20:00:00,114.9094119375991
2024-09-03 21:00:00,132.5356643668816
2024-09-03 22:00:00,127.6239763948578
2024-09-03 23:00:00,137.73699071986
2024-09-04 00:00:00,141.8347665600729
2024-09-04 01:00:00,145.46230186566
2024-09-04 02:00:00,157.1493297675019
2024-09-04 03:00:00,160.2657339380268
2024-09-04 04:00:00,182.0462165823926
2024-09-04 05:00:00,181.6879633091386
2024-09-04 06:00:00,178.3826755530357
2024-09-04 07:00:00,167.2586375393468
2024-09-04 08:00:00,188.0148027894405
2024-09-04 09:00:00,157.3314340537399
2024-09-04 10:00:00,173.6359711864781
2024-09-04 11:00:00,139.8888745034477
2024-09-04 12:00:00,159.7496162707939
2024-09-04 13:00:00,133.4815850234024
2024-09-04 14:00:00,139.1195726467942
2024-09-04 15:00:00,134.906663513167
2024-09-04 16:00:00,109.3553457564229
2024-09-04 17:00:00,122.4383363398547
2024-09-04 18:00:00,118.6405461070524
2024-09-04 19:00:00,116.0708700794521
2024-09-04 20:00:00,103.9521942950134
2024-09-04 21:00:00,106.1813968676674
2024-09-04 22:00:00,118.8202789457581
2024-09-04 23:00:00,121.5473040030275
2024-09-05 00:00:00,125.1679799826394
2024-09-05 01:00:00,147.8700517208169
2024-09-05 02:00:00,141.0278842104285
2024-09-05 03:00:00,160.2041532501908
2024-09-05 04:00:00,148.3507664589585
2024-09-05 05:00:00,162.6503560156691
2024-09-05 06:00:00,165.7227565718422
2024-09-05 07:00:00,147.1476258422623
2024-09-05 08:00:00,147.902269622222
2024-09-05 09:00:00,136.8777531663962
2024-09-05 10:00:00,137.4926701663269
2024-09-05 11:00:00,135.7410109559051
2024-09-05 12:00:00,136.2754795101987
2024-09-05 13:00:00,106.6169137504304
2024-09-05 14:00:00,113.4806480051914
2024-09-05 15:00:00,103.7047094635537
2024-09-05 16:00:00,104.2098743499505
2024-09-05 17:00:00,95.20762723131212
2024-09-05 18:00:00,99.56247461346055
2024-09-05 19:00:00,95.3110998372561
2024-09-05 20:00:00,96.00603014233317
2024-09-05 21:00:00,96.104724089671
2024-09-05 22:00:00,117.5134007497664
2024-09-05 23:00:00,122.0286499587746
2024-09-06 00:00:00,132.5832443585617
2024-09-06 01:00:00,135.4165981131941
2024-09-06 02:00:00,129.1555200216198
2024-09-06 03:00:00,142.5135331586962
2024-09-06 04:00:00,145.1796397092421
2024-09-06 05:00:00,143.9556422632278
2024-09-06 06:00:00,148.4319136256209
2024-09-06 07:00:00,133.3688905101422
2024-09-06 08:00:00,136.1469727543846
2024-09-06 09:00:00,139.4955943745828
2024-09-06 10:00:00,139.8602763190775
2024-09-06 11:00:00,124.2920017990325
2024-09-06 12:00:00,112.7149324405036
2024-09-06 13:00:00,112.2933825676092
2024-09-06 14:00:00,93.17433101293442
2024-09-06 15:00:00,85.1978601080797
2024-09-06 16:00:00,87.07921243207028
2024-09-06 17:00:00,74.75941018204728
2024-09-06 18:00:00,88.45601433036445
2024-09-06 19:00:00,76.97619991497409
2024-09-06 20:00:00,89.4053180591854
2024-09-06 21:00:00,86.50927759339719
2024-09-06 22:00:00,95.58527934373873
2024-09-06 23:00:00,101.1585102606978
2024-09-07 00:00:00,101.7538432737796
2024-09-07 01:00:00,107.1500797905653
2024-09-07 02:00:00,127.6572454202282
2024-09-07 03:00:00,117.5963811760411
2024-09-07 04:00:00,130.4736113663508
2024-09-07 05:00:00,137.8252314076814
2024-09-07 06:00:00,151.6427909291854
2024-09-07 07:00:00,133.0438823149498
2024-09-07 08:00:00,146.8305472992881
2024-09-07 09:00:00,145.3290821997568
2024-09-07 10:00:00,118.7695552397724
2024-09-07 11:00:00,121.165408477862
2024-09-07 12:00:00,116.9397090904104
2024-09-07 13:00:00,102.1860495766726
2024-09-07 14:00:00,103.1647177133755
2024-09-07 15:00:00,96.16796510129457
2024-09-07 16:00:00,82.47132429076602
2024-09-07 17:00:00,88.33185636366795
2024-09-07 18:00:00,75.03679803168515
2024-09-07 19:00:00,76.75191027785245
2024-09-07 20:00:00,95.74741054354995
2024-09-07 21:00:00,102.6144263420124
2024-09-07 22:00:00,110.1336923092373
2024-09-07 23:00:00,116.7210272117119
2024-09-08 00:00:00,126.8930943669177
2024-09-08 01:00:00,125.0820446758053
2024-09-08 02:00:00,132.009255705966
2024-09-08 03:00:00,142.3900073094901
2024-09-08 04:00:00,155.9649137088253
2024-09-08 05:00:00,144.294543765913
2024-09-08 06:00:00,137.83150269798
2024-09-08 07:00:00,161.4649151875296
2024-09-08 08:00:00,155.0007787831725
2024-09-08 09:00:00,131.9197439225742
2024-09-08 10:00:00,142.3162223531669
2024-09-08 11:00:00,126.0277181117851
2024-09-08 12:00:00,124.4838157021641
2024-09-08 13:00:00,123.6174517754653
2024-09-08 14:00:00,116.9203352050442
2024-09-08 15:00:00,114.2857798286136
2024-09-08 16:00:00,106.5222291217404
2024-09-08 17:00:00,100.0780933845861
2024-09-08 18:00:00,95.83175789633655
2024-09-08 19:00:00,99.55728073610865
2024-09-08 20:00:00,107.6466653577332
2024-09-08 21:00:00,105.6325783898144
2024-09-08 22:00:00,111.1859475481547
2024-09-08 23:00:00,124.7851509380129
2024-09-09 00:00:00,122.6698580633482
2024-09-09 01:00:00,133.3665573644707
2024-09-09 02:00:00,151.3098253171203
2024-09-09 03:00:00,171.4283515090486
2024-09-09 04:00:00,159.4420134179099
2024-09-09 05:00:00,154.6233492319394
2024-09-09 06:00:00,180.3594421204519
2024-09-09 07:00:00,150.2041395875836
2024-09-09 08:00:00,174.5539706979617
2024-09-09 09:00:00,150.3223097454705
2024-09-09 10:00:00,161.4014493163634
2024-09-09 11:00:00,139.5058769107543
2024-09-09 12:00:00,133.7117994428976
2024-09-09 13:00:00,124.347982085951
2024-09-09 14:00:00,128.966285531629
2024-09-09 15:00:00,107.6719002819764
2024-09-09 16:00:00,106.8419745931621
2024-09-09 17:00:00,113.6408249540198
2024-09-09 18:00:00,125.0698480706137
2024-09-09 19:00:00,110.4896872346963
2024-09-09 20:00:00,132.6135185946655
2024-09-09 21:00:00,120.3491346852519
2024-09-09 22:00:00,148.6198869840496
2024-09-09 23:00:00,152.6242869231093
2024-09-10 00:00:00,141.1661396239267
2024-09-10 01:00:00,159.5828390868272
2024-09-10 02:00:00,154.7827382392996
2024-09-10 03:00:00,178.8712339090616
2024-09-10 04:00:00,172.8047692385906
2024-09-10 05:00:00,164.2202703163409
2024-09-10 06:00:00,195.6080808290448
2024-09-10 07:00:00,170.6103932647804
2024-09-10 08:00:00,188.5599384790534
2024-09-10 09:00:00,165.8772203483695
2024-09-10 10:00:00,163.7702948460262
2024-09-10 11:00:00,156.167373358437
2024-09-10 12:00:00,156.1410174242008
2024-09-10 13:00:00,144.5225049063926
2024-09-10 14:00:00,129.3921641718493
2024-09-10 15:00:00,135.9825174184011
2024-09-10 16:00:00,124.3295459904969
2024-09-10 17:00:00,115.0123885168797
2024-09-10 18:00:00,130.025584752711
2024-09-10 19:00:00,123.7597766901036
2024-09-10 20:00:00,117.7636900148587
2024-09-10 21:00:00,131.7947940318426
2024-09-10 22:00:00,129.4958360811181
2024-09-10 23:00:00,137.7355304316484
2024-09-11 00:00:00,142.3017884971102
2024-09-11 01:00:00,174.1963605129077
2024-09-11 02:00:00,158.3825199497563
2024-09-11 03:00:00,164.796643847237
2024-09-11 04:00:00,190.0009726579237
2024-09-11 05:00:00,164.4105143712781
2024-09-11 06:00:00,189.2382485996276
2024-09-11 07:00:00,162.3552921741041
2024-09-11 08:00:00,168.7228246099339
2024-09-11 09:00:00,156.55394621428
2024-09-11 10:00:00,149.7724840565862
2024-09-11 11:00:00,151.8509475832764
2024-09-11 12:00:00,144.728909015085
2024-09-11 13:00:00,137.5236289648294
2024-09-11 14:00:00,126.6327169207011
2024-09-11 15:00:00,119.7364284787136
2024-09-11 16:00:00,125.3173396639724
2024-09-11 17:00:00,120.5275505999684
2024-09-11 18:00:00,107.7139605420433
2024-09-11 19:00:00,114.9658002405511
2024-09-11 20:00:00,122.561912203769
2024-09-11 21:00:00,114.531214187321
2024-09-11 22:00:00,122.8384318365051
2024-09-11 23:00:00,127.7265852189544
2024-09-12 00:00:00,144.78536725826
2024-09-12 01:00:00,146.5050142081293
2024-09-12 02:00:00,148.7221632763344
2024-09-12 03:00:00,152.8443251238537
2024-09-12 04:00:00,149.4076640265239
2024-09-12 05:00:00,181.9995359976335
2024-09-12 06:00:00,149.0299102773817
2024-09-12 07:00:00,159.226079322134
2024-09-12 08:00:00,148.3454026495604
2024-09-12 09:00:00,137.4833844441503
2024-09-12 10:00:00,134.5914769047915
2024-09-12 11:00:00,127.3663977270088
2024-09-12 12:00:00,123.4478234932411
2024-09-12 13:00:00,118.8898463890635
2024-09-12 14:00:00,100.694680741741
2024-09-12 15:00:00,97.98177587779723
2024-09-12 16:00:00,109.0355855903788
2024-09-12 17:00:00,106.2352159405748
2024-09-12 18:00:00,99.15177469104152
2024-09-12 19:00:00,100.7846360437733
2024-09-12 20:00:00,101.500113893456
2024-09-12 21:00:00,108.580440889369
2024-09-12 22:00:00,123.5810445510303
2024-09-12 23:00:00,129.9600385190393
2024-09-13 00:00:00,137.8951044480879
2024-09-13 01:00:00,145.2216534860998
2024-09-13 02:00:00,140.7772433969109
2024-09-13 03:00:00,142.8990289772574
2024-09-13 04:00:00,153.5907940407098
2024-09-13 05:00:00,145.5042593826357
2024-09-13 06:00:00,146.2764941133442
2024-09-13 07:00:00,151.8665742427644
2024-09-13 08:00:00,128.7312708098045
2024-09-13 09:00:00,142.7233813810249
2024-09-13 10:00:00,138.0373400188702
2024-09-13 11:00:00,113.088836470315
2024-09-13 12:00:00,109.3965621227543
2024-09-13 13:00:00,97.86718188214802
2024-09-13 14:00:00,99.47718836417195
2024-09-13 15:00:00,88.09277889102687
2024-09-13 16:00:00,88.09318237103378
2024-09-13 17:00:00,90.51540574216244
2024-09-13 18:00:00,84.74556337251803
2024-09-13 19:00:00,92.76597136827696
2024-09-13 20:00:00,89.58384189188612
2024-09-13 21:00:00,84.38174467709922
2024-09-13 22:00:00,95.11906049688304
2024-09-13 23:00:00,106.7266487339977
2024-09-14 00:00:00,101.1044971048518
2024-09-14 01:00:00,126.4491701519722
2024-09-14 02:00:00,126.3772019529266
2024-09-14 03:00:00,135.2494448064598
2024-09-14 04:00:00,140.3565803914386
2024-09-14 05:00:00,155.7711740640358
2024-09-14 06:00:00,131.8269376455611
2024-09-14 07:00:00,129.5857341283464
2024-09-14 08:00:00,135.3743734716899
2024-09-14 09:00:00,134.4229495611017
2024-09-14 10:00:00,115.9444706840736
2024-09-14 11:00:00,108.0163211773859
2024-09-14 12:00:00,121.6369573001804
2024-09-14 13:00:00,99.65590876976982
2024-09-14 14:00:00,105.806058106839
2024-09-14 15:00:00,85.76409978428217
2024-09-14 16:00:00,84.96542884916461
2024-09-14 17:00:00,77.66766937256548
2024-09-14 18:00:00,78.0412265397716
2024-09-14 19:00:00,89.5731330891337
2024-09-14 20:00:00,99.89370413110366
2024-09-14 21:00:00,98.56141369335991
2024-09-14 22:00:00,109.0702317215476
2024-09-14 23:00:00,106.948279941294
2024-09-15 00:00:00,126.61600292275
2024-09-15 01:00:00,140.2703575737423
2024-09-15 02:00:00,127.3225730209475
2024-09-15 03:00:00,145.358518154304
2024-09-15 04:00:00,152.9027802172786
2024-09-15 05:00:00,142.3910067160403
2024-09-15 06:00:00,148.8715598618199
2024-09-15 07:00:00,154.7346068618619
2024-09-15 08:00:00,136.4004877705359
2024-09-15 09:00:00,153.1810559868685
2024-09-15 10:00:00,135.8223903656002
2024-09-15 11:00:00,126.6738027952879
2024-09-15 12:00:00,113.9016333015325
2024-09-15 13:00:00,116.5430071363261
2024-09-15 14:00:00,114.2571839631274
2024-09-15 15:00:00,103.9251776956587
2024-09-15 16:00:00,104.9735369481825
2024-09-15 17:00:00,101.947424982506
2024-09-15 18:00:00,106.9668092629305
2024-09-15 19:00:00,98.61040848546692
2024-09-15 20:00:00,104.9475373877586
2024-09-15 21:00:00,106.2966400306385
2024-09-15 22:00:00,127.6350245248369
2024-09-15 23:00:00,123.0641312343417
2024-09-16 00:00:00,132.6436647990516
2024-09-16 01:00:00,134.4743245930027
2024-09-16 02:00:00,143.4236897711538
2024-09-16 03:00:00,168.3782249664163
2024-09-16 04:00:00,155.4483800440605
2024-09-16 05:00:00,165.5830276132679
2024-09-16 06:00:00,182.5348952455892
2024-09-16 07:00:00,163.1769834340335
2024-09-16 08:00:00,160.3919002178139
2024-09-16 09:00:00,153.4788433565994
2024-09-16 10:00:00,163.1354501932071
2024-09-16 11:00:00,151.9674306925726
2024-09-16 12:00:00,154.0954737572873
2024-09-16 13:00:00,123.0082186492524
2024-09-16 14:00:00,124.2586414019131
2024-09-16 15:00:00,112.7032095926018
2024-09-16 16:00:00,111.4736683582371
2024-09-16 17:00:00,126.1972623578399
2024-09-16 18:00:00,127.1763303592355
2024-09-16 19:00:00,122.4033105743447
2024-09-16 20:00:00,119.4001707804811
2024-09-16 21:00:00,117.9212609801258
2024-09-16 22:00:00,130.1980959967184
2024-09-16 23:00:00,132.446768647973
2024-09-17 00:00:00,155.6753572323572
2024-09-17 01:00:00,153.1265381723443
2024-09-17 02:00:00,177.628537106291
2024-09-17 03:00:00,184.3043619326583
2024-09-17 04:00:00,162.1460298964685
2024-09-17 05:00:00,192.2878566273428
2024-09-17 06:00:00,172.4299149711335
2024-09-17 07:00:00,177.2073520251757
2024-09-17 08:00:00,192.4190341169273
2024-09-17 09:00:00,190.8990595325602
2024-09-17 10:00:00,167.9092166045774
2024-09-17 11:00:00,170.0061188561862
2024-09-17 12:00:00,142.9788230574178
2024-09-17 13:00:00,154.9787456708643
2024-09-17 14:00:00,124.2798615900901
2024-09-17 15:00:00,127.6701010415871
2024-09-17 16:00:00,138.3695449630163
2024-09-17 17:00:00,126.288572062618
2024-09-17 18:00:00,130.6551460039539
2024-09-17 19:00:00,124.1423177885545
2024-09-17 20:00:00,137.9119110190406
2024-09-17 21:00:00,127.9768910753682
2024-09-17 22:00:00,153.1214719258541
2024-09-17 23:00:00,151.1904256558089
2024-09-18 00:00:00,144.1233787222828
2024-09-18 01:00:00,168.8749155743303
2024-09-18 02:00:00,181.3330968080579
2024-09-18 03:00:00,186.9783500499477
2024-09-18 04:00:00,166.7121750666265
2024-09-18 05:00:00,192.7998458822233
2024-09-18 06:00:00,198.548028216886
2024-09-18 07:00:00,167.3774138042295
2024-09-18 08:00:00,160.2487654115754
2024-09-18 09:00:00,164.9582132966041
2024-09-18 10:00:00,148.5933004313552
2024-09-18 11:00:00,142.6359377642711
2024-09-18 12:00:00,156.6667357611614
2024-09-18 13:00:00,144.089513910853
2024-09-18 14:00:00,133.0493155906995
2024-09-18 15:00:00,124.8841495133638
2024-09-18 16:00:00,119.7846994640393
2024-09-18 17:00:00,114.2628341634508
2024-09-18 18:00:00,128.2503290720868
2024-09-18 19:00:00,109.1064927260673
2024-09-18 20:00:00,122.7205775510391
2024-09-18 21:00:00,138.8414880294309
2024-09-18 22:00:00,132.4387514952064
2024-09-18 23:00:00,132.1111630877136
2024-09-19 00:00:00,162.2241963432324
2024-09-19 01:00:00,157.8390320453256
2024-09-19 02:00:00,161.9150445059882
2024-09-19 03:00:00,173.248582023263
2024-09-19 04:00:00,168.0339552261098
2024-09-19 05:00:00,178.6091993349966
2024-09-19 06:00:00,168.5197167878892
2024-09-19 07:00:00,154.22275369313
2024-09-19 08:00:00,170.8747840680176
2024-09-19 09:00:00,160.3163086959318
2024-09-19 10:00:00,159.700135542592
2024-09-19 11:00:00,139.1765463948705
2024-09-19 12:00:00,139.8606610532595
2024-09-19 13:00:00,121.9710278721516
2024-09-19 14:00:00,113.9893724143235
2024-09-19 15:00:00,106.2473640374106
2024-09-19 16:00:00,112.5618292404842
2024-09-19 17:00:00,106.7085381094025
2024-09-19 18:00:00,98.09578510036494
2024-09-19 19:00:00,105.8496600727635
2024-09-19 20:00:00,106.6270686702961
2024-09-19 21:00:00,118.1590890948895
2024-09-19 22:00:00,111.5576642675209
2024-09-19 23:00:00,129.7406184872342
2024-09-20 00:00:00,134.5528022564874
2024-09-20 01:00:00,134.3752280983426
2024-09-20 02:00:00,159.7068450540405
2024-09-20 03:00:00,139.6662888913373
2024-09-20 04:00:00,151.3702964125922
2024-09-20 05:00:00,154.7491239611888
2024-09-20 06:00:00,145.0418268447093
2024-09-20 07:00:00,140.5640366811987
2024-09-20 08:00:00,137.888826983536
2024-09-20 09:00:00,132.0453069659282
2024-09-20 10:00:00,129.9602569638848
2024-09-20 11:00:00,121.0606368267032
2024-09-20 12:00:00,116.5769548202676
2024-09-20 13:00:00,108.4999284610283
2024-09-20 14:00:00,102.2897601286592
2024-09-20 15:00:00,95.86954014760113
2024-09-20 16:00:00,89.79680005160965
2024-09-20 17:00:00,88.40637398035136
2024-09-20 18:00:00,88.38254613378504
2024-09-20 19:00:00,84.26867250208763
2024-09-20 20:00:00,96.0038633261729
2024-09-20 21:00:00,90.4096153025368
2024-09-20 22:00:00,99.7582929770332
2024-09-20 23:00:00,103.5531920673385
2024-09-21 00:00:00,128.5608309409256
2024-09-21 01:00:00,124.6879962013577
2024-09-21 02:00:00,121.6696612142034
2024-09-21 03:00:00,147.8072567765938
2024-09-21 04:00:00,128.4018489685994
2024-09-21 05:00:00,151.4432446950021
2024-09-21 06:00:00,145.1735081491098
2024-09-21 07:00:00,150.2487480814309
2024-09-21 08:00:00,152.4398664226156
2024-09-21 09:00:00,141.8576657063353
2024-09-21 10:00:00,119.3781750553326
2024-09-21 11:00:00,126.6721142109733
2024-09-21 12:00:00,114.7949852062012
2024-09-21 13:00:00,99.24481357735849
2024-09-21 14:00:00,99.08931622085323
2024-09-21 15:00:00,96.59080237355599
2024-09-21 16:00:00,87.54757898192055
2024-09-21 17:00:00,94.12635441158957
2024-09-21 18:00:00,95.43150647151168
2024-09-21 19:00:00,92.53380130442333
2024-09-21 20:00:00,97.99046860531647
2024-09-21 21:00:00,106.7966051938297
2024-09-21 22:00:00,107.069237589247
2024-09-21 23:00:00,114.2789491978982
2024-09-22 00:00:00,121.5304694540744
2024-09-22 01:00:00,123.6807332778802
2024-09-22 02:00:00,148.2000837685177
2024-09-22 03:00:00,155.8047593542332
2024-09-22 04:00:00,159.9146200164511
2024-09-22 05:00:00,162.0889104101995
2024-09-22 06:00:00,148.715980259983
2024-09-22 07:00:00,155.1636549268788
2024-09-22 08:00:00,155.5202584111776
2024-09-22 09:00:00,148.7370256055781
2024-09-22 10:00:00,126.8258706000512
2024-09-22 11:00:00,125.4068802066443
2024-09-22 12:00:00,127.7609605553945
2024-09-22 13:00:00,108.7463811499594
2024-09-22 14:00:00,104.2164461511287
2024-09-22 15:00:00,109.5818921411319
2024-09-22 16:00:00,94.57756670643172
2024-09-22 17:00:00,111.1753366714428
2024-09-22 18:00:00,107.8078625751128
2024-09-22 19:00:00,111.3500785334695
2024-09-22 20:00:00,111.8735492824319
2024-09-22 21:00:00,115.7434936907937
2024-09-22 22:00:00,128.0794220895749
2024-09-22 23:00:00,121.3377084646992
2024-09-23 00:00:00,146.3742204585998
2024-09-23 01:00:00,143.4515488815623
2024-09-23 02:00:00,165.3803021697466
2024-09-23 03:00:00,155.0174235083005
2024-09-23 04:00:00,156.8655790125401
2024-09-23 05:00:00,179.0898285792978
2024-09-23 06:00:00,159.5885361293727
2024-09-23 07:00:00,168.1426547025582
2024-09-23 08:00:00,167.627830379375
2024-09-23 09:00:00,150.7871278373711
2024-09-23 10:00:00,164.4438536706464
2024-09-23 11:00:00,150.0851049767036
2024-09-23 12:00:00,156.714584678493
2024-09-23 13:00:00,153.0199340339057
2024-09-23 14:00:00,141.4819809950973
2024-09-23 15:00:00,126.9863955510796
2024-09-23 16:00:00,131.1511632313905
2024-09-23 17:00:00,124.9182202276576
2024-09-23 18:00:00,108.5962470150128
2024-09-23 19:00:00,118.8832137399018
2024-09-23 20:00:00,131.4651360435061
2024-09-23 21:00:00,141.9047542639803
2024-09-23 22:00:00,126.7527475993732
2024-09-23 23:00:00,137.9280443766089
2024-09-24 00:00:00,141.3087700673363
2024-09-24 01:00:00,146.3504533980216
2024-09-24 02:00:00,157.46558713048
2024-09-24 03:00:00,163.2921921824257
2024-09-24 04:00:00,183.7780292402356
2024-09-24 05:00:00,193.2336781192045
2024-09-24 06:00:00,198.6759367768053
2024-09-24 07:00:00,199.665807669284
2024-09-24 08:00:00,166.6609697490601
2024-09-24 09:00:00,188.8938942046006
2024-09-24 10:00:00,186.4544080812582
2024-09-24 11:00:00,165.1838915518952
2024-09-24 12:00:00,172.6945876307052
2024-09-24 13:00:00,140.0883808872939
2024-09-24 14:00:00,149.5716326091026
2024-09-24 15:00:00,127.011438790334
2024-09-24 16:00:00,138.9387257274149
2024-09-24 17:00:00,120.1476686802171
2024-09-24 18:00:00,130.3423081286644
2024-09-24 19:00:00,126.8550693915987
2024-09-24 20:00:00,135.8213229295599
2024-09-24 21:00:00,120.4605578250797
2024-09-24 22:00:00,126.6892908445884
2024-09-24 23:00:00,152.1360152566899
2024-09-25 00:00:00,136.773541157956
2024-09-25 01:00:00,161.7180003707024
2024-09-25 02:00:00,160.8931068265647
2024-09-25 03:00:00,174.1313174256645
2024-09-25 04:00:00,163.18755809858
2024-09-25 05:00:00,174.8008861654097
2024-09-25 06:00:00,171.0117746118399
2024-09-25 07:00:00,200.9313216967003
2024-09-25 08:00:00,169.2978369341431
2024-09-25 09:00:00,176.7108788679104
2024-09-25 10:00:00,166.6426130744737
2024-09-25 11:00:00,175.2697523937624
2024-09-25 12:00:00,139.0676005246141
2024-09-25 13:00:00,135.8042643017856
2024-09-25 14:00:00,132.7506735744645
2024-09-25 15:00:00,122.8845935685617
2024-09-25 16:00:00,115.477194117094
2024-09-25 17:00:00,112.2203015990138
2024-09-25 18:00:00,126.8632596366753
2024-09-25 19:00:00,113.4923569207468
2024-09-25 20:00:00,114.4285822417087
2024-09-25 21:00:00,142.9930993942669
2024-09-25 22:00:00,126.7903557760166
2024-09-25 23:00:00,152.0188237749394
2024-09-26 00:00:00,156.5957558577009
2024-09-26 01:00:00,149.1744160790156
2024-09-26 02:00:00,161.7891949028125
2024-09-26 03:00:00,163.7610452743953
2024-09-26 04:00:00,188.4028873935909
2024-09-26 05:00:00,183.4720243514076
2024-09-26 06:00:00,174.1697457131927
2024-09-26 07:00:00,172.965817704208
2024-09-26 08:00:00,175.8236689151294
2024-09-26 09:00:00,168.3910144505999
2024-09-26 10:00:00,148.8321156880122
2024-09-26 11:00:00,132.3550197435441
2024-09-26 12:00:00,125.2844797123528
2024-09-26 13:00:00,120.8182995394574
2024-09-26 14:00:00,123.8306509111819
2024-09-26 15:00:00,109.448323151581
2024-09-26 16:00:00,103.1208380400617
2024-09-26 17:00:00,95.97947661211198
2024-09-26 18:00:00,97.94127216419652
2024-09-26 19:00:00,104.0912271760253
2024-09-26 20:00:00,100.6378858323995
2024-09-26 21:00:00,114.1964731818871
2024-09-26 22:00:00,107.1092064110937
2024-09-26 23:00:00,122.251573922101
2024-09-27 00:00:00,142.2583645409211
2024-09-27 01:00:00,130.9247142688241
2024-09-27 02:00:00,154.0393878364317
2024-09-27 03:00:00,161.5742969258716
2024-09-27 04:00:00,161.929532742334
2024-09-27 05:00:00,169.3156764806567
2024-09-27 06:00:00,140.1016405459318
2024-09-27 07:00:00,154.3828274353121
2024-09-27 08:00:00,144.5401477824649
2024-09-27 09:00:00,139.8441146759544
2024-09-27 10:00:00,134.1727487593698
2024-09-27 11:00:00,135.6093960077958
2024-09-27 12:00:00,132.998808460397
2024-09-27 13:00:00,111.7086099710271
2024-09-27 14:00:00,105.8869575012725
2024-09-27 15:00:00,111.8819551953609
2024-09-27 16:00:00,103.8279122912167
2024-09-27 17:00:00,89.4993814461448
2024-09-27 18:00:00,83.88950743046168
2024-09-27 19:00:00,92.36734355879851
2024-09-27 20:00:00,95.79567767759974
2024-09-27 21:00:00,88.44629545132236
2024-09-27 22:00:00,106.9888900071616
2024-09-27 23:00:00,109.530321812629
2024-09-28 00:00:00,107.5344870353329
2024-09-28 01:00:00,109.3677061093251
2024-09-28 02:00:00,139.8287194059622
2024-09-28 03:00:00,142.079145509646
2024-09-28 04:00:00,138.9452458915664
2024-09-28 05:00:00,134.1772026185713
2024-09-28 06:00:00,157.5269600605045
2024-09-28 07:00:00,163.0041600843533
2024-09-28 08:00:00,145.8967597899713
2024-09-28 09:00:00,153.0752506071046
2024-09-28 10:00:00,139.2155698146172
2024-09-28 11:00:00,143.5055066629799
2024-09-28 12:00:00,135.6774318363852
2024-09-28 13:00:00,115.8247841862875
2024-09-28 14:00:00,102.3667069536354
2024-09-28 15:00:00,105.369668470217
2024-09-28 16:00:00,101.7374847750332
2024-09-28 17:00:00,101.6382263701247
2024-09-28 18:00:00,85.82265785652014
2024-09-28 19:00:00,101.1146858693516
2024-09-28 20:00:00,94.5673677416022
2024-09-28 21:00:00,104.1371994619619
2024-09-28 22:00:00,101.7598290544369
2024-09-28 23:00:00,121.3259985726026
2024-09-29 00:00:00,123.8443931342011
2024-09-29 01:00:00,124.0146820000971
2024-09-29 02:00:00,136.2035641169456
2024-09-29 03:00:00,152.1071950632314
2024-09-29 04:00:00,137.5796218426966
2024-09-29 05:00:00,159.8718788589061
2024-09-29 06:00:00,167.9860795528405
2024-09-29 07:00:00,155.9014636197978
2024-09-29 08:00:00,161.3049590170685
2024-09-29 09:00:00,163.9713446070954
2024-09-29 10:00:00,154.4448384259404
2024-09-29 11:00:00,139.8519686818196
2024-09-29 12:00:00,127.1989143113362
2024-09-29 13:00:00,116.2349926845618
2024-09-29 14:00:00,111.3035487057092
2024-09-29 15:00:00,109.1923004013475
2024-09-29 16:00:00,101.8382000051315
2024-09-29 17:00:00,115.8666243544998
2024-09-29 18:00:00,100.4718590254271
2024-09-29 19:00:00,111.5500766527136
2024-09-29 20:00:00,111.4314793064681
2024-09-29 21:00:00,117.2212634268109
2024-09-29 22:00:00,126.0180859075699
2024-09-29 23:00:00,128.6766876043671
2024-09-30 00:00:00,160.4749862987428
2024-09-30 01:00:00,163.999190945876
2024-09-30 02:00:00,170.927207308303
2024-09-30 03:00:00,179.7422830319505
2024-09-30 04:00:00,159.6836620316803
2024-09-30 05:00:00,179.3638420364496
2024-09-30 06:00:00,179.2234052253131
2024-09-30 07:00:00,162.6853933131609
2024-09-30 08:00:00,152.6259632558325
2024-09-30 09:00:00,152.1609763072031
2024-09-30 10:00:00,157.8112633370031
2024-09-30 11:00:00,138.6516414108292
2024-09-30 12:00:00,139.7095309183825
2024-09-30 13:00:00,129.7828123793246
2024-09-30 14:00:00,123.5432540897224
2024-09-30 15:00:00,129.5784954609969
2024-09-30 16:00:00,117.6680346745214
2024-09-30 17:00:00,129.3289420569127
2024-09-30 18:00:00,135.4009385363357
2024-09-30 19:00:00,129.443725587807
2024-09-30 20:00:00,140.90750339906
2024-09-30 21:00:00,145.6431042539633
2024-09-30 22:00:00,135.9967521888135
2024-09-30 23:00:00,146.1562142554226
2024-10-01 00:00:00,178.2752313718468
2024-10-01 01:00:00,155.1328988242455
2024-10-01 02:00:00,194.2092105434184
2024-10-01 03:00:00,193.4646202207258
2024-10-01 04:00:00,192.4240758302062
2024-10-01 05:00:00,194.8393324090187
2024-10-01 06:00:00,181.3226370206077
2024-10-01 07:00:00,193.8350036229582
2024-10-01 08:00:00,173.4162958479988
2024-10-01 09:00:00,194.2997942669933
2024-10-01 10:00:00,161.7984842334076
2024-10-01 11:00:00,170.0839610259203
2024-10-01 12:00:00,148.4933267615271
2024-10-01 13:00:00,138.6755117025162
2024-10-01 14:00:00,150.7525773431359
2024-10-01 15:00:00,134.7545143313708
2024-10-01 16:00:00,138.1986788038407
2024-10-01 17:00:00,119.1801707207311
2024-10-01 18:00:00,123.6411567455289
2024-10-01 19:00:00,125.6248301474928
2024-10-01 20:00:00,138.6789307188169
2024-10-01 21:00:00,127.5452181042889
2024-10-01 22:00:00,142.6720577701287
2024-10-01 23:00:00,152.1580438501427
2024-10-02 00:00:00,146.9829790579367
2024-10-02 01:00:00,143.4239245045391
2024-10-02 02:00:00,157.6030923962268
2024-10-02 03:00:00,161.3782366108388
2024-10-02 04:00:00,173.9484143716364
2024-10-02 05:00:00,183.4825298908497
2024-10-02 06:00:00,172.8502785880831
2024-10-02 07:00:00,199.3864581445026
2024-10-02 08:00:00,177.1469334363526
2024-10-02 09:00:00,185.7996517087072
2024-10-02 10:00:00,166.8676308978218
2024-10-02 11:00:00,152.7345729956056
2024-10-02 12:00:00,151.4862602125161
2024-10-02 13:00:00,154.8215554803779
2024-10-02 14:00:00,140.323902582643
2024-10-02 15:00:00,144.6990593430934
2024-10-02 16:00:00,127.9758996224117
2024-10-02 17:00:00,121.4317652891334
2024-10-02 18:00:00,123.7284076510277
2024-10-02 19:00:00,116.8078472363189
2024-10-02 20:00:00,127.2792564387288
2024-10-02 21:00:00,140.0275046620424
2024-10-02 22:00:00,132.4182571098743
2024-10-02 23:00:00,138.305221526841
2024-10-03 00:00:00,162.2967344575451
2024-10-03 01:00:00,149.3985969251637
2024-10-03 02:00:00,175.3203689274843
2024-10-03 03:00:00,168.4534655448898
2024-10-03 04:00:00,161.9967952792657
2024-10-03 05:00:00,157.0721581735706
2024-10-03 06:00:00,175.3789067771589
2024-10-03 07:00:00,177.4114679375654
2024-10-03 08:00:00,168.5855065218342
2024-10-03 09:00:00,158.4899319205606
2024-10-03 10:00:00,144.1506447689085
2024-10-03 11:00:00,157.4826112165794
2024-10-03 12:00:00,126.9198060680979
2024-10-03 13:00:00,122.7283704328658
2024-10-03 14:00:00,113.3289333717066
2024-10-03 15:00:00,126.9626878436003
2024-10-03 16:00:00,103.2765928737173
2024-10-03 17:00:00,108.2809678145283
2024-10-03 18:00:00,98.2584867227827
2024-10-03 19:00:00,105.9888380783157
2024-10-03 20:00:00,111.956597236619
2024-10-03 21:00:00,100.235093870229
2024-10-03 22:00:00,107.2901991200087
2024-10-03 23:00:00,116.829143516877
2024-10-04 00:00:00,133.2647589365502
2024-10-04 01:00:00,125.5557270465216
2024-10-04 02:00:00,149.0274796494898
2024-10-04 03:00:00,152.1393083064831
2024-10-04 04:00:00,162.6510582269665
2024-10-04 05:00:00,147.0996050517458
2024-10-04 06:00:00,148.1319128245086
2024-10-04 07:00:00,143.9178274117989
2024-10-04 08:00:00,165.3289954274508
2024-10-04 09:00:00,151.6460668430901
2024-10-04 10:00:00,132.9931059873372
2024-10-04 11:00:00,144.8047906832161
2024-10-04 12:00:00,125.0361912815471
2024-10-04 13:00:00,117.2578155797736
2024-10-04 14:00:00,100.0049213205458
2024-10-04 15:00:00,108.5640521503476
2024-10-04 16:00:00,102.7547287108199
2024-10-04 17:00:00,88.41281659970032
2024-10-04 18:00:00,87.63171612931677
2024-10-04 19:00:00,83.63371319177728
2024-10-04 20:00:00,92.14791438813015
2024-10-04 21:00:00,103.8045534961945
2024-10-04 22:00:00,99.24943086269937
2024-10-04 23:00:00,118.2658323616292
2024-10-05 00:00:00,123.4236028568275
2024-10-05 01:00:00,127.1073477389578
2024-10-05 02:00:00,143.4432975924933
2024-10-05 03:00:00,150.448532657216
2024-10-05 04:00:00,149.1514920173847
2024-10-05 05:00:00,131.8997333065549
2024-10-05 06:00:00,137.724911642733
2024-10-05 07:00:00,151.4465844808956
2024-10-05 08:00:00,143.3343142196936
2024-10-05 09:00:00,148.6309651290963
2024-10-05 10:00:00,142.103027754336
2024-10-05 11:00:00,126.758730489463
2024-10-05 12:00:00,122.7791064908575
2024-10-05 13:00:00,107.1317995021849
2024-10-05 14:00:00,113.7475564244659
2024-10-05 15:00:00,99.63486476523634
2024-10-05 16:00:00,95.36536219230155
2024-10-05 17:00:00,90.05341916599644
2024-10-05 18:00:00,92.70970901862525
2024-10-05 19:00:00,91.08730571175317
2024-10-05 20:00:00,92.54055214613494
2024-10-05 21:00:00,91.2279976851891
2024-10-05 22:00:00,117.344419151516
2024-10-05 23:00:00,120.7116663624566
2024-10-06 00:00:00,135.6113246700318
2024-10-06 01:00:00,125.0452166130356
2024-10-06 02:00:00,142.7869700496645
2024-10-06 03:00:00,158.2507304258449
2024-10-06 04:00:00,141.247457861477
2024-10-06 05:00:00,156.4645133734903
2024-10-06 06:00:00,157.6970204903036
2024-10-06 07:00:00,140.6240643859431
2024-10-06 08:00:00,162.9119503551899
2024-10-06 09:00:00,159.3891771954248
2024-10-06 10:00:00,137.8098106339149
2024-10-06 11:00:00,125.8812954246301
2024-10-06 12:00:00,119.1001332408208
2024-10-06 13:00:00,122.0246394578436
2024-10-06 14:00:00,124.573154387146
2024-10-06 15:00:00,115.3645486302916
2024-10-06 16:00:00,104.5230474769473
2024-10-06 17:00:00,104.3736773158146
2024-10-06 18:00:00,111.432563590543
2024-10-06 19:00:00,104.2000542025361
2024-10-06 20:00:00,109.3850447970058
2024-10-06 21:00:00,113.5231016844179
2024-10-06 22:00:00,127.1409517814476
2024-10-06 23:00:00,122.8737522802932
2024-10-07 00:00:00,126.3027776070324
2024-10-07 01:00:00,131.0184907950415
2024-10-07 02:00:00,162.5060528528206
2024-10-07 03:00:00,145.6641642281887
2024-10-07 04:00:00,180.3173402372349
2024-10-07 05:00:00,179.351611363063
2024-10-07 06:00:00,184.1463998668358
2024-10-07 07:00:00,163.4220474057368
2024-10-07 08:00:00,182.9404869490061
2024-10-07 09:00:00,164.6789119011019
2024-10-07 10:00:00,146.0377999618757
2024-10-07 11:00:00,153.4998108072145
2024-10-07 12:00:00,139.7973674905242
2024-10-07 13:00:00,132.6230632990413
2024-10-07 14:00:00,141.0503557503017
2024-10-07 15:00:00,113.8019432406881
2024-10-07 16:00:00,110.2508962327559
2024-10-07 17:00:00,110.5276175462735
2024-10-07 18:00:00,124.8036903985589
2024-10-07 19:00:00,121.7717656165637
2024-10-07 20:00:00,127.7291629961252
2024-10-07 21:00:00,132.7007543594376
2024-10-07 22:00:00,149.7933498386659
2024-10-07 23:00:00,155.8334001574388
2024-10-08 00:00:00,152.5305996200497
2024-10-08 01:00:00,175.871157952569
2024-10-08 02:00:00,155.5487009165181
2024-10-08 03:00:00,185.8021511234509
2024-10-08 04:00:00,190.7964043639095
2024-10-08 05:00:00,167.080755877383
2024-10-08 06:00:00,166.3439877177737
2024-10-08 07:00:00,181.1137772531475
2024-10-08 08:00:00,172.7652831740482
2024-10-08 09:00:00,180.9736489578988
2024-10-08 10:00:00,180.2814959052874
2024-10-08 11:00:00,154.2602158685067
2024-10-08 12:00:00,156.8538469405974
2024-10-08 13:00:00,139.9206777348414
2024-10-08 14:00:00,151.8467167046847
2024-10-08 15:00:00,137.7072412269757
2024-10-08 16:00:00,140.2054504716061
2024-10-08 17:00:00,115.6130085302533
2024-10-08 18:00:00,117.0644311868568
2024-10-08 19:00:00,133.050616795775
2024-10-08 20:00:00,144.2712822610959
2024-10-08 21:00:00,134.8981124397836
2024-10-08 22:00:00,155.4383045813566
2024-10-08 23:00:00,159.8099375479439
2024-10-09 00:00:00,160.6827627731244
2024-10-09 01:00:00,154.8101923993854
2024-10-09 02:00:00,158.4499144559511
2024-10-09 03:00:00,172.2649168747683
2024-10-09 04:00:00,177.947035705301
2024-10-09 05:00:00,182.9753121783341
2024-10-09 06:00:00,190.0071810202298
2024-10-09 07:00:00,177.4423604419031
2024-10-09 08:00:00,170.8118836389785
2024-10-09 09:00:00,167.0389515592879
2024-10-09 10:00:00,180.3653141921516
2024-10-09 11:00:00,150.3700406625162
2024-10-09 12:00:00,138.0550732854826
2024-10-09 13:00:00,156.341294532399
2024-10-09 14:00:00,137.8432841424107
2024-10-09 15:00:00,136.9366213996824
2024-10-09 16:00:00,122.7880455293594
2024-10-09 17:00:00,126.9755135936353
2024-10-09 18:00:00,119.0688128074623
2024-10-09 19:00:00,122.7748142261176
2024-10-09 20:00:00,117.9014400835644
2024-10-09 21:00:00,130.5735793220245
2024-10-09 22:00:00,123.864580206435
2024-10-09 23:00:00,142.2050618291779
2024-10-10 00:00:00,129.3793669936795
2024-10-10 01:00:00,164.1933348477348
2024-10-10 02:00:00,158.3830132859678
2024-10-10 03:00:00,157.1082667892135
2024-10-10 04:00:00,163.3419836529631
2024-10-10 05:00:00,169.417952881783
2024-10-10 06:00:00,169.4606576339462
2024-10-10 07:00:00,170.4687896823138
2024-10-10 08:00:00,149.4417590514449
2024-10-10 09:00:00,157.0013249247609
2024-10-10 10:00:00,139.3521142341704
2024-10-10 11:00:00,136.550036390566
2024-10-10 12:00:00,144.1019028110458
2024-10-10 13:00:00,119.206180706402
2024-10-10 14:00:00,106.8052674375835
2024-10-10 15:00:00,118.2836261366314
2024-10-10 16:00:00,102.1800959276503
2024-10-10 17:00:00,110.0738861139069
2024-10-10 18:00:00,102.3550386750718
2024-10-10 19:00:00,96.16517617438048
2024-10-10 20:00:00,103.7285035690866
2024-10-10 21:00:00,112.7593795646048
2024-10-10 22:00:00,108.2854257361517
2024-10-10 23:00:00,113.2248668207589
2024-10-11 00:00:00,125.9029108718212
2024-10-11 01:00:00,150.9882674239163
2024-10-11 02:00:00,133.6343112384709
2024-10-11 03:00:00,143.5993378061231
2024-10-11 04:00:00,145.0027879177628
2024-10-11 05:00:00,159.9774460272786
2024-10-11 06:00:00,162.6274479010654
2024-10-11 07:00:00,152.2702981201657
2024-10-11 08:00:00,134.7166179847011
2024-10-11 09:00:00,141.4566321593548
2024-10-11 10:00:00,118.8777978199653
2024-10-11 11:00:00,125.1546174379839
2024-10-11 12:00:00,118.2356162796785
2024-10-11 13:00:00,98.78315782036033
2024-10-11 14:00:00,90.26899896217634
2024-10-11 15:00:00,97.98751487594987
2024-10-11 16:00:00,97.93391356724396
2024-10-11 17:00:00,95.90228451960803
2024-10-11 18:00:00,85.8802411243383
2024-10-11 19:00:00,86.7897137215783
2024-10-11 20:00:00,86.09763987725785
2024-10-11 21:00:00,90.88579368317136
2024-10-11 22:00:00,101.7175149880882
2024-10-11 23:00:00,106.2686470759255
2024-10-12 00:00:00,110.8665031013138
2024-10-12 01:00:00,119.4955246120595
2024-10-12 02:00:00,139.6512681806425
2024-10-12 03:00:00,134.6173415868856
2024-10-12 04:00:00,134.7598539024521
2024-10-12 05:00:00,140.5634678666472
2024-10-12 06:00:00,134.8474923239332
2024-10-12 07:00:00,150.8886183052423
2024-10-12 08:00:00,152.0531358905218
2024-10-12 09:00:00,130.5453538091151
2024-10-12 10:00:00,121.1837891166154
2024-10-12 11:00:00,127.5282198162635
2024-10-12 12:00:00,109.9514131013838
2024-10-12 13:00:00,94.68210902155747
2024-10-12 14:00:00,104.0896164393606
2024-10-12 15:00:00,83.53190020584299
2024-10-12 16:00:00,94.09622930159519
2024-10-12 17:00:00,88.39910592846383
2024-10-12 18:00:00,78.98263057088003
2024-10-12 19:00:00,81.09927275298826
2024-10-12 20:00:00,94.95223455535107
2024-10-12 21:00:00,99.50500162491399
2024-10-12 22:00:00,116.0054555762685
2024-10-12 23:00:00,114.5679411233777
2024-10-13 00:00:00,131.7764088440236
2024-10-13 01:00:00,140.24690903148
2024-10-13 02:00:00,148.7316062482495
2024-10-13 03:00:00,132.3945954721468
2024-10-13 04:00:00,162.7059099677389
2024-10-13 05:00:00,145.3325990078768
2024-10-13 06:00:00,141.1261667655737
2024-10-13 07:00:00,147.0889077037418
2024-10-13 08:00:00,159.8859764081002
2024-10-13 09:00:00,130.9686581500591
2024-10-13 10:00:00,135.8410413347297
2024-10-13 11:00:00,122.5186117939616
2024-10-13 12:00:00,133.1540633739855
2024-10-13 13:00:00,111.6730472398843
2024-10-13 14:00:00,106.9861960824425
2024-10-13 15:00:00,110.0967102376076
2024-10-13 16:00:00,108.2567481845108
2024-10-13 17:00:00,92.52570713277632
2024-10-13 18:00:00,111.2982102076473
2024-10-13 19:00:00,104.6023829764055
2024-10-13 20:00:00,114.2623512634873
2024-10-13 21:00:00,112.4157299425246
2024-10-13 22:00:00,121.4548752038856
2024-10-13 23:00:00,123.0905737906971
2024-10-14 00:00:00,153.8733573593165
2024-10-14 01:00:00,164.4442537571964
2024-10-14 02:00:00,167.6225476992229
2024-10-14 03:00:00,172.8292155972974
2024-10-14 04:00:00,164.4420177829537
2024-10-14 05:00:00,168.9549724412597
2024-10-14 06:00:00,167.1654609805427
2024-10-14 07:00:00,181.1271959244042
2024-10-14 08:00:00,169.7198529517806
2024-10-14 09:00:00,168.2360648380482
2024-10-14 10:00:00,138.3800315012347
2024-10-14 11:00:00,144.913993531147
2024-10-14 12:00:00,141.7274468349742
2024-10-14 13:00:00,123.2596233611064
2024-10-14 14:00:00,123.12985606512
2024-10-14 15:00:00,130.880502853436
2024-10-14 16:00:00,123.5682993744111
2024-10-14 17:00:00,128.5238711494215
2024-10-14 18:00:00,123.0174204442092
2024-10-14 19:00:00,113.4949704114237
2024-10-14 20:00:00,111.7402409379655
2024-10-14 21:00:00,127.4709201902478
2024-10-14 22:00:00,123.0138539544069
2024-10-14 23:00:00,133.7963073114057
2024-10-15 00:00:00,144.5852831893892
2024-10-15 01:00:00,148.071631774105
2024-10-15 02:00:00,182.0830207178926
2024-10-15 03:00:00,164.4792123989654
2024-10-15 04:00:00,165.2728926086808
2024-10-15 05:00:00,168.5663767555046
2024-10-15 06:00:00,168.795968973099
2024-10-15 07:00:00,170.58770886398
2024-10-15 08:00:00,164.0893142397898
2024-10-15 09:00:00,156.4378723768255
2024-10-15 10:00:00,178.8621228196392
2024-10-15 11:00:00,164.3063765771416
2024-10-15 12:00:00,145.4007789710145
2024-10-15 13:00:00,136.9859689997706
2024-10-15 14:00:00,132.6124468919314
2024-10-15 15:00:00,123.2612721779316
2024-10-15 16:00:00,116.9586230967739
2024-10-15 17:00:00,119.8439637641296
2024-10-15 18:00:00,131.3374971527126
2024-10-15 19:00:00,113.6183794787403
2024-10-15 20:00:00,121.5872292534126
2024-10-15 21:00:00,144.3483531261668
2024-10-15 22:00:00,124.4578741686141
2024-10-15 23:00:00,140.6888386827871
2024-10-16 00:00:00,142.1838141369953
2024-10-16 01:00:00,162.2536754318589
2024-10-16 02:00:00,153.4749430133312
2024-10-16 03:00:00,160.3074481072658
2024-10-16 04:00:00,189.580018445005
2024-10-16 05:00:00,167.1350781572921
2024-10-16 06:00:00,174.6056833284572
2024-10-16 07:00:00,187.6361180399796
2024-10-16 08:00:00,168.5402162749409
2024-10-16 09:00:00,174.1914156075682
2024-10-16 10:00:00,172.8855260640946
2024-10-16 11:00:00,159.9690678604948
2024-10-16 12:00:00,155.6954400737632
2024-10-16 13:00:00,145.023134605099
2024-10-16 14:00:00,140.5594829427791
2024-10-16 15:00:00,132.8287744506434
2024-10-16 16:00:00,119.9993123339979
2024-10-16 17:00:00,110.7781556936221
2024-10-16 18:00:00,102.8317892243311
2024-10-16 19:00:00,113.4849659644537
2024-10-16 20:00:00,116.4455221519858
2024-10-16 21:00:00,131.3272742234072
2024-10-16 22:00:00,119.3897860976306
2024-10-16 23:00:00,131.6775878644883
2024-10-17 00:00:00,147.1177345814497
2024-10-17 01:00:00,138.0118596528286
2024-10-17 02:00:00,142.645466036902
2024-10-17 03:00:00,158.9466928953845
2024-10-17 04:00:00,168.6799200762566
2024-10-17 05:00:00,172.9414548844609
2024-10-17 06:00:00,166.3490930869757
2024-10-17 07:00:00,169.1986703801352
2024-10-17 08:00:00,147.7575429597403
2024-10-17 09:00:00,162.0809912167881
2024-10-17 10:00:00,153.1364262511681
2024-10-17 11:00:00,130.5321803683522
2024-10-17 12:00:00,128.3919731226943
2024-10-17 13:00:00,126.8159841658768
2024-10-17 14:00:00,111.7314165737382
2024-10-17 15:00:00,102.8497840465183
2024-10-17 16:00:00,106.9835867726276
2024-10-17 17:00:00,98.8058677148251
2024-10-17 18:00:00,105.2504889165411
2024-10-17 19:00:00,95.39859668788152
2024-10-17 20:00:00,103.8311346648021
2024-10-17 21:00:00,111.7669342106542
2024-10-17 22:00:00,102.9085308166698
2024-10-17 23:00:00,111.1676396114588
2024-10-18 00:00:00,138.4904885213981
2024-10-18 01:00:00,121.1307350371424
2024-10-18 02:00:00,150.6430413657088
2024-10-18 03:00:00,157.9507435963599
2024-10-18 04:00:00,136.3690111241938
2024-10-18 05:00:00,143.5716855552644
2024-10-18 06:00:00,151.2197701578142
2024-10-18 07:00:00,142.5034987633605
2024-10-18 08:00:00,150.8544640237684
2024-10-18 09:00:00,125.6887400024476
2024-10-18 10:00:00,131.8497985301435
2024-10-18 11:00:00,116.883502361115
2024-10-18 12:00:00,117.7255809047544
2024-10-18 13:00:00,113.6205784668805
2024-10-18 14:00:00,102.3214508279913
2024-10-18 15:00:00,87.50118220490288
2024-10-18 16:00:00,80.74731393996187
2024-10-18 17:00:00,86.62698022505114
2024-10-18 18:00:00,80.14956096815266
2024-10-18 19:00:00,88.3444666869121
2024-10-18 20:00:00,86.93525164559547
2024-10-18 21:00:00,86.41322506895764
2024-10-18 22:00:00,93.4139086952448
2024-10-18 23:00:00,100.9770632475476
2024-10-19 00:00:00,110.812833897571
2024-10-19 01:00:00,125.1985492717156
2024-10-19 02:00:00,127.0476420599073
2024-10-19 03:00:00,143.8375592373737
2024-10-19 04:00:00,128.7515229364457
2024-10-19 05:00:00,145.7946722972683
2024-10-19 06:00:00,153.4366874073452
2024-10-19 07:00:00,140.6517670718397
2024-10-19 08:00:00,130.4206955289087
2024-10-19 09:00:00,119.9370722162599
2024-10-19 10:00:00,131.2487035133208
2024-10-19 11:00:00,112.5334606353436
2024-10-19 12:00:00,114.7337710379614
2024-10-19 13:00:00,107.9921908019078
2024-10-19 14:00:00,87.58916034731189
2024-10-19 15:00:00,90.76393000061213
2024-10-19 16:00:00,88.78738008142587
2024-10-19 17:00:00,83.01952707745384
2024-10-19 18:00:00,84.28272909665489
2024-10-19 19:00:00,80.76214422367971
2024-10-19 20:00:00,95.13702004437572
2024-10-19 21:00:00,108.9617759830027
2024-10-19 22:00:00,111.7183180728703
2024-10-19 23:00:00,118.7571369082548
2024-10-20 00:00:00,127.9003338998186
2024-10-20 01:00:00,126.6773156799631
2024-10-20 02:00:00,151.6630683917083
2024-10-20 03:00:00,132.2231336205696
2024-10-20 04:00:00,139.277242741114
2024-10-20 05:00:00,149.1923987650243
2024-10-20 06:00:00,160.34951175027
2024-10-20 07:00:00,144.3246526536314
2024-10-20 08:00:00,147.217648235579
2024-10-20 09:00:00,142.4685692012706
2024-10-20 10:00:00,137.3033585408479
2024-10-20 11:00:00,129.478086812516
2024-10-20 12:00:00,118.5543596906343
2024-10-20 13:00:00,100.2909370467575
2024-10-20 14:00:00,107.2232411400415
2024-10-20 15:00:00,98.48858003230274
2024-10-20 16:00:00,101.3794561710649
2024-10-20 17:00:00,92.53925997093815
2024-10-20 18:00:00,93.75151931679105
2024-10-20 19:00:00,97.51668158419487
2024-10-20 20:00:00,114.0367374479176
2024-10-20 21:00:00,108.7914751655483
2024-10-20 22:00:00,124.1803535002788
2024-10-20 23:00:00,131.8342141479037
2024-10-21 00:00:00,132.8144961003438
2024-10-21 01:00:00,156.0092216960129
2024-10-21 02:00:00,147.035555291502
2024-10-21 03:00:00,170.5727657537805
2024-10-21 04:00:00,159.0178981723595
2024-10-21 05:00:00,177.5050002589658
2024-10-21 06:00:00,150.2233220434364
2024-10-21 07:00:00,174.9864433558829
2024-10-21 08:00:00,173.0104365518062
2024-10-21 09:00:00,159.9814629195079
2024-10-21 10:00:00,162.1953021079358
2024-10-21 11:00:00,151.2701991524842
2024-10-21 12:00:00,124.1088378029754
2024-10-21 13:00:00,126.8780331997223
2024-10-21 14:00:00,134.4253308198153
2024-10-21 15:00:00,129.3166339511204
2024-10-21 16:00:00,111.0762873252237
2024-10-21 17:00:00,111.4991315042762
2024-10-21 18:00:00,108.3836075112105
2024-10-21 19:00:00,112.623165018109
2024-10-21 20:00:00,113.9310345147777
2024-10-21 21:00:00,139.7937749022928
2024-10-21 22:00:00,147.15873441773
2024-10-21 23:00:00,156.5335310726198
2024-10-22 00:00:00,142.0416980432229
2024-10-22 01:00:00,155.231669692831
2024-10-22 02:00:00,167.530750168279
2024-10-22 03:00:00,188.6018208362917
2024-10-22 04:00:00,159.5170283305517
2024-10-22 05:00:00,176.8224271304337
2024-10-22 06:00:00,163.9224246394001
2024-10-22 07:00:00,175.0326357887001
2024-10-22 08:00:00,188.0757266909158
2024-10-22 09:00:00,152.8847056339812
2024-10-22 10:00:00,172.20109632419
2024-10-22 11:00:00,162.315279301548
2024-10-22 12:00:00,141.1645307661302
2024-10-22 13:00:00,139.2322614724651
2024-10-22 14:00:00,148.3191262958171
2024-10-22 15:00:00,131.2911602485441
2024-10-22 16:00:00,129.9358539955579
2024-10-22 17:00:00,114.4390524526654
2024-10-22 18:00:00,113.1801813234567
2024-10-22 19:00:00,112.6529399530935
2024-10-22 20:00:00,127.6533143448788
2024-10-22 21:00:00,117.4654677109613
2024-10-22 22:00:00,121.6546100099407
2024-10-22 23:00:00,126.5440688585361
2024-10-23 00:00:00,145.2124195107145
2024-10-23 01:00:00,139.1301666033347
2024-10-23 02:00:00,174.5981476707537
2024-10-23 03:00:00,153.0694734060561
2024-10-23 04:00:00,171.7662922430922
2024-10-23 05:00:00,181.8013871441944
2024-10-23 06:00:00,192.4710765037663
2024-10-23 07:00:00,171.3094161321951
2024-10-23 08:00:00,159.0067089182851
2024-10-23 09:00:00,168.9090036054791
2024-10-23 10:00:00,153.5701814956558
2024-10-23 11:00:00,163.0031557277244
2024-10-23 12:00:00,156.3363862248285
2024-10-23 13:00:00,141.6563249345076
2024-10-23 14:00:00,136.069949976913
2024-10-23 15:00:00,134.6362658782008
2024-10-23 16:00:00,118.4316950500816
2024-10-23 17:00:00,117.2812005796533
2024-10-23 18:00:00,108.8371388973471
2024-10-23 19:00:00,103.9705804804828
2024-10-23 20:00:00,120.5628327883049
2024-10-23 21:00:00,106.7913486015476
2024-10-23 22:00:00,118.4707240551492
2024-10-23 23:00:00,124.4030428851459
2024-10-24 00:00:00,127.1674224022314
2024-10-24 01:00:00,139.8107568990273
2024-10-24 02:00:00,136.7641081038226
2024-10-24 03:00:00,149.8661053623244
2024-10-24 04:00:00,168.4199141569305
2024-10-24 05:00:00,153.547662862154
2024-10-24 06:00:00,156.3836747670901
2024-10-24 07:00:00,169.2583570046584
2024-10-24 08:00:00,155.0461210730413
2024-10-24 09:00:00,170.4031720206318
2024-10-24 10:00:00,159.0792082040857
2024-10-24 11:00:00,146.6322271143463
2024-10-24 12:00:00,134.447191986038
2024-10-24 13:00:00,117.891770306874
2024-10-24 14:00:00,125.440240346241
2024-10-24 15:00:00,99.78127434635793
2024-10-24 16:00:00,108.5720931357422
2024-10-24 17:00:00,96.25158725617013
2024-10-24 18:00:00,93.70773956737962
2024-10-24 19:00:00,99.92172436125409
2024-10-24 20:00:00,90.20703347099035
2024-10-24 21:00:00,96.66118218784055
2024-10-24 22:00:00,100.2588411235217
2024-10-24 23:00:00,105.7202811249362
2024-10-25 00:00:00,114.8514007248647
2024-10-25 01:00:00,119.4733983664892
2024-10-25 02:00:00,135.5035882208042
2024-10-25 03:00:00,124.3333630782441
2024-10-25 04:00:00,142.9840805302549
2024-10-25 05:00:00,146.0749679878702
2024-10-25 06:00:00,139.354040992512
2024-10-25 07:00:00,157.0802447824647
2024-10-25 08:00:00,130.8331849340441
2024-10-25 09:00:00,143.6557479666894
2024-10-25 10:00:00,125.3636294057776
2024-10-25 11:00:00,135.3392139496852
2024-10-25 12:00:00,116.5423927785793
2024-10-25 13:00:00,110.6279770831399
2024-10-25 14:00:00,108.8034375474584
2024-10-25 15:00:00,90.25711995168051
2024-10-25 16:00:00,93.13843106030329
2024-10-25 17:00:00,88.25496475284965
2024-10-25 18:00:00,86.47178314133845
2024-10-25 19:00:00,77.19611322507097
2024-10-25 20:00:00,83.53060647813335
2024-10-25 21:00:00,93.6998269422188
2024-10-25 22:00:00,96.67618708737784
2024-10-25 23:00:00,103.137722868958
2024-10-26 00:00:00,112.7831516891637
2024-10-26 01:00:00,117.2659405494894
2024-10-26 02:00:00,127.6049245919831
2024-10-26 03:00:00,134.6924742278624
2024-10-26 04:00:00,120.1235521702844
2024-10-26 05:00:00,125.4117473864
2024-10-26 06:00:00,146.3832439701985
2024-10-26 07:00:00,148.567810124247
2024-10-26 08:00:00,149.4800173965816
2024-10-26 09:00:00,130.3259189241365
2024-10-26 10:00:00,132.7319175087001
2024-10-26 11:00:00,129.8221644893056
2024-10-26 12:00:00,122.5417543760851
2024-10-26 13:00:00,102.8538322632882
2024-10-26 14:00:00,91.65598595468325
2024-10-26 15:00:00,89.91216656189006
2024-10-26 16:00:00,91.53896242178949
2024-10-26 17:00:00,84.08671187223193
2024-10-26 18:00:00,87.54625118007685
2024-10-26 19:00:00,76.35826148500621
2024-10-26 20:00:00,83.57184623999643
2024-10-26 21:00:00,84.85657123961514
2024-10-26 22:00:00,89.76394270436197
2024-10-26 23:00:00,107.5898577345319
2024-10-27 00:00:00,110.7494862615367
2024-10-27 01:00:00,114.6878674931184
2024-10-27 02:00:00,122.3977515708891
2024-10-27 03:00:00,140.0893258197022
2024-10-27 04:00:00,131.081169854334
2024-10-27 05:00:00,146.9124804114836
2024-10-27 06:00:00,158.1068344773317
2024-10-27 07:00:00,155.6890593744907
2024-10-27 08:00:00,135.2404260503778
2024-10-27 09:00:00,140.5883919033322
2024-10-27 10:00:00,139.9939798975917
2024-10-27 11:00:00,141.1679344332902
2024-10-27 12:00:00,137.8835710506147
2024-10-27 13:00:00,117.2810154409642
2024-10-27 14:00:00,103.10460536922
2024-10-27 15:00:00,113.3627630745558
2024-10-27 16:00:00,96.8403276798352
2024-10-27 17:00:00,88.6279407632168
2024-10-27 18:00:00,102.1996822716969
2024-10-27 19:00:00,97.40966678878819
2024-10-27 20:00:00,96.89226014942051
2024-10-27 21:00:00,110.0145986109451
2024-10-27 22:00:00,106.0437258327802
2024-10-27 23:00:00,115.71983471879
2024-10-28 00:00:00,125.5640693246128
2024-10-28 01:00:00,122.5527377033408
2024-10-28 02:00:00,144.9813557736188
2024-10-28 03:00:00,152.3163768621583
2024-10-28 04:00:00,164.8594603621571
2024-10-28 05:00:00,176.320558060334
2024-10-28 06:00:00,168.1222301188769
2024-10-28 07:00:00,160.4442271462918
2024-10-28 08:00:00,165.4260924257107
2024-10-28 09:00:00,154.5281889099396
2024-10-28 10:00:00,139.4511633961231
2024-10-28 11:00:00,133.2765389259795
2024-10-28 12:00:00,131.2826395088297
2024-10-28 13:00:00,122.978430710558
2024-10-28 14:00:00,129.3186398990368
2024-10-28 15:00:00,119.4239848220372
2024-10-28 16:00:00,102.4413055082638
2024-10-28 17:00:00,112.5530855913157
2024-10-28 18:00:00,114.5541948753812
2024-10-28 19:00:00,105.3716404694367
2024-10-28 20:00:00,112.6889357725951
2024-10-28 21:00:00,130.2608147148189
2024-10-28 22:00:00,136.91634004189
2024-10-28 23:00:00,150.3207439373926
2024-10-29 00:00:00,162.404819169903
2024-10-29 01:00:00,147.7172527079794
2024-10-29 02:00:00,165.5255825135643
2024-10-29 03:00:00,185.2294979524863
2024-10-29 04:00:00,182.6728384784243
2024-10-29 05:00:00,168.4443454748305
2024-10-29 06:00:00,180.1327020251175
2024-10-29 07:00:00,190.5504536075111
2024-10-29 08:00:00,170.6669123715203
2024-10-29 09:00:00,166.2848143236298
2024-10-29 10:00:00,168.0537300736081
2024-10-29 11:00:00,160.4805208538989
2024-10-29 12:00:00,144.253298812068
2024-10-29 13:00:00,135.0988162018217
2024-10-29 14:00:00,143.3939426786142
2024-10-29 15:00:00,124.9967152854848
2024-10-29 16:00:00,119.9125196965122
2024-10-29 17:00:00,112.1819987596299
2024-10-29 18:00:00,124.7163141618344
2024-10-29 19:00:00,112.2651517190151
2024-10-29 20:00:00,127.3262160798241
2024-10-29 21:00:00,129.7458291847643
2024-10-29 22:00:00,138.7714858439332
2024-10-29 23:00:00,130.1516247666908
2024-10-30 00:00:00,126.7646873193666
2024-10-30 01:00:00,148.5863493961554
2024-10-30 02:00:00,140.3417280412551
2024-10-30 03:00:00,152.4987518681275
2024-10-30 04:00:00,170.507264719976
2024-10-30 05:00:00,161.6960267864677
2024-10-30 06:00:00,174.9898592282517
2024-10-30 07:00:00,163.8010649478805
2024-10-30 08:00:00,174.5451433656392
2024-10-30 09:00:00,170.9650740216275
2024-10-30 10:00:00,146.2094295068002
2024-10-30 11:00:00,149.6222941173265
2024-10-30 12:00:00,146.2625575061663
2024-10-30 13:00:00,138.3906782742929
2024-10-30 14:00:00,137.2931432479304
2024-10-30 15:00:00,121.0187594254415
2024-10-30 16:00:00,114.3178346684178
2024-10-30 17:00:00,101.6840193526417
2024-10-30 18:00:00,112.1370556281151
2024-10-30 19:00:00,106.1057415093922
2024-10-30 20:00:00,105.9278421834421
2024-10-30 21:00:00,109.9286657739904
2024-10-30 22:00:00,128.6170348421489
2024-10-30 23:00:00,127.0641284863479
2024-10-31 00:00:00,153.6719831999093
2024-10-31 01:00:00,154.7304168320177
2024-10-31 02:00:00,145.093161215178
2024-10-31 03:00:00,145.578772882495
2024-10-31 04:00:00,172.4629074330248
2024-10-31 05:00:00,174.9344424071726
2024-10-31 06:00:00,158.0892630576247
2024-10-31 07:00:00,148.7027778645697
2024-10-31 08:00:00,160.9384855115158
2024-10-31 09:00:00,160.2342352307359
2024-10-31 10:00:00,127.6267040336345
2024-10-31 11:00:00,140.4438228090092
2024-10-31 12:00:00,122.0652064382197
2024-10-31 13:00:00,111.9942314840656
2024-10-31 14:00:00,112.9266695851982
2024-10-31 15:00:00,105.5013435550439
2024-10-31 16:00:00,90.49820234144275
2024-10-31 17:00:00,92.62096998103328
2024-10-31 18:00:00,82.63309701766865
2024-10-31 19:00:00,101.1342044282885
2024-10-31 20:00:00,103.1829304300564
2024-10-31 21:00:00,97.7294800415878
2024-10-31 22:00:00,95.0647915791399
2024-10-31 23:00:00,114.9338898722354
2024-11-01 00:00:00,119.7016708771886
2024-11-01 01:00:00,133.7202419163366
2024-11-01 02:00:00,128.8741555966601
2024-11-01 03:00:00,125.9235171191789
2024-11-01 04:00:00,134.4203035679003
2024-11-01 05:00:00,149.8848914183033
2024-11-01 06:00:00,151.5609174862711
2024-11-01 07:00:00,135.5057904944443
2024-11-01 08:00:00,135.2185959968478
2024-11-01 09:00:00,130.7491433201172
2024-11-01 10:00:00,131.19356797266
2024-11-01 11:00:00,127.9459889680985
2024-11-01 12:00:00,117.333433753291
2024-11-01 13:00:00,93.13905538054134
2024-11-01 14:00:00,89.89797847578325
2024-11-01 15:00:00,90.53128882553537
2024-11-01 16:00:00,83.6610577786599
2024-11-01 17:00:00,74.52832839504147
2024-11-01 18:00:00,85.28167773922895
2024-11-01 19:00:00,78.21051291603102
2024-11-01 20:00:00,82.46334176326769
2024-11-01 21:00:00,96.72670719395607
2024-11-01 22:00:00,96.1621084476803
2024-11-01 23:00:00,111.9651846667455
2024-11-02 00:00:00,104.2981334733953
2024-11-02 01:00:00,113.2877752614323
2024-11-02 02:00:00,113.9269002224508
2024-11-02 03:00:00,133.5351941191577
2024-11-02 04:00:00,133.1761337787354
2024-11-02 05:00:00,139.7351774732639
2024-11-02 06:00:00,145.681944697435
2024-11-02 07:00:00,121.9177153591329
2024-11-02 08:00:00,137.6329774141123
2024-11-02 09:00:00,128.7402021305853
2024-11-02 10:00:00,116.9550571717106
2024-11-02 11:00:00,108.7167655993201
2024-11-02 12:00:00,109.0024988051738
2024-11-02 13:00:00,106.3003101603383
2024-11-02 14:00:00,82.30451672552822
2024-11-02 15:00:00,89.42369901784072
2024-11-02 16:00:00,78.58661400449532
2024-11-02 17:00:00,72.94630152432957
2024-11-02 18:00:00,74.4528481850555
2024-11-02 19:00:00,85.25362222600195
2024-11-02 20:00:00,84.29318525584343
2024-11-02 21:00:00,79.65137586091478
2024-11-02 22:00:00,102.1323770022407
2024-11-02 23:00:00,101.9688436440878
2024-11-03 00:00:00,101.6375810859992
2024-11-03 01:00:00,115.013510705967
2024-11-03 02:00:00,121.911443041366
2024-11-03 03:00:00,128.97105506176
2024-11-03 04:00:00,144.2769197420506
2024-11-03 05:00:00,142.1712002327065
2024-11-03 06:00:00,142.7343196725612
2024-11-03 07:00:00,130.3542655726266
2024-11-03 08:00:00,146.166723749195
2024-11-03 09:00:00,135.9924544082069
2024-11-03 10:00:00,129.8741651779446
2024-11-03 11:00:00,117.8746816675404
2024-11-03 12:00:00,112.7843146882188
2024-11-03 13:00:00,116.693392993035
2024-11-03 14:00:00,96.04145943088392
2024-11-03 15:00:00,93.16948296246414
2024-11-03 16:00:00,97.70874642159853
2024-11-03 17:00:00,85.41973836299935
2024-11-03 18:00:00,87.82404580883791
2024-11-03 19:00:00,101.4112723096382
2024-11-03 20:00:00,95.39570372596124
2024-11-03 21:00:00,112.6298516595851
2024-11-03 22:00:00,100.0928077499768
2024-11-03 23:00:00,119.7640554522215
2024-11-04 00:00:00,117.7965995065004
2024-11-04 01:00:00,134.2789251892376
2024-11-04 02:00:00,152.0084046842072
2024-11-04 03:00:00,152.8650068561689
2024-11-04 04:00:00,168.8119249332733
2024-11-04 05:00:00,171.5267340449156
2024-11-04 06:00:00,173.3472845657532
2024-11-04 07:00:00,149.1781743922637
2024-11-04 08:00:00,153.913862074249
2024-11-04 09:00:00,164.5658503246776
2024-11-04 10:00:00,131.0017567531983
2024-11-04 11:00:00,138.4992095250227
2024-11-04 12:00:00,130.1171479317635
2024-11-04 13:00:00,120.3909119837737
2024-11-04 14:00:00,118.4584320150743
2024-11-04 15:00:00,114.9037708953665
2024-11-04 16:00:00,119.0647011083209
2024-11-04 17:00:00,98.91502744882281
2024-11-04 18:00:00,99.2027662503933
2024-11-04 19:00:00,102.3574557946342
2024-11-04 20:00:00,118.5647895966539
2024-11-04 21:00:00,106.5498444884142
2024-11-04 22:00:00,125.6871977268094
2024-11-04 23:00:00,140.7399097152477
2024-11-05 00:00:00,125.8842162565062
2024-11-05 01:00:00,145.6108554096586
2024-11-05 02:00:00,165.1915305719832
2024-11-05 03:00:00,174.7576271128808
2024-11-05 04:00:00,170.0116121599484
2024-11-05 05:00:00,159.5047452398323
2024-11-05 06:00:00,178.0296423892363
2024-11-05 07:00:00,170.1037491468959
2024-11-05 08:00:00,162.3698221456129
2024-11-05 09:00:00,177.036495963181
2024-11-05 10:00:00,150.2981925324845
2024-11-05 11:00:00,145.5431533761805
2024-11-05 12:00:00,142.8801997746884
2024-11-05 13:00:00,132.8575695984853
2024-11-05 14:00:00,137.1256576668351
2024-11-05 15:00:00,113.2530142720213
2024-11-05 16:00:00,113.2686875187048
2024-11-05 17:00:00,105.2442974607825
2024-11-05 18:00:00,118.0079851135688
2024-11-05 19:00:00,126.4563229689552
2024-11-05 20:00:00,126.4775760839747
2024-11-05 21:00:00,125.1471212856118
2024-11-05 22:00:00,127.0981708771512
2024-11-05 23:00:00,143.9429650792005
2024-11-06 00:00:00,165.1705801365918
2024-11-06 01:00:00,165.3268500690147
2024-11-06 02:00:00,161.1710578476707
2024-11-06 03:00:00,165.0963928983894
2024-11-06 04:00:00,167.543774519398
2024-11-06 05:00:00,157.7998762433256
2024-11-06 06:00:00,161.5270594525755
2024-11-06 07:00:00,175.7948454224125
2024-11-06 08:00:00,172.9579376751231
2024-11-06 09:00:00,154.3330703493389
2024-11-06 10:00:00,159.8204902512711
2024-11-06 11:00:00,140.9164559632457
2024-11-06 12:00:00,137.3808024215442
2024-11-06 13:00:00,136.8448599456953
2024-11-06 14:00:00,116.813995518677
2024-11-06 15:00:00,115.0121394319055
2024-11-06 16:00:00,111.4165441156879
2024-11-06 17:00:00,116.5273834484786
2024-11-06 18:00:00,101.3948310589625
2024-11-06 19:00:00,100.409675864941
2024-11-06 20:00:00,103.0109371001302
2024-11-06 21:00:00,103.1355265580155
2024-11-06 22:00:00,111.4295763201032
2024-11-06 23:00:00,121.0821904568045
2024-11-07 00:00:00,134.116098791531
2024-11-07 01:00:00,146.3370377317612
2024-11-07 02:00:00,142.3057592338989
2024-11-07 03:00:00,152.6499687202402
2024-11-07 04:00:00,157.5829574216961
2024-11-07 05:00:00,171.3054278631859
2024-11-07 06:00:00,146.5770721285631
2024-11-07 07:00:00,171.6389443457863
2024-11-07 08:00:00,169.0565906315954
2024-11-07 09:00:00,149.834341855221
2024-11-07 10:00:00,140.7087672298623
2024-11-07 11:00:00,134.6057809530741
2024-11-07 12:00:00,115.5554286073898
2024-11-07 13:00:00,121.7328942048399
2024-11-07 14:00:00,98.32732503971799
2024-11-07 15:00:00,103.6895484780086
2024-11-07 16:00:00,89.43057679962561
2024-11-07 17:00:00,98.51247919365395
2024-11-07 18:00:00,94.11177281913909
2024-11-07 19:00:00,83.52199179860384
2024-11-07 20:00:00,97.30215335596529
2024-11-07 21:00:00,91.38748111207735
2024-11-07 22:00:00,114.4972764974822
2024-11-07 23:00:00,109.1720756391457
2024-11-08 00:00:00,114.6878646696097
2024-11-08 01:00:00,116.008887468875
2024-11-08 02:00:00,124.7009115874597
2024-11-08 03:00:00,134.21303511549
2024-11-08 04:00:00,143.3337780979202
2024-11-08 05:00:00,155.1318657193654
2024-11-08 06:00:00,128.3240890470485
2024-11-08 07:00:00,145.0470738208261
2024-11-08 08:00:00,135.4611911335684
2024-11-08 09:00:00,133.9000243223001
2024-11-08 10:00:00,120.7496924338277
2024-11-08 11:00:00,120.5965260000817
2024-11-08 12:00:00,102.9813717408664
2024-11-08 13:00:00,90.52032098013181
2024-11-08 14:00:00,94.5041502431738
2024-11-08 15:00:00,88.14329108823873
2024-11-08 16:00:00,81.52147106916786
2024-11-08 17:00:00,71.73523204853595
2024-11-08 18:00:00,71.36230253959391
2024-11-08 19:00:00,73.45041221875783
2024-11-08 20:00:00,83.82967218323778
2024-11-08 21:00:00,80.60049111609895
2024-11-08 22:00:00,83.03648920433304
2024-11-08 23:00:00,99.65105605186757
2024-11-09 00:00:00,102.5916376610162
2024-11-09 01:00:00,117.692868192664
2024-11-09 02:00:00,119.754364519199
2024-11-09 03:00:00,125.104122498626
2024-11-09 04:00:00,116.2834755356226
2024-11-09 05:00:00,138.059975770909
2024-11-09 06:00:00,120.9773113811522
2024-11-09 07:00:00,135.2041707288844
2024-11-09 08:00:00,141.6906097959019
2024-11-09 09:00:00,132.9563533745097
2024-11-09 10:00:00,112.4074155320197
2024-11-09 11:00:00,114.112166575538
2024-11-09 12:00:00,113.1808449733373
2024-11-09 13:00:00,103.5422787542984
2024-11-09 14:00:00,93.98967439448705
2024-11-09 15:00:00,85.35987617551298
2024-11-09 16:00:00,85.53515143572969
2024-11-09 17:00:00,68.99158358527734
2024-11-09 18:00:00,70.36117209016427
2024-11-09 19:00:00,80.56957423850017
2024-11-09 20:00:00,71.02842270773318
2024-11-09 21:00:00,76.84848343878149
2024-11-09 22:00:00,83.21427216476702
2024-11-09 23:00:00,104.248036712439
2024-11-10 00:00:00,103.0711566841237
2024-11-10 01:00:00,112.8649520858933
2024-11-10 02:00:00,112.9651854034169
2024-11-10 03:00:00,118.4923991701741
2024-11-10 04:00:00,141.563926441578
2024-11-10 05:00:00,144.1906193432088
2024-11-10 06:00:00,146.7462887394929
2024-11-10 07:00:00,128.1712187938649
2024-11-10 08:00:00,131.5506554287103
2024-11-10 09:00:00,128.966087795487
2024-11-10 10:00:00,131.5100359389255
2024-11-10 11:00:00,129.0413645927912
2024-11-10 12:00:00,126.8986019953146
2024-11-10 13:00:00,99.23251365812345
2024-11-10 14:00:00,109.3291694433381
2024-11-10 15:00:00,100.3553756229563
2024-11-10 16:00:00,86.10737038153104
2024-11-10 17:00:00,91.01066799748689
2024-11-10 18:00:00,84.42711867580603
2024-11-10 19:00:00,97.22643594441357
2024-11-10 20:00:00,96.19343566720491
2024-11-10 21:00:00,94.35285283457256
2024-11-10 22:00:00,108.2548854335484
2024-11-10 23:00:00,114.4323574292648
2024-11-11 00:00:00,124.6652109570175
2024-11-11 01:00:00,114.839216560009
2024-11-11 02:00:00,145.1913926387876
2024-11-11 03:00:00,150.5888002154215
2024-11-11 04:00:00,153.2209011216117
2024-11-11 05:00:00,167.7242608565095
2024-11-11 06:00:00,157.0141151117049
2024-11-11 07:00:00,165.9135953886993
2024-11-11 08:00:00,155.1671909724156
2024-11-11 09:00:00,137.5998912189118
2024-11-11 10:00:00,148.5825295450733
2024-11-11 11:00:00,124.6591241151358
2024-11-11 12:00:00,134.3497202382888
2024-11-11 13:00:00,112.2594530287901
2024-11-11 14:00:00,107.0211104796951
2024-11-11 15:00:00,120.5054204438449
2024-11-11 16:00:00,99.1252542284314
2024-11-11 17:00:00,99.83670872120051
2024-11-11 18:00:00,101.7434755465814
2024-11-11 19:00:00,110.071042336995
2024-11-11 20:00:00,113.8912759530322
2024-11-11 21:00:00,122.2264809263669
2024-11-11 22:00:00,117.6676042763722
2024-11-11 23:00:00,130.8201201898663
2024-11-12 00:00:00,133.3322428066832
2024-11-12 01:00:00,155.2531117264845
2024-11-12 02:00:00,171.4127429188679
2024-11-12 03:00:00,147.4613278307179
2024-11-12 04:00:00,178.4306617947986
2024-11-12 05:00:00,153.4658754659506
2024-11-12 06:00:00,155.8161454588627
2024-11-12 07:00:00,156.0594920838662
2024-11-12 08:00:00,164.9307961058351
2024-11-12 09:00:00,166.9600394882302
2024-11-12 10:00:00,142.1945245203462
2024-11-12 11:00:00,157.2248726908273
2024-11-12 12:00:00,128.9018906057225
2024-11-12 13:00:00,126.9010004862532
2024-11-12 14:00:00,129.5079928751973
2024-11-12 15:00:00,123.3307718566223
2024-11-12 16:00:00,116.285693085387
2024-11-12 17:00:00,103.3256758339882
2024-11-12 18:00:00,114.513776297352
2024-11-12 19:00:00,118.7683871783661
2024-11-12 20:00:00,108.0010650424505
2024-11-12 21:00:00,128.2641928835851
2024-11-12 22:00:00,118.4862127436504
2024-11-12 23:00:00,122.8617806402838
2024-11-13 00:00:00,136.3905396366144
2024-11-13 01:00:00,132.8422036398302
2024-11-13 02:00:00,170.0014312815942
2024-11-13 03:00:00,176.866658420062
2024-11-13 04:00:00,164.5248647884751
2024-11-13 05:00:00,157.6305398577676
2024-11-13 06:00:00,155.2269817648353
2024-11-13 07:00:00,159.3161893530286
2024-11-13 08:00:00,157.6431537864047
2024-11-13 09:00:00,147.0039680796669
2024-11-13 10:00:00,157.4969444799344
2024-11-13 11:00:00,137.8217132277738
2024-11-13 12:00:00,139.7630832194174
2024-11-13 13:00:00,123.4125855441113
2024-11-13 14:00:00,122.4405736469749
2024-11-13 15:00:00,120.6618996797255
2024-11-13 16:00:00,117.6142442174927
2024-11-13 17:00:00,107.5405353592013
2024-11-13 18:00:00,102.1257481519494
2024-11-13 19:00:00,110.9744310470052
2024-11-13 20:00:00,115.7652784835968
2024-11-13 21:00:00,118.9272959573911
2024-11-13 22:00:00,122.6683573476702
2024-11-13 23:00:00,118.4570101983755
2024-11-14 00:00:00,149.2254538484491
2024-11-14 01:00:00,136.3168937772506
2024-11-14 02:00:00,149.1420234929448
2024-11-14 03:00:00,166.5095519883733
2024-11-14 04:00:00,143.1721888097102
2024-11-14 05:00:00,154.2389269168878
2024-11-14 06:00:00,144.3766226826309
2024-11-14 07:00:00,161.2817039362738
2024-11-14 08:00:00,137.701105232622
2024-11-14 09:00:00,151.9796068918515
2024-11-14 10:00:00,137.7665205502694
2024-11-14 11:00:00,126.6096640740329
2024-11-14 12:00:00,124.4065481922315
2024-11-14 13:00:00,99.7775932397253
2024-11-14 14:00:00,99.18056658299474
2024-11-14 15:00:00,96.36141737787932
2024-11-14 16:00:00,95.8531084351341
2024-11-14 17:00:00,87.79118418305407
2024-11-14 18:00:00,86.13284997742123
2024-11-14 19:00:00,88.91486232342488
2024-11-14 20:00:00,86.52007086576772
2024-11-14 21:00:00,104.489461676155
2024-11-14 22:00:00,113.7784829314112
2024-11-14 23:00:00,102.7319975615531
2024-11-15 00:00:00,116.6375280201711
2024-11-15 01:00:00,131.6861290406205
2024-11-15 02:00:00,141.3453457769111
2024-11-15 03:00:00,127.8724135113294
2024-11-15 04:00:00,141.8514881871207
2024-11-15 05:00:00,148.8887603126229
2024-11-15 06:00:00,126.1339370717846
2024-11-15 07:00:00,131.46349143901
2024-11-15 08:00:00,120.8097878842019
2024-11-15 09:00:00,116.9161690614648
2024-11-15 10:00:00,121.8057813547199
2024-11-15 11:00:00,116.3875739125266
2024-11-15 12:00:00,106.1579282625968
2024-11-15 13:00:00,92.37924848855488
2024-11-15 14:00:00,88.60451542138712
2024-11-15 15:00:00,76.89434952172356
2024-11-15 16:00:00,78.22102279017112
2024-11-15 17:00:00,67.8766858759462
2024-11-15 18:00:00,71.29487299116671
2024-11-15 19:00:00,81.44502573155641
2024-11-15 20:00:00,84.40053976297551
2024-11-15 21:00:00,90.47509726963975
2024-11-15 22:00:00,89.2143990788963
2024-11-15 23:00:00,91.41676634848845
2024-11-16 00:00:00,115.3730920396255
2024-11-16 01:00:00,116.4748804505574
2024-11-16 02:00:00,114.9516989916835
2024-11-16 03:00:00,128.476238972364
2024-11-16 04:00:00,136.6015837391353
2024-11-16 05:00:00,119.7944835204619
2024-11-16 06:00:00,132.3264748114207
2024-11-16 07:00:00,127.9147804758859
2024-11-16 08:00:00,129.4733642153652
2024-11-16 09:00:00,120.2616219761107
2024-11-16 10:00:00,109.9902664454602
2024-11-16 11:00:00,96.36750132808977
2024-11-16 12:00:00,85.14781150460996
2024-11-16 13:00:00,79.63094573210722
2024-11-16 14:00:00,79.3028943055799
2024-11-16 15:00:00,69.03686078975413
2024-11-16 16:00:00,68.78889352911673
2024-11-16 17:00:00,77.44578449606956
2024-11-16 18:00:00,68.03264449097468
2024-11-16 19:00:00,78.36670440704484
2024-11-16 20:00:00,85.39783777063701
2024-11-16 21:00:00,85.28579243418618
2024-11-16 22:00:00,100.0096443086836
2024-11-16 23:00:00,93.35689529120415
2024-11-17 00:00:00,101.1462071869617
2024-11-17 01:00:00,118.9380006598658
2024-11-17 02:00:00,126.5625891625789
2024-11-17 03:00:00,140.7945471680154
2024-11-17 04:00:00,122.857980131767
2024-11-17 05:00:00,134.2480600927067
2024-11-17 06:00:00,146.8831041863279
2024-11-17 07:00:00,140.3782832882903
2024-11-17 08:00:00,131.740451163266
2024-11-17 09:00:00,120.607703920399
2024-11-17 10:00:00,117.8722448416983
2024-11-17 11:00:00,122.2514747969635
2024-11-17 12:00:00,105.1186425773497
2024-11-17 13:00:00,103.2447728388906
2024-11-17 14:00:00,89.82055534749642
2024-11-17 15:00:00,86.70606140842979
2024-11-17 16:00:00,83.9074992455734
2024-11-17 17:00:00,80.70572955625198
2024-11-17 18:00:00,81.3140593903123
2024-11-17 19:00:00,90.05359513220259
2024-11-17 20:00:00,88.54829170999515
2024-11-17 21:00:00,89.42098151538852
2024-11-17 22:00:00,105.9668112934986
2024-11-17 23:00:00,100.4911549453108
2024-11-18 00:00:00,117.0868522287873
2024-11-18 01:00:00,121.9581217720493
2024-11-18 02:00:00,131.0824285788411
2024-11-18 03:00:00,143.7026773581295
2024-11-18 04:00:00,156.5323193403204
2024-11-18 05:00:00,159.7732344801197
2024-11-18 06:00:00,155.8033855866401
2024-11-18 07:00:00,154.2181270717876
2024-11-18 08:00:00,158.8002541435419
2024-11-18 09:00:00,153.4959770099896
2024-11-18 10:00:00,154.660513507564
2024-11-18 11:00:00,129.774977136719
2024-11-18 12:00:00,130.7291895279143
2024-11-18 13:00:00,108.4373303173057
2024-11-18 14:00:00,108.9544984269916
2024-11-18 15:00:00,97.63713470086321
2024-11-18 16:00:00,104.6003545729842
2024-11-18 17:00:00,94.41668092102105
2024-11-18 18:00:00,97.83492403835167
2024-11-18 19:00:00,99.56371555269675
2024-11-18 20:00:00,106.1354902779803
2024-11-18 21:00:00,111.1730929514261
2024-11-18 22:00:00,128.4385702401973
2024-11-18 23:00:00,127.5565636144429
2024-11-19 00:00:00,141.4109418199568
2024-11-19 01:00:00,152.3348016677691
2024-11-19 02:00:00,165.7876086896563
2024-11-19 03:00:00,168.4015720435246
2024-11-19 04:00:00,154.5362997698101
2024-11-19 05:00:00,166.1936660550222
2024-11-19 06:00:00,162.4216658756247
2024-11-19 07:00:00,161.2291409912343
2024-11-19 08:00:00,158.3494703486335
2024-11-19 09:00:00,143.9301810211323
2024-11-19 10:00:00,135.2245086849551
2024-11-19 11:00:00,136.9794519183419
2024-11-19 12:00:00,135.9459304836468
2024-11-19 13:00:00,132.2095987192384
2024-11-19 14:00:00,117.882030076112
2024-11-19 15:00:00,123.5054619360093
2024-11-19 16:00:00,103.9107153811563
2024-11-19 17:00:00,98.99284771287505
2024-11-19 18:00:00,105.5295943539953
2024-11-19 19:00:00,99.56973227069497
2024-11-19 20:00:00,113.4977651326588
2024-11-19 21:00:00,122.2120119084015
2024-11-19 22:00:00,120.1566602394547
2024-11-19 23:00:00,129.2489789022741
2024-11-20 00:00:00,154.2961747597174
2024-11-20 01:00:00,162.5605962445105
2024-11-20 02:00:00,152.2494131176022
2024-11-20 03:00:00,170.2109908211657
2024-11-20 04:00:00,169.4563446068859
2024-11-20 05:00:00,181.3867548965734
2024-11-20 06:00:00,178.0155795619119
2024-11-20 07:00:00,176.8628805412247
2024-11-20 08:00:00,176.3519058971695
2024-11-20 09:00:00,154.7077513260001
2024-11-20 10:00:00,147.3641976869177
2024-11-20 11:00:00,132.3815288936437
2024-11-20 12:00:00,122.7420911691568
2024-11-20 13:00:00,117.7856940503442
2024-11-20 14:00:00,110.1370239861557
2024-11-20 15:00:00,121.6629188641106
2024-11-20 16:00:00,110.4439914668698
2024-11-20 17:00:00,110.4695587763517
2024-11-20 18:00:00,99.48676799542646
2024-11-20 19:00:00,106.8526303880061
2024-11-20 20:00:00,96.37997141888069
2024-11-20 21:00:00,113.6343519156538
2024-11-20 22:00:00,105.9304328406926
2024-11-20 23:00:00,109.1215290083145
2024-11-21 00:00:00,110.5789289658294
2024-11-21 01:00:00,127.2745957679875
2024-11-21 02:00:00,141.3754037954736
2024-11-21 03:00:00,141.8132953205788
2024-11-21 04:00:00,145.1410455710677
2024-11-21 05:00:00,147.0109337808172
2024-11-21 06:00:00,161.4729140481083
2024-11-21 07:00:00,157.0864298802898
2024-11-21 08:00:00,146.9170791110448
2024-11-21 09:00:00,138.0986025616145
2024-11-21 10:00:00,140.6347457685278
2024-11-21 11:00:00,141.5425655029733
2024-11-21 12:00:00,130.2657883485284
2024-11-21 13:00:00,112.1354691818832
2024-11-21 14:00:00,102.9255394095114
2024-11-21 15:00:00,93.70109905209141
2024-11-21 16:00:00,89.62021402507628
2024-11-21 17:00:00,86.28004302437868
2024-11-21 18:00:00,76.40267145165762
2024-11-21 19:00:00,83.93809960634371
2024-11-21 20:00:00,79.43798813352136
2024-11-21 21:00:00,95.4459064210081
2024-11-21 22:00:00,98.19558416877027
2024-11-21 23:00:00,104.6097914571016
2024-11-22 00:00:00,114.6295722381615
2024-11-22 01:00:00,105.5201475683746
2024-11-22 02:00:00,126.4089915564852
2024-11-22 03:00:00,115.0306827116102
2024-11-22 04:00:00,125.5232019688246
2024-11-22 05:00:00,123.4891007171221
2024-11-22 06:00:00,128.8817741359014
2024-11-22 07:00:00,119.7051446156581
2024-11-22 08:00:00,118.4088031211967
2024-11-22 09:00:00,112.2071610969105
2024-11-22 10:00:00,107.8503288550974
2024-11-22 11:00:00,99.68749801200846
2024-11-22 12:00:00,106.1107566696565
2024-11-22 13:00:00,81.94594279008805
2024-11-22 14:00:00,79.12645503821672
2024-11-22 15:00:00,78.22864930545636
2024-11-22 16:00:00,70.24440897858645
2024-11-22 17:00:00,74.11282631857884
2024-11-22 18:00:00,68.42085152167223
2024-11-22 19:00:00,68.47809753675043
2024-11-22 20:00:00,67.77384803416179
2024-11-22 21:00:00,78.21679142609578
2024-11-22 22:00:00,81.424364490682
2024-11-22 23:00:00,96.00470031670555
2024-11-23 00:00:00,112.2309582220765
2024-11-23 01:00:00,115.5441826263842
2024-11-23 02:00:00,105.1932109103436
2024-11-23 03:00:00,118.9871196663278
2024-11-23 04:00:00,118.2527566725756
2024-11-23 05:00:00,129.6167161374069
2024-11-23 06:00:00,118.5383086893894
2024-11-23 07:00:00,130.1247655198419
2024-11-23 08:00:00,124.3031283070231
2024-11-23 09:00:00,104.4500192766036
2024-11-23 10:00:00,100.0548244064371
2024-11-23 11:00:00,102.6989973343564
2024-11-23 12:00:00,91.87051551120288
2024-11-23 13:00:00,87.75886996456977
2024-11-23 14:00:00,86.44528717745679
2024-11-23 15:00:00,72.91865777794597
2024-11-23 16:00:00,75.55750938540261
2024-11-23 17:00:00,71.46828365475278
2024-11-23 18:00:00,74.32761907561088
2024-11-23 19:00:00,72.32734603036272
2024-11-23 20:00:00,81.078585555058
2024-11-23 21:00:00,79.41977397763932
2024-11-23 22:00:00,83.93221261346531
2024-11-23 23:00:00,96.83968825639965
2024-11-24 00:00:00,105.884489210736
2024-11-24 01:00:00,117.094381396241
2024-11-24 02:00:00,119.7820242565006
2024-11-24 03:00:00,127.0121188958975
2024-11-24 04:00:00,118.7924577396698
2024-11-24 05:00:00,124.4090491837757
2024-11-24 06:00:00,142.1693754014126
2024-11-24 07:00:00,131.3550763089435
2024-11-24 08:00:00,133.6226158685736
2024-11-24 09:00:00,130.8961538473609
2024-11-24 10:00:00,114.0083545297785
2024-11-24 11:00:00,109.1112465236949
2024-11-24 12:00:00,102.8672468742862
2024-11-24 13:00:00,97.42734633741023
2024-11-24 14:00:00,87.8038037241955
2024-11-24 15:00:00,84.98101935185768
2024-11-24 16:00:00,81.06860245128667
2024-11-24 17:00:00,81.21875977046112
2024-11-24 18:00:00,84.0835534197016
2024-11-24 19:00:00,91.18379960006556
2024-11-24 20:00:00,90.59234852672093
2024-11-24 21:00:00,104.1228648366706
2024-11-24 22:00:00,115.403494298553
2024-11-24 23:00:00,103.7575433639481
2024-11-25 00:00:00,134.1943178644626
2024-11-25 01:00:00,130.6139137445461
2024-11-25 02:00:00,133.061190058404
2024-11-25 03:00:00,131.6691274067482
2024-11-25 04:00:00,135.5773329217357
2024-11-25 05:00:00,141.6856451055815
2024-11-25 06:00:00,143.2177419782543
2024-11-25 07:00:00,153.4560844588615
2024-11-25 08:00:00,137.2988905347642
2024-11-25 09:00:00,132.4624472162341
2024-11-25 10:00:00,143.8393488759875
2024-11-25 11:00:00,140.2660314059303
2024-11-25 12:00:00,123.8437688786592
2024-11-25 13:00:00,117.5104625658488
2024-11-25 14:00:00,104.9834751759736
2024-11-25 15:00:00,115.1088342869653
2024-11-25 16:00:00,108.4079412182927
2024-11-25 17:00:00,95.8866101895484
2024-11-25 18:00:00,99.74448678762997
2024-11-25 19:00:00,102.432279351266
2024-11-25 20:00:00,99.82178413253584
2024-11-25 21:00:00,108.2571327903355
2024-11-25 22:00:00,124.6461568074891
2024-11-25 23:00:00,115.43994097702
2024-11-26 00:00:00,137.5089078998028
2024-11-26 01:00:00,126.6741910864459
2024-11-26 02:00:00,146.1523208932011
2024-11-26 03:00:00,146.6283181256968
2024-11-26 04:00:00,167.3463742569683
2024-11-26 05:00:00,164.3327870522239
2024-11-26 06:00:00,174.7828662558818
2024-11-26 07:00:00,169.3570511647289
2024-11-26 08:00:00,158.4552983392307
2024-11-26 09:00:00,155.2517613476183
2024-11-26 10:00:00,142.0791345232366
2024-11-26 11:00:00,136.2466701790597
2024-11-26 12:00:00,131.8023459720151
2024-11-26 13:00:00,144.6914712267286
2024-11-26 14:00:00,122.4501863023891
2024-11-26 15:00:00,110.4807837135801
2024-11-26 16:00:00,103.6279249653029
2024-11-26 17:00:00,102.0753397471681
2024-11-26 18:00:00,106.6477404313341
2024-11-26 19:00:00,101.2829313161334
2024-11-26 20:00:00,102.9395442974454
2024-11-26 21:00:00,104.0856236000008
2024-11-26 22:00:00,123.5759119473231
2024-11-26 23:00:00,121.6880325900448
2024-11-27 00:00:00,132.4467981129482
2024-11-27 01:00:00,144.8407069476869
2024-11-27 02:00:00,145.2972428165637
2024-11-27 03:00:00,151.9153566034424
2024-11-27 04:00:00,162.4354802424688
2024-11-27 05:00:00,147.0652275913444
2024-11-27 06:00:00,146.4523257240282
2024-11-27 07:00:00,177.8577174299213
2024-11-27 08:00:00,144.0306076997785
2024-11-27 09:00:00,140.2966175270996
2024-11-27 10:00:00,151.0941987891537
2024-11-27 11:00:00,143.3447654644965
2024-11-27 12:00:00,134.9244270372261
2024-11-27 13:00:00,128.1722095143951
2024-11-27 14:00:00,122.3272703719976
2024-11-27 15:00:00,101.6647215089255
2024-11-27 16:00:00,105.7313194488506
2024-11-27 17:00:00,100.0469382040495
2024-11-27 18:00:00,99.95527844348184
2024-11-27 19:00:00,96.60472410959582
2024-11-27 20:00:00,92.40691750055701
2024-11-27 21:00:00,94.37076929448972
2024-11-27 22:00:00,116.9249354994812
2024-11-27 23:00:00,107.0422222664867
2024-11-28 00:00:00,120.1707326711101
2024-11-28 01:00:00,133.8083974112398
2024-11-28 02:00:00,134.9548400993086
2024-11-28 03:00:00,131.5956005093311
2024-11-28 04:00:00,131.4793677517585
2024-11-28 05:00:00,160.5685022089671
2024-11-28 06:00:00,149.7983052819802
2024-11-28 07:00:00,136.3551734743895
2024-11-28 08:00:00,149.2347249959718
2024-11-28 09:00:00,143.4825396483943
2024-11-28 10:00:00,144.8460027797146
2024-11-28 11:00:00,122.2117907979285
2024-11-28 12:00:00,126.7341605536858
2024-11-28 13:00:00,108.1159457336716
2024-11-28 14:00:00,90.98603521013538
2024-11-28 15:00:00,99.88975346353898
2024-11-28 16:00:00,85.9299392489334
2024-11-28 17:00:00,77.31694284805238
2024-11-28 18:00:00,78.14597842382824
2024-11-28 19:00:00,82.88115246384419
2024-11-28 20:00:00,76.93487627910689
2024-11-28 21:00:00,85.51768162197897
2024-11-28 22:00:00,89.28231153369012
2024-11-28 23:00:00,86.49477522879914
2024-11-29 00:00:00,107.979539905838
2024-11-29 01:00:00,105.6337743637976
2024-11-29 02:00:00,123.978319126743
2024-11-29 03:00:00,131.4397057420081
2024-11-29 04:00:00,133.2765341323296
2024-11-29 05:00:00,138.3787456773786
2024-11-29 06:00:00,126.0232135149464
2024-11-29 07:00:00,143.373386849748
2024-11-29 08:00:00,136.1596850863495
2024-11-29 09:00:00,120.6237502358221
2024-11-29 10:00:00,107.5071847913187
2024-11-29 11:00:00,102.6054336192915
2024-11-29 12:00:00,101.7937958256809
2024-11-29 13:00:00,88.09844848319676
2024-11-29 14:00:00,82.85562627320246
2024-11-29 15:00:00,79.28951426191863
2024-11-29 16:00:00,72.54500879760742
2024-11-29 17:00:00,73.50927843296094
2024-11-29 18:00:00,63.29157333203464
2024-11-29 19:00:00,63.50339495998871
2024-11-29 20:00:00,73.45837953492101
2024-11-29 21:00:00,71.53291032744848
2024-11-29 22:00:00,72.70134490315506
2024-11-29 23:00:00,82.23863575642879
2024-11-30 00:00:00,97.41837701175767
2024-11-30 01:00:00,111.4206657000246
2024-11-30 02:00:00,108.2000633803672
2024-11-30 03:00:00,108.7062034347784
2024-11-30 04:00:00,113.6611257283317
2024-11-30 05:00:00,122.0868320571942
2024-11-30 06:00:00,133.0031081127066
2024-11-30 07:00:00,114.3007770853352
2024-11-30 08:00:00,108.0556261412471
2024-11-30 09:00:00,113.7021139628785
2024-11-30 10:00:00,112.4954420596743
2024-11-30 11:00:00,101.5112957155522
2024-11-30 12:00:00,99.84808914881434
2024-11-30 13:00:00,76.69187579013418
2024-11-30 14:00:00,70.50021846382266
2024-11-30 15:00:00,65.70546810977373
2024-11-30 16:00:00,71.62333422256201
2024-11-30 17:00:00,62.91634729988809
2024-11-30 18:00:00,70.2495164514457
2024-11-30 19:00:00,63.83215110233731
2024-11-30 20:00:00,77.19737493797452
2024-11-30 21:00:00,74.60656457193419
2024-11-30 22:00:00,86.24408809883818
2024-11-30 23:00:00,91.08914177699467
2024-12-01 00:00:00,109.0237524009573
2024-12-01 01:00:00,108.9020002078391
2024-12-01 02:00:00,107.2171786921681
2024-12-01 03:00:00,114.0271817840957
2024-12-01 04:00:00,124.4408266459687
2024-12-01 05:00:00,125.3363937628274
2024-12-01 06:00:00,133.1565577838523
2024-12-01 07:00:00,116.9473678119568
2024-12-01 08:00:00,127.2882691494177
2024-12-01 09:00:00,108.9053077683943
2024-12-01 10:00:00,114.1009483151886
2024-12-01 11:00:00,104.8000506721203
2024-12-01 12:00:00,93.95626240644215
2024-12-01 13:00:00,85.51356805052423
2024-12-01 14:00:00,86.34968853551639
2024-12-01 15:00:00,78.79123424924953
2024-12-01 16:00:00,71.75035939191501
2024-12-01 17:00:00,81.30917637983512
2024-12-01 18:00:00,79.06577588912268
2024-12-01 19:00:00,74.97627060535085
2024-12-01 20:00:00,91.56233155125841
2024-12-01 21:00:00,91.58176267290017
2024-12-01 22:00:00,90.8448989220905
2024-12-01 23:00:00,109.8742622138241
2024-12-02 00:00:00,108.5369777374723
2024-12-02 01:00:00,119.8544288610684
2024-12-02 02:00:00,126.307327626752
2024-12-02 03:00:00,132.3521257374803
2024-12-02 04:00:00,143.9611600562313
2024-12-02 05:00:00,155.6203567769217
2024-12-02 06:00:00,155.8046516904243
2024-12-02 07:00:00,151.865634177491
2024-12-02 08:00:00,128.8845228527667
2024-12-02 09:00:00,150.1854619093797
2024-12-02 10:00:00,122.3011804902151
2024-12-02 11:00:00,130.3395252583005
2024-12-02 12:00:00,123.964788618252
2024-12-02 13:00:00,105.9462098857034
2024-12-02 14:00:00,98.72621968816918
2024-12-02 15:00:00,102.284022880719
2024-12-02 16:00:00,94.39188440341346
2024-12-02 17:00:00,94.32999592333171
2024-12-02 18:00:00,84.46839145928428
2024-12-02 19:00:00,99.17911713868529
2024-12-02 20:00:00,98.43403333248287
2024-12-02 21:00:00,108.6242190085655
2024-12-02 22:00:00,106.6910372121495
2024-12-02 23:00:00,104.8647715243353
2024-12-03 00:00:00,124.5263268283693
2024-12-03 01:00:00,126.3648476234575
2024-12-03 02:00:00,150.0019511146761
2024-12-03 03:00:00,140.9323472683924
2024-12-03 04:00:00,162.0556923323228
2024-12-03 05:00:00,143.031586616875
2024-12-03 06:00:00,146.1033208293219
2024-12-03 07:00:00,174.1978511939198
2024-12-03 08:00:00,159.7168505668221
2024-12-03 09:00:00,148.0684401091431
2024-12-03 10:00:00,164.1344400189757
2024-12-03 11:00:00,152.6799505846642
2024-12-03 12:00:00,149.9539239925907
2024-12-03 13:00:00,138.8184031535301
2024-12-03 14:00:00,114.6080384617701
2024-12-03 15:00:00,117.8853041640237
2024-12-03 16:00:00,107.7852893107874
2024-12-03 17:00:00,102.6942570763728
2024-12-03 18:00:00,103.2227473522231
2024-12-03 19:00:00,100.73637572631
2024-12-03 20:00:00,100.2789081588128
2024-12-03 21:00:00,107.5141849325055
2024-12-03 22:00:00,108.6813860917475
2024-12-03 23:00:00,116.3581471072744
2024-12-04 00:00:00,113.6670480646063
2024-12-04 01:00:00,127.1327004898204
2024-12-04 02:00:00,149.7177452377951
2024-12-04 03:00:00,144.9862038215868
2024-12-04 04:00:00,160.8462335784954
2024-12-04 05:00:00,171.5780389746838
2024-12-04 06:00:00,148.592283608209
2024-12-04 07:00:00,166.9826291857621
2024-12-04 08:00:00,153.6669487967709
2024-12-04 09:00:00,155.439218431847
2024-12-04 10:00:00,136.0433298605714
2024-12-04 11:00:00,146.282861958418
2024-12-04 12:00:00,142.6732934013916
2024-12-04 13:00:00,126.831733128325
2024-12-04 14:00:00,116.0593112923863
2024-12-04 15:00:00,118.7662080129602
2024-12-04 16:00:00,105.5995768469509
2024-12-04 17:00:00,106.287145224221
2024-12-04 18:00:00,90.28429932549535
2024-12-04 19:00:00,101.0034979004646
2024-12-04 20:00:00,99.98169005328288
2024-12-04 21:00:00,94.40895364109053
2024-12-04 22:00:00,105.5640515425345
2024-12-04 23:00:00,115.5387004240403
2024-12-05 00:00:00,116.8576538411039
2024-12-05 01:00:00,115.1273217471265
2024-12-05 02:00:00,122.1520990928372
2024-12-05 03:00:00,151.1036251410361
2024-12-05 04:00:00,150.0352952472419
2024-12-05 05:00:00,158.9446177962023
2024-12-05 06:00:00,142.6430308768584
2024-12-05 07:00:00,147.0885435829315
2024-12-05 08:00:00,155.706594504982
2024-12-05 09:00:00,128.4895295370031
2024-12-05 10:00:00,125.729355488047
2024-12-05 11:00:00,130.662448481721
2024-12-05 12:00:00,110.2366901264543
2024-12-05 13:00:00,109.1953328468976
2024-12-05 14:00:00,92.8287162113418
2024-12-05 15:00:00,80.98018764152813
2024-12-05 16:00:00,90.21251188624879
2024-12-05 17:00:00,72.6272310763857
2024-12-05 18:00:00,86.32684689724034
2024-12-05 19:00:00,83.17830810110908
2024-12-05 20:00:00,89.1980261722883
2024-12-05 21:00:00,82.30608349814604
2024-12-05 22:00:00,94.01190725212025
2024-12-05 23:00:00,97.63906045381708
2024-12-06 00:00:00,120.4186087150806
2024-12-06 01:00:00,124.3979556310049
2024-12-06 02:00:00,123.5146242113186
2024-12-06 03:00:00,132.8029052838463
2024-12-06 04:00:00,139.6073236626084
2024-12-06 05:00:00,122.0167874301237
2024-12-06 06:00:00,129.3276894799839
2024-12-06 07:00:00,138.4386463477646
2024-12-06 08:00:00,115.2722576520624
2024-12-06 09:00:00,112.7777119806612
2024-12-06 10:00:00,101.8837958502008
2024-12-06 11:00:00,108.5057850347142
2024-12-06 12:00:00,102.5328327839699
2024-12-06 13:00:00,90.01269354046636
2024-12-06 14:00:00,82.33589895198531
2024-12-06 15:00:00,73.68135624335265
2024-12-06 16:00:00,63.39140535635155
2024-12-06 17:00:00,68.39314586016299
2024-12-06 18:00:00,62.10024781093074
2024-12-06 19:00:00,61.60479842861173
2024-12-06 20:00:00,60.08524067207218
2024-12-06 21:00:00,67.57016338151583
2024-12-06 22:00:00,67.01810971153627
2024-12-06 23:00:00,81.585011953586
2024-12-07 00:00:00,79.06322211132661
2024-12-07 01:00:00,98.21469137625917
2024-12-07 02:00:00,104.4406795189245
2024-12-07 03:00:00,109.6232623129223
2024-12-07 04:00:00,122.1965278679257
2024-12-07 05:00:00,118.8347683090706
2024-12-07 06:00:00,118.2856371826326
2024-12-07 07:00:00,122.7456367706728
2024-12-07 08:00:00,126.8106235325851
2024-12-07 09:00:00,106.0814384891648
2024-12-07 10:00:00,117.2214512463413
2024-12-07 11:00:00,99.20153367499509
2024-12-07 12:00:00,100.0735273831823
2024-12-07 13:00:00,88.97831268616486
2024-12-07 14:00:00,77.97857454713032
2024-12-07 15:00:00,69.80540569115831
2024-12-07 16:00:00,58.78017120484344
2024-12-07 17:00:00,58.82221904341217
2024-12-07 18:00:00,58.57270995547034
2024-12-07 19:00:00,65.91926763621117
2024-12-07 20:00:00,62.07935163502927
2024-12-07 21:00:00,74.57295254318589
2024-12-07 22:00:00,73.0085445758289
2024-12-07 23:00:00,81.02596306795326
2024-12-08 00:00:00,90.08789296912289
2024-12-08 01:00:00,113.1953364667206
2024-12-08 02:00:00,123.6331394344952
2024-12-08 03:00:00,110.7098969518263
2024-12-08 04:00:00,110.8335942916174
2024-12-08 05:00:00,130.8306185212143
2024-12-08 06:00:00,130.5299466510065
2024-12-08 07:00:00,132.1092291931573
2024-12-08 08:00:00,123.4594011519197
2024-12-08 09:00:00,109.4392341050126
2024-12-08 10:00:00,121.4331227634945
2024-12-08 11:00:00,108.1525752733828
2024-12-08 12:00:00,102.5293171116158
2024-12-08 13:00:00,91.4983195890186
2024-12-08 14:00:00,93.0231685776601
2024-12-08 15:00:00,81.69659373657707
2024-12-08 16:00:00,81.66025314456931
2024-12-08 17:00:00,74.88775447021635
2024-12-08 18:00:00,71.70472234727163
2024-12-08 19:00:00,75.27210417271908
2024-12-08 20:00:00,81.50036119046413
2024-12-08 21:00:00,85.43780781545006
2024-12-08 22:00:00,84.25197356164477
2024-12-08 23:00:00,99.97639995591362
2024-12-09 00:00:00,99.03434838821333
2024-12-09 01:00:00,106.2465405856411
2024-12-09 02:00:00,128.9156590965339
2024-12-09 03:00:00,118.0568465086856
2024-12-09 04:00:00,143.5898208013576
2024-12-09 05:00:00,129.6154379446273
2024-12-09 06:00:00,136.7601516676219
2024-12-09 07:00:00,152.9898697315707
2024-12-09 08:00:00,144.4367483698084
2024-12-09 09:00:00,144.6039583695537
2024-12-09 10:00:00,122.4478451744038
2024-12-09 11:00:00,129.586616074664
2024-12-09 12:00:00,120.3566015490601
2024-12-09 13:00:00,107.6902481226953
2024-12-09 14:00:00,93.45575530798824
2024-12-09 15:00:00,102.2373962961623
2024-12-09 16:00:00,90.89137354285931
2024-12-09 17:00:00,88.73445048813146
2024-12-09 18:00:00,87.29922176195159
2024-12-09 19:00:00,97.78907545701182
2024-12-09 20:00:00,92.91840371560248
2024-12-09 21:00:00,100.241465314101
2024-12-09 22:00:00,106.5171273763087
2024-12-09 23:00:00,128.5792886457866
2024-12-10 00:00:00,130.4996896939436
2024-12-10 01:00:00,135.1524362799489
2024-12-10 02:00:00,134.7466888951535
2024-12-10 03:00:00,149.6739411051286
2024-12-10 04:00:00,161.9339171267983
2024-12-10 05:00:00,157.8419814110345
2024-12-10 06:00:00,168.0134067253973
2024-12-10 07:00:00,162.1524182405328
2024-12-10 08:00:00,144.5898714227792
2024-12-10 09:00:00,146.8303763187908
2024-12-10 10:00:00,136.2540501354905
2024-12-10 11:00:00,131.6780395368816
2024-12-10 12:00:00,116.2281102938016
2024-12-10 13:00:00,113.7120959059988
2024-12-10 14:00:00,125.3317356889812
2024-12-10 15:00:00,111.2079822908761
2024-12-10 16:00:00,113.6652957280489
2024-12-10 17:00:00,95.9009807142814
2024-12-10 18:00:00,105.0433907189683
2024-12-10 19:00:00,101.163240964405
2024-12-10 20:00:00,110.2531405628287
2024-12-10 21:00:00,104.8022887270202
2024-12-10 22:00:00,109.6388146695798
2024-12-10 23:00:00,110.9459031395061
2024-12-11 00:00:00,117.0493987085775
2024-12-11 01:00:00,137.3476907246119
2024-12-11 02:00:00,137.9107210304607
2024-12-11 03:00:00,154.4718910739807
2024-12-11 04:00:00,153.4875393949528
2024-12-11 05:00:00,149.2624659435403
2024-12-11 06:00:00,146.1682594404502
2024-12-11 07:00:00,145.4871954256734
2024-12-11 08:00:00,141.2350877524487
2024-12-11 09:00:00,137.9882377895795
2024-12-11 10:00:00,140.1878865786682
2024-12-11 11:00:00,141.5987540838984
2024-12-11 12:00:00,137.0827908290168
2024-12-11 13:00:00,108.8164134555705
2024-12-11 14:00:00,113.3631238589552
2024-12-11 15:00:00,113.6761736502601
2024-12-11 16:00:00,95.13236278535261
2024-12-11 17:00:00,89.50290208437347
2024-12-11 18:00:00,82.80709613925927
2024-12-11 19:00:00,86.82424717182161
2024-12-11 20:00:00,91.41174729020125
2024-12-11 21:00:00,106.2107629581671
2024-12-11 22:00:00,113.2954650000178
2024-12-11 23:00:00,111.5865550883358
2024-12-12 00:00:00,113.0564155829412
2024-12-12 01:00:00,120.2084268599423
2024-12-12 02:00:00,123.2018479276832
2024-12-12 03:00:00,123.2581995153268
2024-12-12 04:00:00,145.6246462350708
2024-12-12 05:00:00,146.8947200123245
2024-12-12 06:00:00,148.0948391320903
2024-12-12 07:00:00,140.4181534416476
2024-12-12 08:00:00,134.7051584996926
2024-12-12 09:00:00,124.8241886764018
2024-12-12 10:00:00,134.0217867307149
2024-12-12 11:00:00,128.0772751603058
2024-12-12 12:00:00,101.0830228588862
2024-12-12 13:00:00,103.8013745796009
2024-12-12 14:00:00,91.98987004510394
2024-12-12 15:00:00,78.78974721302097
2024-12-12 16:00:00,78.11895272830874
2024-12-12 17:00:00,81.5410006971524
2024-12-12 18:00:00,73.13747774919233
2024-12-12 19:00:00,72.3690411872976
2024-12-12 20:00:00,77.66100444426708
2024-12-12 21:00:00,80.27803829754937
2024-12-12 22:00:00,84.57716451016061
2024-12-12 23:00:00,84.82781758863791
2024-12-13 00:00:00,100.0025441629705
2024-12-13 01:00:00,117.1279941607404
2024-12-13 02:00:00,106.4692972124808
2024-12-13 03:00:00,128.2157691170887
2024-12-13 04:00:00,115.5991198317328
2024-12-13 05:00:00,119.7827799469346
2024-12-13 06:00:00,120.4643657099261
2024-12-13 07:00:00,133.6471355335772
2024-12-13 08:00:00,122.0722318887016
2024-12-13 09:00:00,120.1538143048555
2024-12-13 10:00:00,115.5255207768386
2024-12-13 11:00:00,104.5602503921994
2024-12-13 12:00:00,97.77605279948688
2024-12-13 13:00:00,80.11244788073952
2024-12-13 14:00:00,75.8468392892159
2024-12-13 15:00:00,62.6637575269554
2024-12-13 16:00:00,57.56163862945291
2024-12-13 17:00:00,65.82846398267282
2024-12-13 18:00:00,58.79342533044623
2024-12-13 19:00:00,60.62900229373388
2024-12-13 20:00:00,60.93677733086267
2024-12-13 21:00:00,68.87409159571858
2024-12-13 22:00:00,82.30222180495605
2024-12-13 23:00:00,88.8662521396089
2024-12-14 00:00:00,83.6063925222793
2024-12-14 01:00:00,90.51132981382779
2024-12-14 02:00:00,114.3077542537598
2024-12-14 03:00:00,114.1626435234626
2024-12-14 04:00:00,125.0794698426322
2024-12-14 05:00:00,107.3877943906793
2024-12-14 06:00:00,106.4482072112976
2024-12-14 07:00:00,126.0919544219673
2024-12-14 08:00:00,115.181763942375
2024-12-14 09:00:00,112.9779858444839
2024-12-14 10:00:00,97.25423539081415
2024-12-14 11:00:00,94.2643018334115
2024-12-14 12:00:00,76.87218972830956
2024-12-14 13:00:00,74.18984102573268
2024-12-14 14:00:00,73.75442262843484
2024-12-14 15:00:00,71.7126580075622
2024-12-14 16:00:00,65.9236348562175
2024-12-14 17:00:00,62.05508100655214
2024-12-14 18:00:00,58.92305507688393
2024-12-14 19:00:00,65.19236812718266
2024-12-14 20:00:00,59.24813521691865
2024-12-14 21:00:00,68.68302361760897
2024-12-14 22:00:00,77.99290655834436
2024-12-14 23:00:00,87.1901446708822
2024-12-15 00:00:00,89.73836918461475
2024-12-15 01:00:00,106.4596471264815
2024-12-15 02:00:00,110.2138919144344
2024-12-15 03:00:00,123.1359068144298
2024-12-15 04:00:00,123.2308286544795
2024-12-15 05:00:00,125.6726493022593
2024-12-15 06:00:00,126.9599131325183
2024-12-15 07:00:00,132.7928415564428
2024-12-15 08:00:00,114.5915887727874
2024-12-15 09:00:00,108.014795924257
2024-12-15 10:00:00,105.0069825268736
2024-12-15 11:00:00,98.89263283589128
2024-12-15 12:00:00,101.3119892035308
2024-12-15 13:00:00,97.8133003263438
2024-12-15 14:00:00,87.88145665495546
2024-12-15 15:00:00,85.30414051180813
2024-12-15 16:00:00,80.51029715634726
2024-12-15 17:00:00,78.72813148040758
2024-12-15 18:00:00,75.37115134515733
2024-12-15 19:00:00,79.6093157763298
2024-12-15 20:00:00,83.32117316289143
2024-12-15 21:00:00,85.13075797111165
2024-12-15 22:00:00,96.46733098330891
2024-12-15 23:00:00,101.8925537578829
2024-12-16 00:00:00,99.29152391605196
2024-12-16 01:00:00,122.0713469951634
2024-12-16 02:00:00,114.9348549291803
2024-12-16 03:00:00,127.874917746272
2024-12-16 04:00:00,123.8182989910979
2024-12-16 05:00:00,138.4344997574178
2024-12-16 06:00:00,147.335090231045
2024-12-16 07:00:00,154.4714414205635
2024-12-16 08:00:00,132.9069458552333
2024-12-16 09:00:00,129.8718258434858
2024-12-16 10:00:00,129.2343083419439
2024-12-16 11:00:00,124.8062001401816
2024-12-16 12:00:00,106.2145069194893
2024-12-16 13:00:00,116.3011952444219
2024-12-16 14:00:00,98.87724612250702
2024-12-16 15:00:00,99.30699062192214
2024-12-16 16:00:00,88.06178620352706
2024-12-16 17:00:00,86.10375104070448
2024-12-16 18:00:00,90.36820346146119
2024-12-16 19:00:00,96.84940932885048
2024-12-16 20:00:00,94.57102053308432
2024-12-16 21:00:00,98.40186665886536
2024-12-16 22:00:00,106.5117240762534
2024-12-16 23:00:00,112.3530134015294
2024-12-17 00:00:00,126.6698681659828
2024-12-17 01:00:00,138.6849963160194
2024-12-17 02:00:00,132.1475581110662
2024-12-17 03:00:00,153.3557058220994
2024-12-17 04:00:00,158.9864022795306
2024-12-17 05:00:00,148.7695302366409
2024-12-17 06:00:00,146.2645260009454
2024-12-17 07:00:00,155.2115384315593
2024-12-17 08:00:00,137.5728970780889
2024-12-17 09:00:00,154.8324479328618
2024-12-17 10:00:00,126.9070183982709
2024-12-17 11:00:00,132.7645044592142
2024-12-17 12:00:00,131.7934105931064
2024-12-17 13:00:00,105.2756786762996
2024-12-17 14:00:00,111.8048483586775
2024-12-17 15:00:00,101.1485000119229
2024-12-17 16:00:00,93.7029953628048
2024-12-17 17:00:00,99.94266906636226
2024-12-17 18:00:00,94.85905710340717
2024-12-17 19:00:00,90.44709127058975
2024-12-17 20:00:00,93.37940458759923
2024-12-17 21:00:00,107.6573946367454
2024-12-17 22:00:00,117.7073462443257
2024-12-17 23:00:00,128.5139166663354
2024-12-18 00:00:00,128.9385690530863
2024-12-18 01:00:00,144.7353681624595
2024-12-18 02:00:00,149.3452922486878
2024-12-18 03:00:00,144.3642260077533
2024-12-18 04:00:00,140.1337935508437
2024-12-18 05:00:00,138.5302712900937
2024-12-18 06:00:00,151.1500340091431
2024-12-18 07:00:00,156.9375051010405
2024-12-18 08:00:00,140.2324706830231
2024-12-18 09:00:00,139.592106226887
2024-12-18 10:00:00,145.5079842243286
2024-12-18 11:00:00,118.8410755471981
2024-12-18 12:00:00,130.2223671686077
2024-12-18 13:00:00,107.0802257131866
2024-12-18 14:00:00,104.2594454383526
2024-12-18 15:00:00,96.76116909999433
2024-12-18 16:00:00,100.476263090884
2024-12-18 17:00:00,85.58186227698265
2024-12-18 18:00:00,95.89890397752575
2024-12-18 19:00:00,94.54076036956351
2024-12-18 20:00:00,96.47443172561985
2024-12-18 21:00:00,94.32670435959704
2024-12-18 22:00:00,100.9870036828932
2024-12-18 23:00:00,111.1454466498973
2024-12-19 00:00:00,111.1055881019288
2024-12-19 01:00:00,106.9882518152016
2024-12-19 02:00:00,114.030306424864
2024-12-19 03:00:00,119.9288350338096
2024-12-19 04:00:00,144.2871873009543
2024-12-19 05:00:00,124.6681319344025
2024-12-19 06:00:00,137.0472761264585
2024-12-19 07:00:00,124.8359116192653
2024-12-19 08:00:00,122.6548154184447
2024-12-19 09:00:00,120.2077223036281
2024-12-19 10:00:00,128.0157662166412
2024-12-19 11:00:00,112.0510163450568
2024-12-19 12:00:00,103.9280401935828
2024-12-19 13:00:00,92.5868507052891
2024-12-19 14:00:00,96.1718813762594
2024-12-19 15:00:00,81.29337102810432
2024-12-19 16:00:00,82.91719932140298
2024-12-19 17:00:00,74.53410326065834
2024-12-19 18:00:00,68.52406858487667
2024-12-19 19:00:00,63.9492489483937
2024-12-19 20:00:00,66.79219486502456
2024-12-19 21:00:00,77.57065609383638
2024-12-19 22:00:00,80.8336368444645
2024-12-19 23:00:00,77.83475282035396
2024-12-20 00:00:00,101.8892697558227
2024-12-20 01:00:00,101.6574227140546
2024-12-20 02:00:00,114.0040378226636
2024-12-20 03:00:00,118.380371272054
2024-12-20 04:00:00,123.2055409920275
2024-12-20 05:00:00,109.2155804938488
2024-12-20 06:00:00,111.4638129564081
2024-12-20 07:00:00,122.7281482231557
2024-12-20 08:00:00,129.2422116876366
2024-12-20 09:00:00,123.026491113724
2024-12-20 10:00:00,110.9402226770241
2024-12-20 11:00:00,93.41330519339184
2024-12-20 12:00:00,88.59666780644949
2024-12-20 13:00:00,78.5470507566555
2024-12-20 14:00:00,67.00542650995605
2024-12-20 15:00:00,65.41279728957187
2024-12-20 16:00:00,58.17207927327637
2024-12-20 17:00:00,59.63500894517185
2024-12-20 18:00:00,54.72899943674011
2024-12-20 19:00:00,59.91760122310601
2024-12-20 20:00:00,62.42902023273693
2024-12-20 21:00:00,66.55896896729811
2024-12-20 22:00:00,66.58512018552723
2024-12-20 23:00:00,75.31734767092242
2024-12-21 00:00:00,88.50000139915622
2024-12-21 01:00:00,98.91154762884311
2024-12-21 02:00:00,105.9154687399017
2024-12-21 03:00:00,96.52751527504043
2024-12-21 04:00:00,110.3187591288558
2024-12-21 05:00:00,104.1360648053661
2024-12-21 06:00:00,104.3648200978033
2024-12-21 07:00:00,105.2754705364641
2024-12-21 08:00:00,99.45332282763071
2024-12-21 09:00:00,100.4675589139276
2024-12-21 10:00:00,99.73648463742455
2024-12-21 11:00:00,86.81668541912094
2024-12-21 12:00:00,83.01742871720991
2024-12-21 13:00:00,68.96560972102813
2024-12-21 14:00:00,63.73372362155118
2024-12-21 15:00:00,57.52837652809816
2024-12-21 16:00:00,54.44564183284274
2024-12-21 17:00:00,53.47259172992678
2024-12-21 18:00:00,57.56103112285746
2024-12-21 19:00:00,53.21972516625921
2024-12-21 20:00:00,61.97956338622227
2024-12-21 21:00:00,72.48586435235292
2024-12-21 22:00:00,77.27253872471383
2024-12-21 23:00:00,76.54505236665293
2024-12-22 00:00:00,100.5646299373664
2024-12-22 01:00:00,93.43163205291891
2024-12-22 02:00:00,109.1550571611707
2024-12-22 03:00:00,120.2780609177365
2024-12-22 04:00:00,124.3458224069716
2024-12-22 05:00:00,124.2950242623312
2024-12-22 06:00:00,124.3379006564494
2024-12-22 07:00:00,125.5871016946811
2024-12-22 08:00:00,128.418287944109
2024-12-22 09:00:00,117.2436135074128
2024-12-22 10:00:00,114.0072106006767
2024-12-22 11:00:00,102.196064214732
2024-12-22 12:00:00,99.11086933909982
2024-12-22 13:00:00,83.8481286344459
2024-12-22 14:00:00,88.35915022564862
2024-12-22 15:00:00,83.90646646398058
2024-12-22 16:00:00,68.200073048736
2024-12-22 17:00:00,63.85979018355475
2024-12-22 18:00:00,70.37746448182907
2024-12-22 19:00:00,78.1569892401718
2024-12-22 20:00:00,67.3106107012647
2024-12-22 21:00:00,72.85772666115162
2024-12-22 22:00:00,89.48702128170862
2024-12-22 23:00:00,98.78529906764375
2024-12-23 00:00:00,104.8616451436838
2024-12-23 01:00:00,118.628742870628
2024-12-23 02:00:00,111.7306909011589
2024-12-23 03:00:00,120.6232186554177
2024-12-23 04:00:00,141.3607298914075
2024-12-23 05:00:00,142.6231536663823
2024-12-23 06:00:00,131.5505566718385
2024-12-23 07:00:00,132.441785767405
2024-12-23 08:00:00,144.3381846360637
2024-12-23 09:00:00,125.8563827938508
2024-12-23 10:00:00,118.2029988169677
2024-12-23 11:00:00,115.9044878671856
2024-12-23 12:00:00,111.5306862176866
2024-12-23 13:00:00,99.2022663793903
2024-12-23 14:00:00,93.02732033249904
2024-12-23 15:00:00,100.1509468226337
2024-12-23 16:00:00,93.99710339019653
2024-12-23 17:00:00,81.27517980765322
2024-12-23 18:00:00,88.63627720551965
2024-12-23 19:00:00,93.83599672829796
2024-12-23 20:00:00,87.52461027363357
2024-12-23 21:00:00,88.99308864746578
2024-12-23 22:00:00,102.3363510661685
2024-12-23 23:00:00,116.1034014223774
2024-12-24 00:00:00,117.7336985700927
2024-12-24 01:00:00,128.6684065917073
2024-12-24 02:00:00,148.8264821435316
2024-12-24 03:00:00,145.8633607139828
2024-12-24 04:00:00,148.0538988291777
2024-12-24 05:00:00,164.1830649500525
2024-12-24 06:00:00,154.5976420740966
2024-12-24 07:00:00,151.9993957301282
2024-12-24 08:00:00,148.191248938607
2024-12-24 09:00:00,154.4065064252125
2024-12-24 10:00:00,125.710974290246
2024-12-24 11:00:00,129.5842163108066
2024-12-24 12:00:00,107.0305358374314
2024-12-24 13:00:00,102.0777845463813
2024-12-24 14:00:00,110.3303607506182
2024-12-24 15:00:00,97.66872898875118
2024-12-24 16:00:00,85.55974970089883
2024-12-24 17:00:00,85.67980258331248
2024-12-24 18:00:00,98.43695964766161
2024-12-24 19:00:00,98.77059763021255
2024-12-24 20:00:00,109.7200131846637
2024-12-24 21:00:00,113.5723055347796
2024-12-24 22:00:00,122.206922787264
2024-12-24 23:00:00,132.9945742999838
2024-12-25 00:00:00,136.3729451954572
2024-12-25 01:00:00,125.5067950103664
2024-12-25 02:00:00,144.2403779142003
2024-12-25 03:00:00,137.6155569713572
2024-12-25 04:00:00,144.5624123270889
2024-12-25 05:00:00,153.4380483145434
2024-12-25 06:00:00,146.9656370673715
2024-12-25 07:00:00,160.8865659146267
2024-12-25 08:00:00,135.8002696746067
2024-12-25 09:00:00,130.1865696119116
2024-12-25 10:00:00,126.5655744360107
2024-12-25 11:00:00,122.9317748985402
2024-12-25 12:00:00,124.4209031563824
2024-12-25 13:00:00,100.297594326963
2024-12-25 14:00:00,109.9749748819319
2024-12-25 15:00:00,101.3592404182012
2024-12-25 16:00:00,84.75108823967425
2024-12-25 17:00:00,84.23709771709184
2024-12-25 18:00:00,89.51029361516059
2024-12-25 19:00:00,92.65610745625155
2024-12-25 20:00:00,94.7031484773125
2024-12-25 21:00:00,81.31104824975091
2024-12-25 22:00:00,96.96442067787406
2024-12-25 23:00:00,106.9876005978591
2024-12-26 00:00:00,96.98430953475437
2024-12-26 01:00:00,102.5758632452473
2024-12-26 02:00:00,116.9668241413749
2024-12-26 03:00:00,130.5021111360466
2024-12-26 04:00:00,119.7504621577893
2024-12-26 05:00:00,133.2027863146659
2024-12-26 06:00:00,147.7492625970315
2024-12-26 07:00:00,129.856718438172
2024-12-26 08:00:00,134.3686485535002
2024-12-26 09:00:00,118.4206571918527
2024-12-26 10:00:00,131.6156097217723
2024-12-26 11:00:00,102.9598977471314
2024-12-26 12:00:00,99.11766862757925
2024-12-26 13:00:00,91.79843977001705
2024-12-26 14:00:00,85.77078669748258
2024-12-26 15:00:00,73.70694227549532
2024-12-26 16:00:00,69.58487909253849
2024-12-26 17:00:00,76.42396807964116
2024-12-26 18:00:00,74.12014074194224
2024-12-26 19:00:00,67.3974493025855
2024-12-26 20:00:00,67.45108476156146
2024-12-26 21:00:00,81.34934910360343
2024-12-26 22:00:00,72.98023577911724
2024-12-26 23:00:00,95.11278898739495
2024-12-27 00:00:00,101.0320283977867
2024-12-27 01:00:00,100.154285915846
2024-12-27 02:00:00,117.1053232231078
2024-12-27 03:00:00,107.2069175483202
2024-12-27 04:00:00,126.2922811578687
2024-12-27 05:00:00,124.709467334087
2024-12-27 06:00:00,122.9669183244721
2024-12-27 07:00:00,128.2413534648861
2024-12-27 08:00:00,114.971464385424
2024-12-27 09:00:00,109.9232581362953
2024-12-27 10:00:00,109.53808474553
2024-12-27 11:00:00,87.88350092414278
2024-12-27 12:00:00,90.73304902165721
2024-12-27 13:00:00,80.75086651173116
2024-12-27 14:00:00,70.76861105099293
2024-12-27 15:00:00,68.41395973543058
2024-12-27 16:00:00,52.05908408877495
2024-12-27 17:00:00,49.59415978285669
2024-12-27 18:00:00,52.037286359902
2024-12-27 19:00:00,49.66177530960008
2024-12-27 20:00:00,53.50750670992103
2024-12-27 21:00:00,61.64863508038132
2024-12-27 22:00:00,75.89038406669916
2024-12-27 23:00:00,80.8444290725326
2024-12-28 00:00:00,90.09795218337935
2024-12-28 01:00:00,84.27956475452376
2024-12-28 02:00:00,106.9441870196296
2024-12-28 03:00:00,112.0013948289104
2024-12-28 04:00:00,104.8139920592179
2024-12-28 05:00:00,108.7667846033655
2024-12-28 06:00:00,105.6922923407531
2024-12-28 07:00:00,120.0935356325055
2024-12-28 08:00:00,112.9525374322895
2024-12-28 09:00:00,105.238131868547
2024-12-28 10:00:00,96.70699320061073
2024-12-28 11:00:00,91.86986683074461
2024-12-28 12:00:00,89.4288701558433
2024-12-28 13:00:00,74.2506850529707
2024-12-28 14:00:00,73.7278914886019
2024-12-28 15:00:00,66.64877247550477
2024-12-28 16:00:00,57.11745511371247
2024-12-28 17:00:00,52.66894729250618
2024-12-28 18:00:00,56.13585118551509
2024-12-28 19:00:00,50.85476482260453
2024-12-28 20:00:00,58.65013201392779
2024-12-28 21:00:00,64.04446816366394
2024-12-28 22:00:00,65.086141939076
2024-12-28 23:00:00,75.86535101089717
2024-12-29 00:00:00,81.68932833627412
2024-12-29 01:00:00,94.08626727541406
2024-12-29 02:00:00,106.0469584603798
2024-12-29 03:00:00,101.3000709181082
2024-12-29 04:00:00,114.9710394760351
2024-12-29 05:00:00,114.1346336814278
2024-12-29 06:00:00,119.026459778766
2024-12-29 07:00:00,120.1571896554572
2024-12-29 08:00:00,109.6663984565373
2024-12-29 09:00:00,105.340561704683
2024-12-29 10:00:00,97.41303320871853
2024-12-29 11:00:00,101.7750110395616
2024-12-29 12:00:00,102.8673823476992
2024-12-29 13:00:00,93.58691296520998
2024-12-29 14:00:00,81.39756584316824
2024-12-29 15:00:00,77.86795199753713
2024-12-29 16:00:00,71.91498910291118
2024-12-29 17:00:00,64.79134293445742
2024-12-29 18:00:00,70.40838446908342
2024-12-29 19:00:00,60.01971856693424
2024-12-29 20:00:00,63.48194933707027
2024-12-29 21:00:00,75.4814136171277
2024-12-29 22:00:00,85.07629447146823
2024-12-29 23:00:00,83.87963928769501
2024-12-30 00:00:00,101.4250670108067
2024-12-30 01:00:00,107.9211753837668
2024-12-30 02:00:00,120.6918323536614
2024-12-30 03:00:00,112.4226387416722
2024-12-30 04:00:00,131.2787565841324
2024-12-30 05:00:00,140.5263225357101
2024-12-30 06:00:00,136.4669638273926
2024-12-30 07:00:00,138.3346140851174
2024-12-30 08:00:00,126.227205421199
2024-12-30 09:00:00,128.0026470804682
2024-12-30 10:00:00,135.4800701455284
2024-12-30 11:00:00,109.6012357506383
2024-12-30 12:00:00,108.0118400525155
2024-12-30 13:00:00,112.0339205108956
2024-12-30 14:00:00,103.7331264254086
2024-12-30 15:00:00,90.01038553184021
2024-12-30 16:00:00,92.22510397822624
2024-12-30 17:00:00,79.2659189596156
2024-12-30 18:00:00,74.74504514575156
2024-12-30 19:00:00,88.29210297928958
2024-12-30 20:00:00,81.58392308089518
2024-12-30 21:00:00,83.09067005000757
2024-12-30 22:00:00,89.92237752008936
2024-12-30 23:00:00,107.1494934689391
2024-12-31 00:00:00,104.7880312140766
2024-12-31 01:00:00,129.4924745489421
2024-12-31 02:00:00,121.4777937859966
2024-12-31 03:00:00,122.9576670004182
2024-12-31 04:00:00,130.9250427641221
2024-12-31 05:00:00,146.3235729379193
2024-12-31 06:00:00,153.0274786962291
2024-12-31 07:00:00,143.7951243921799
2024-12-31 08:00:00,156.8059336659714
2024-12-31 09:00:00,150.5850681571837
2024-12-31 10:00:00,127.2658573597457
2024-12-31 11:00:00,131.9967814134013
2024-12-31 12:00:00,118.3109276495104
2024-12-31 13:00:00,110.5194080937138
2024-12-31 14:00:00,93.36931090721856
2024-12-31 15:00:00,105.9558549091606
2024-12-31 16:00:00,98.45196574274229
2024-12-31 17:00:00,83.5573583783217
2024-12-31 18:00:00,96.85584981060697
2024-12-31 19:00:00,99.45307115745145
2024-12-31 20:00:00,88.48224292908334
2024-12-31 21:00:00,104.7791526526421
2024-12-31 22:00:00,103.8357411051553
2024-12-31 23:00:00,111.4677598783914
2025-01-01 00:00:00,119.2232867669008
2025-01-01 01:00:00,131.2405573144219
2025-01-01 02:00:00,134.6792517622491
2025-01-01 03:00:00,144.2421403075568
2025-01-01 04:00:00,146.4325462103243
2025-01-01 05:00:00,161.3556667687699
2025-01-01 06:00:00,155.9923036543166
2025-01-01 07:00:00,146.5933325588941
2025-01-01 08:00:00,138.481274830467
2025-01-01 09:00:00,130.0759789946555
2025-01-01 10:00:00,130.007765416539
2025-01-01 11:00:00,124.4744917249437
2025-01-01 12:00:00,120.3691827874903
2025-01-01 13:00:00,104.9928257006197
2025-01-01 14:00:00,86.42578429321652
2025-01-01 15:00:00,82.41343973513551
2025-01-01 16:00:00,94.48820109872554
2025-01-01 17:00:00,80.91938248913033
2025-01-01 18:00:00,84.07764482387341
2025-01-01 19:00:00,79.62817109238394
2025-01-01 20:00:00,86.53305299014671
2025-01-01 21:00:00,94.33134284934381
2025-01-01 22:00:00,95.58825353248066
2025-01-01 23:00:00,106.2819828590049
2025-01-02 00:00:00,110.8037660453648
2025-01-02 01:00:00,120.1823695430348
2025-01-02 02:00:00,135.2861864949536
2025-01-02 03:00:00,130.4157719696923
2025-01-02 04:00:00,148.2847523153586
2025-01-02 05:00:00,144.3801475281004
2025-01-02 06:00:00,126.6153059738233
2025-01-02 07:00:00,119.8848207414798
2025-01-02 08:00:00,122.9235810285274
2025-01-02 09:00:00,113.0514230562952
2025-01-02 10:00:00,112.9359767193318
2025-01-02 11:00:00,115.0462517500129
2025-01-02 12:00:00,93.92124389076709
2025-01-02 13:00:00,87.92355639256456
2025-01-02 14:00:00,77.82189186378505
2025-01-02 15:00:00,80.77437114322201
2025-01-02 16:00:00,69.86899663084088
2025-01-02 17:00:00,73.20032267949381
2025-01-02 18:00:00,73.70532055320244
2025-01-02 19:00:00,63.17311301190286
2025-01-02 20:00:00,71.93492773074209
2025-01-02 21:00:00,74.93725984588659
2025-01-02 22:00:00,88.77523303298942
2025-01-02 23:00:00,83.39574226545463
2025-01-03 00:00:00,100.8819241762911
2025-01-03 01:00:00,109.286069107011
2025-01-03 02:00:00,110.694652807473
2025-01-03 03:00:00,115.4292375197955
2025-01-03 04:00:00,108.719018420747
2025-01-03 05:00:00,124.3769703519554
2025-01-03 06:00:00,109.4550949276454
2025-01-03 07:00:00,115.0281133302109
2025-01-03 08:00:00,121.5927912708563
2025-01-03 09:00:00,104.6577170125997
2025-01-03 10:00:00,99.1841490189392
2025-01-03 11:00:00,103.4689557776354
2025-01-03 12:00:00,88.51089678168852
2025-01-03 13:00:00,79.464422230059
2025-01-03 14:00:00,65.09999259638731
2025-01-03 15:00:00,58.67244949857272
2025-01-03 16:00:00,64.01528806251108
2025-01-03 17:00:00,49.9756141450396
2025-01-03 18:00:00,58.61248512946541
2025-01-03 19:00:00,58.22113753156554
2025-01-03 20:00:00,54.24590466674211
2025-01-03 21:00:00,55.81653734538875
2025-01-03 22:00:00,68.18989414080418
2025-01-03 23:00:00,74.83172571636746
2025-01-04 00:00:00,84.53576738938285
2025-01-04 01:00:00,85.83078985050898
2025-01-04 02:00:00,86.9004856395897
2025-01-04 03:00:00,98.19725213092836
2025-01-04 04:00:00,106.0856726192817
2025-01-04 05:00:00,114.1125923168347
2025-01-04 06:00:00,121.4143281044879
2025-01-04 07:00:00,110.1345915404149
2025-01-04 08:00:00,105.7772934522067
2025-01-04 09:00:00,100.7194262028924
2025-01-04 10:00:00,99.47300897771387
2025-01-04 11:00:00,86.88108949126338
2025-01-04 12:00:00,74.74949284878785
2025-01-04 13:00:00,71.64150634280317
2025-01-04 14:00:00,72.85167147552005
2025-01-04 15:00:00,59.79955415416866
2025-01-04 16:00:00,56.59225630074354
2025-01-04 17:00:00,52.85494317291327
2025-01-04 18:00:00,55.09211010426478
2025-01-04 19:00:00,57.06630456915202
2025-01-04 20:00:00,54.62171112618234
2025-01-04 21:00:00,67.25476932486647
2025-01-04 22:00:00,80.12437431863846
2025-01-04 23:00:00,83.00438722492639
2025-01-05 00:00:00,92.23317084623329
2025-01-05 01:00:00,94.7710564404802
2025-01-05 02:00:00,114.8350180565954
2025-01-05 03:00:00,110.2428549868361
2025-01-05 04:00:00,116.9917622752496
2025-01-05 05:00:00,116.7865367727612
2025-01-05 06:00:00,126.4683153164504
2025-01-05 07:00:00,121.475560187468
2025-01-05 08:00:00,108.8421743875931
2025-01-05 09:00:00,108.9543857757323
2025-01-05 10:00:00,101.3658945850235
2025-01-05 11:00:00,94.26210812188222
2025-01-05 12:00:00,93.25817355280141
2025-01-05 13:00:00,80.02080000668201
2025-01-05 14:00:00,69.98465531467716
2025-01-05 15:00:00,67.57648230812329
2025-01-05 16:00:00,62.22189894848398
2025-01-05 17:00:00,70.30947590625838
2025-01-05 18:00:00,63.79507686568515
2025-01-05 19:00:00,65.16551310720074
2025-01-05 20:00:00,74.56550330633179
2025-01-05 21:00:00,90.48571783703187
2025-01-05 22:00:00,97.47774033161936
2025-01-05 23:00:00,99.4173067033324
2025-01-06 00:00:00,98.88252771884521
2025-01-06 01:00:00,106.3785021956903
2025-01-06 02:00:00,125.9514913480431
2025-01-06 03:00:00,131.0502536875013
2025-01-06 04:00:00,128.0902452646006
2025-01-06 05:00:00,135.3707910101727
2025-01-06 06:00:00,142.28341017373
2025-01-06 07:00:00,147.6931665412174
2025-01-06 08:00:00,141.5990691087791
2025-01-06 09:00:00,131.6742018450441
2025-01-06 10:00:00,114.4039598671174
2025-01-06 11:00:00,109.0797168729896
2025-01-06 12:00:00,103.3783603765123
2025-01-06 13:00:00,96.836089679749
2025-01-06 14:00:00,89.6464659398926
2025-01-06 15:00:00,83.17919583787935
2025-01-06 16:00:00,87.30605130784231
2025-01-06 17:00:00,89.54610207066082
2025-01-06 18:00:00,78.76319327811504
2025-01-06 19:00:00,85.92639750095357
2025-01-06 20:00:00,92.58411805085464
2025-01-06 21:00:00,95.49981235981944
2025-01-06 22:00:00,113.3255279391734
2025-01-06 23:00:00,116.0621118831829
2025-01-07 00:00:00,119.9218712926305
2025-01-07 01:00:00,117.2506468329026
2025-01-07 02:00:00,123.3965595439294
2025-01-07 03:00:00,153.5623963411362
2025-01-07 04:00:00,158.8824984745101
2025-01-07 05:00:00,135.8230605009487
2025-01-07 06:00:00,140.8734787828871
2025-01-07 07:00:00,148.4423030448
2025-01-07 08:00:00,139.410588996397
2025-01-07 09:00:00,147.6682173226546
2025-01-07 10:00:00,129.8025347181071
2025-01-07 11:00:00,140.5315256377243
2025-01-07 12:00:00,133.0313693970274
2025-01-07 13:00:00,115.611738256143
2025-01-07 14:00:00,115.3351511475138
2025-01-07 15:00:00,107.831250453189
2025-01-07 16:00:00,93.3862958742338
2025-01-07 17:00:00,87.15509232056833
2025-01-07 18:00:00,85.43157257031966
2025-01-07 19:00:00,99.0579247521586
2025-01-07 20:00:00,103.2725541817529
2025-01-07 21:00:00,99.31228070050473
2025-01-07 22:00:00,93.2077044398099
2025-01-07 23:00:00,101.4395958269904
2025-01-08 00:00:00,112.7462481249857
2025-01-08 01:00:00,133.4680486296962
2025-01-08 02:00:00,119.5767580644185
2025-01-08 03:00:00,144.7484484302292
2025-01-08 04:00:00,141.6678232094802
2025-01-08 05:00:00,150.2771305425606
2025-01-08 06:00:00,148.6519567842923
2025-01-08 07:00:00,154.0568368035075
2025-01-08 08:00:00,160.1898993320865
2025-01-08 09:00:00,138.8662321024624
2025-01-08 10:00:00,137.7893639524938
2025-01-08 11:00:00,143.3940836515506
2025-01-08 12:00:00,119.7145802481131
2025-01-08 13:00:00,120.5410336882031
2025-01-08 14:00:00,102.0653367334041
2025-01-08 15:00:00,94.87997345720771
2025-01-08 16:00:00,90.3004376946469
2025-01-08 17:00:00,86.13973496215354
2025-01-08 18:00:00,94.3175327054192
2025-01-08 19:00:00,91.6506637819024
2025-01-08 20:00:00,94.4478703136645
2025-01-08 21:00:00,92.62691608118806
2025-01-08 22:00:00,101.3648601067229
2025-01-08 23:00:00,108.1101245268884
2025-01-09 00:00:00,99.36485290811237
2025-01-09 01:00:00,122.1601682701398
2025-01-09 02:00:00,124.5407502679349
2025-01-09 03:00:00,134.2904682998194
2025-01-09 04:00:00,127.8421219993929
2025-01-09 05:00:00,126.654898272093
2025-01-09 06:00:00,149.7495938092831
2025-01-09 07:00:00,125.319654821736
2025-01-09 08:00:00,120.6198238266909
2025-01-09 09:00:00,136.5052207372926
2025-01-09 10:00:00,111.5814807835695
2025-01-09 11:00:00,100.5689621969363
2025-01-09 12:00:00,98.27421472014517
2025-01-09 13:00:00,100.7914408602923
2025-01-09 14:00:00,79.68640537859721
2025-01-09 15:00:00,70.48108633527414
2025-01-09 16:00:00,65.37431161319604
2025-01-09 17:00:00,68.24748902142004
2025-01-09 18:00:00,71.19455669546619
2025-01-09 19:00:00,69.76391579122975
2025-01-09 20:00:00,77.9830525974423
2025-01-09 21:00:00,75.12162591767888
2025-01-09 22:00:00,80.39090745668227
2025-01-09 23:00:00,101.7457573062502
2025-01-10 00:00:00,103.1148366294712
2025-01-10 01:00:00,98.2765081904766
2025-01-10 02:00:00,111.6772858186079
2025-01-10 03:00:00,121.261658581853
2025-01-10 04:00:00,111.7886413363481
2025-01-10 05:00:00,123.9469300633303
2025-01-10 06:00:00,118.9722645842274
2025-01-10 07:00:00,119.892896031353
2025-01-10 08:00:00,111.6730835808618
2025-01-10 09:00:00,116.5137316051981
2025-01-10 10:00:00,96.96382180352802
2025-01-10 11:00:00,91.43860717502213
2025-01-10 12:00:00,92.04778462690543
2025-01-10 13:00:00,87.44315164541446
2025-01-10 14:00:00,71.59412833469642
2025-01-10 15:00:00,72.30539259902686
2025-01-10 16:00:00,60.80956409675583
2025-01-10 17:00:00,56.10082431478845
2025-01-10 18:00:00,60.44266502991866
2025-01-10 19:00:00,55.37834823090591
2025-01-10 20:00:00,56.25581040250938
2025-01-10 21:00:00,66.24356814706897
2025-01-10 22:00:00,62.27425053174255
2025-01-10 23:00:00,71.46396043899499
2025-01-11 00:00:00,86.40300531541976
2025-01-11 01:00:00,95.17822948171528
2025-01-11 02:00:00,91.83397700092314
2025-01-11 03:00:00,94.27468531116783
2025-01-11 04:00:00,98.69591030797321
2025-01-11 05:00:00,106.6341580799696
2025-01-11 06:00:00,114.5555427052707
2025-01-11 07:00:00,121.7284957794536
2025-01-11 08:00:00,104.5249851753575
2025-01-11 09:00:00,100.7267245588021
2025-01-11 10:00:00,107.5641812821001
2025-01-11 11:00:00,99.05427558758231
2025-01-11 12:00:00,87.10702357565708
2025-01-11 13:00:00,81.07604043275128
2025-01-11 14:00:00,69.83407028752086
2025-01-11 15:00:00,60.05619341943665
2025-01-11 16:00:00,64.07539965859776
2025-01-11 17:00:00,54.40981119482373
2025-01-11 18:00:00,54.31358500021339
2025-01-11 19:00:00,58.40679848198537
2025-01-11 20:00:00,57.56224310866747
2025-01-11 21:00:00,74.08537134662286
2025-01-11 22:00:00,71.70973001045208
2025-01-11 23:00:00,90.59558105160781
2025-01-12 00:00:00,88.85964381543818
2025-01-12 01:00:00,102.7191542560503
2025-01-12 02:00:00,103.6355281205553
2025-01-12 03:00:00,108.9585684304113
2025-01-12 04:00:00,107.8503303001806
2025-01-12 05:00:00,131.0300712063457
2025-01-12 06:00:00,118.8670167859435
2025-01-12 07:00:00,123.6063601713977
2025-01-12 08:00:00,115.0750753274089
2025-01-12 09:00:00,116.0004834592622
2025-01-12 10:00:00,109.1437242499017
2025-01-12 11:00:00,115.6976609124732
2025-01-12 12:00:00,108.2427186188999
2025-01-12 13:00:00,90.60649796078049
2025-01-12 14:00:00,83.27735787800498
2025-01-12 15:00:00,79.95705837974636
2025-01-12 16:00:00,79.64063242439896
2025-01-12 17:00:00,79.50063213679833
2025-01-12 18:00:00,79.1588274866593
2025-01-12 19:00:00,69.60878399126031
2025-01-12 20:00:00,69.25804926989753
2025-01-12 21:00:00,82.1339460194349
2025-01-12 22:00:00,77.64194977783919
2025-01-12 23:00:00,102.1614124256986
2025-01-13 00:00:00,100.1682754692043
2025-01-13 01:00:00,103.3401409300137
2025-01-13 02:00:00,117.2963951076727
2025-01-13 03:00:00,136.1049770856485
2025-01-13 04:00:00,123.242933226737
2025-01-13 05:00:00,130.6107278270326
2025-01-13 06:00:00,151.6225328127761
2025-01-13 07:00:00,151.9355494812357
2025-01-13 08:00:00,130.6798856962997
2025-01-13 09:00:00,139.3376314636531
2025-01-13 10:00:00,124.2104623878413
2025-01-13 11:00:00,117.6549774046647
2025-01-13 12:00:00,123.7976002430729
2025-01-13 13:00:00,115.1097495810496
2025-01-13 14:00:00,102.8664044572683
2025-01-13 15:00:00,101.6057653175316
2025-01-13 16:00:00,92.91219721074657
2025-01-13 17:00:00,95.5600978296895
2025-01-13 18:00:00,90.4884249198557
2025-01-13 19:00:00,88.71836905771698
2025-01-13 20:00:00,89.54913986745008
2025-01-13 21:00:00,95.55008188534124
2025-01-13 22:00:00,104.759093384365
2025-01-13 23:00:00,113.2785891747322
2025-01-14 00:00:00,118.3510045574882
2025-01-14 01:00:00,119.3503335350758
2025-01-14 02:00:00,135.9308044455858
2025-01-14 03:00:00,155.8859650237945
2025-01-14 04:00:00,139.3078924951483
2025-01-14 05:00:00,161.4888770948618
2025-01-14 06:00:00,145.4221906394833
2025-01-14 07:00:00,164.8305166373812
2025-01-14 08:00:00,142.1640111888163
2025-01-14 09:00:00,140.2327368481341
2025-01-14 10:00:00,151.1145370579749
2025-01-14 11:00:00,137.5217380121634
2025-01-14 12:00:00,133.4367274631894
2025-01-14 13:00:00,109.8638865193508
2025-01-14 14:00:00,105.1752939268421
2025-01-14 15:00:00,98.76056889905405
2025-01-14 16:00:00,92.77625650192708
2025-01-14 17:00:00,88.793860969033
2025-01-14 18:00:00,95.38312248085677
2025-01-14 19:00:00,104.5841612573661
2025-01-14 20:00:00,107.3916536593968
2025-01-14 21:00:00,96.01392454231589
2025-01-14 22:00:00,111.8951764691418
2025-01-14 23:00:00,106.4468917070859
2025-01-15 00:00:00,113.7609009223388
2025-01-15 01:00:00,129.8447241837133
2025-01-15 02:00:00,135.7945250324899
2025-01-15 03:00:00,148.0784265833142
2025-01-15 04:00:00,154.3507949024636
2025-01-15 05:00:00,142.4285865223364
2025-01-15 06:00:00,146.5789031605113
2025-01-15 07:00:00,153.7762215618319
2025-01-15 08:00:00,158.8038917471454
2025-01-15 09:00:00,135.2103198880968
2025-01-15 10:00:00,150.7918402951968
2025-01-15 11:00:00,128.9675277425722
2025-01-15 12:00:00,135.5208185979615
2025-01-15 13:00:00,113.0226479439688
2025-01-15 14:00:00,108.0088724338017
2025-01-15 15:00:00,109.4625851443201
2025-01-15 16:00:00,102.5682450009714
2025-01-15 17:00:00,86.84014497048273
2025-01-15 18:00:00,93.78515761482461
2025-01-15 19:00:00,86.98637245639692
2025-01-15 20:00:00,92.53732695006454
2025-01-15 21:00:00,98.26107754466946
2025-01-15 22:00:00,102.176267212933
2025-01-15 23:00:00,110.7871914720653
2025-01-16 00:00:00,114.2837541686169
2025-01-16 01:00:00,128.4426833055412
2025-01-16 02:00:00,127.7517995722297
2025-01-16 03:00:00,142.4785756455365
2025-01-16 04:00:00,131.5338859148492
2025-01-16 05:00:00,140.6826144049619
2025-01-16 06:00:00,132.1178052747826
2025-01-16 07:00:00,139.68650794153
2025-01-16 08:00:00,144.025311625821
2025-01-16 09:00:00,135.3504866765508
2025-01-16 10:00:00,128.6263482589175
2025-01-16 11:00:00,121.3001612004831
2025-01-16 12:00:00,118.1654988411022
2025-01-16 13:00:00,107.1797919331828
2025-01-16 14:00:00,85.71292968406459
2025-01-16 15:00:00,87.44861225676509
2025-01-16 16:00:00,75.70166673352459
2025-01-16 17:00:00,71.36116368585377
2025-01-16 18:00:00,72.88440015899819
2025-01-16 19:00:00,76.28144105385168
2025-01-16 20:00:00,76.31114368929508
2025-01-16 21:00:00,72.32971221398385
2025-01-16 22:00:00,76.67198246162555
2025-01-16 23:00:00,90.35142800943858
2025-01-17 00:00:00,102.8742684200152
2025-01-17 01:00:00,105.1064366946783
2025-01-17 02:00:00,118.9273649815795
2025-01-17 03:00:00,107.8019699207409
2025-01-17 04:00:00,129.388709359984
2025-01-17 05:00:00,115.3434564449054
2025-01-17 06:00:00,114.240289893176
2025-01-17 07:00:00,115.8140901675319
2025-01-17 08:00:00,119.0638854379421
2025-01-17 09:00:00,105.3618209036198
2025-01-17 10:00:00,116.1123995736384
2025-01-17 11:00:00,109.0944844214374
2025-01-17 12:00:00,100.7954698277274
2025-01-17 13:00:00,82.55607453917672
2025-01-17 14:00:00,81.76444459550765
2025-01-17 15:00:00,63.85739091603694
2025-01-17 16:00:00,61.48797845415773
2025-01-17 17:00:00,58.20649817715659
2025-01-17 18:00:00,56.23855757568671
2025-01-17 19:00:00,57.36384994101275
2025-01-17 20:00:00,59.63150867828245
2025-01-17 21:00:00,68.00893274663056
2025-01-17 22:00:00,69.81616095458703
2025-01-17 23:00:00,72.7497144947145
2025-01-18 00:00:00,93.96614887989047
2025-01-18 01:00:00,95.73408436815609
2025-01-18 02:00:00,93.58672408386245
2025-01-18 03:00:00,111.7599543617105
2025-01-18 04:00:00,114.8939220626963
2025-01-18 05:00:00,115.3600729893927
2025-01-18 06:00:00,120.3503320221317
2025-01-18 07:00:00,111.126215962343
2025-01-18 08:00:00,118.4751570862982
2025-01-18 09:00:00,120.9248581193984
2025-01-18 10:00:00,112.3541156826641
2025-01-18 11:00:00,105.7351000760657
2025-01-18 12:00:00,97.69807327113004
2025-01-18 13:00:00,78.5648508709812
2025-01-18 14:00:00,77.02355490504254
2025-01-18 15:00:00,72.82798795382296
2025-01-18 16:00:00,65.58870913007772
2025-01-18 17:00:00,62.23119779469471
2025-01-18 18:00:00,62.87790590770633
2025-01-18 19:00:00,59.58665589146653
2025-01-18 20:00:00,63.61675259226837
2025-01-18 21:00:00,71.76544564163848
2025-01-18 22:00:00,73.22187395269798
2025-01-18 23:00:00,72.57888313207776
2025-01-19 00:00:00,81.15977079441389
2025-01-19 01:00:00,86.25524595788482
2025-01-19 02:00:00,94.02251716421438
2025-01-19 03:00:00,118.7467846647321
2025-01-19 04:00:00,106.4298013762935
2025-01-19 05:00:00,114.7606340545069
2025-01-19 06:00:00,129.7531622111365
2025-01-19 07:00:00,120.5098756952765
2025-01-19 08:00:00,117.9007054450986
2025-01-19 09:00:00,133.6433610753882
2025-01-19 10:00:00,114.5781187460457
2025-01-19 11:00:00,105.0976519499316
2025-01-19 12:00:00,112.5629877782619
2025-01-19 13:00:00,102.1903602880005
2025-01-19 14:00:00,96.97082206978368
2025-01-19 15:00:00,85.81898654311647
2025-01-19 16:00:00,87.33396441176517
2025-01-19 17:00:00,73.23911926627771
2025-01-19 18:00:00,77.16508796779863
2025-01-19 19:00:00,72.19054716068204
2025-01-19 20:00:00,77.62568743735434
2025-01-19 21:00:00,92.49712363988696
2025-01-19 22:00:00,98.64208703446633
2025-01-19 23:00:00,101.7860907610181
2025-01-20 00:00:00,118.7633752184713
2025-01-20 01:00:00,122.140644627125
2025-01-20 02:00:00,123.5864004329091
2025-01-20 03:00:00,124.8940794322435
2025-01-20 04:00:00,149.2294461688873
2025-01-20 05:00:00,128.6419057528268
2025-01-20 06:00:00,144.3858015482971
2025-01-20 07:00:00,154.1672831117416
2025-01-20 08:00:00,155.265580830859
2025-01-20 09:00:00,126.4878001709217
2025-01-20 10:00:00,132.2329019307401
2025-01-20 11:00:00,122.1787836481649
2025-01-20 12:00:00,124.7430626845818
2025-01-20 13:00:00,122.1886493654251
2025-01-20 14:00:00,114.7595021839829
2025-01-20 15:00:00,103.4054159410752
2025-01-20 16:00:00,102.7765515178445
2025-01-20 17:00:00,87.19414154008071
2025-01-20 18:00:00,98.71985028954315
2025-01-20 19:00:00,90.47587595234506
2025-01-20 20:00:00,97.40665600524032
2025-01-20 21:00:00,100.3253461126572
2025-01-20 22:00:00,118.3589784840033
2025-01-20 23:00:00,114.3631097562988
2025-01-21 00:00:00,136.2611190307109
2025-01-21 01:00:00,147.4869733485565
2025-01-21 02:00:00,138.5642812025759
2025-01-21 03:00:00,147.1916250521365
2025-01-21 04:00:00,159.1924589107152
2025-01-21 05:00:00,168.5939756117118
2025-01-21 06:00:00,163.5600380035453
2025-01-21 07:00:00,169.4671711046201
2025-01-21 08:00:00,141.2768428054977
2025-01-21 09:00:00,155.976983782428
2025-01-21 10:00:00,130.5968989592043
2025-01-21 11:00:00,125.9981166535556
2025-01-21 12:00:00,114.9553855215105
2025-01-21 13:00:00,118.1815443092699
2025-01-21 14:00:00,120.7383146092789
2025-01-21 15:00:00,100.4701795186172
2025-01-21 16:00:00,106.530238642238
2025-01-21 17:00:00,106.5749691211547
2025-01-21 18:00:00,102.5442416743433
2025-01-21 19:00:00,104.6273457330597
2025-01-21 20:00:00,96.53770442773404
2025-01-21 21:00:00,114.8806207846404
2025-01-21 22:00:00,127.4826850644982
2025-01-21 23:00:00,117.0633142142181
2025-01-22 00:00:00,126.5115404961725
2025-01-22 01:00:00,153.7140776749216
2025-01-22 02:00:00,139.7678279989242
2025-01-22 03:00:00,162.1097372939029
2025-01-22 04:00:00,172.3309763736188
2025-01-22 05:00:00,164.0748828766838
2025-01-22 06:00:00,156.8703399477781
2025-01-22 07:00:00,156.4878314100482
2025-01-22 08:00:00,146.7270359390522
2025-01-22 09:00:00,157.9912046978093
2025-01-22 10:00:00,150.9352782518343
2025-01-22 11:00:00,137.511703853343
2025-01-22 12:00:00,116.1153912386742
2025-01-22 13:00:00,124.246496785789
2025-01-22 14:00:00,107.495100291622
2025-01-22 15:00:00,109.406428375985
2025-01-22 16:00:00,90.91358330289977
2025-01-22 17:00:00,93.50964997636005
2025-01-22 18:00:00,101.0151074316107
2025-01-22 19:00:00,91.13529570550155
2025-01-22 20:00:00,87.60713397452211
2025-01-22 21:00:00,109.3898905685898
2025-01-22 22:00:00,101.8310705690423
2025-01-22 23:00:00,117.9506279243113
2025-01-23 00:00:00,115.1912529640447
2025-01-23 01:00:00,130.7779026824739
2025-01-23 02:00:00,122.0633453016943
2025-01-23 03:00:00,137.9638388170638
2025-01-23 04:00:00,130.0836198199635
2025-01-23 05:00:00,156.6197773746979
2025-01-23 06:00:00,140.3078649118711
2025-01-23 07:00:00,144.5462135150653
2025-01-23 08:00:00,128.0874765079691
2025-01-23 09:00:00,146.8048865534324
2025-01-23 10:00:00,132.6635810332784
2025-01-23 11:00:00,117.8731360969113
2025-01-23 12:00:00,119.2728477085868
2025-01-23 13:00:00,91.70482098386233
2025-01-23 14:00:00,95.95657614952101
2025-01-23 15:00:00,92.61322197056806
2025-01-23 16:00:00,85.90702814046541
2025-01-23 17:00:00,83.01396734634089
2025-01-23 18:00:00,81.1207078964898
2025-01-23 19:00:00,82.98543344083302
2025-01-23 20:00:00,88.0912364964855
2025-01-23 21:00:00,83.90700210059458
2025-01-23 22:00:00,95.97914750181599
2025-01-23 23:00:00,108.2774214374692
2025-01-24 00:00:00,107.0162073634045
2025-01-24 01:00:00,121.4284756193666
2025-01-24 02:00:00,114.8554752586607
2025-01-24 03:00:00,128.6147230917666
2025-01-24 04:00:00,138.2079914829985
2025-01-24 05:00:00,120.3567451345275
2025-01-24 06:00:00,128.0031511933466
2025-01-24 07:00:00,132.6110386534146
2025-01-24 08:00:00,129.7879861550215
2025-01-24 09:00:00,108.6042972086563
2025-01-24 10:00:00,115.4753338131206
2025-01-24 11:00:00,98.83585399532944
2025-01-24 12:00:00,86.62162607806822
2025-01-24 13:00:00,82.4112056554808
2025-01-24 14:00:00,82.11758644224037
2025-01-24 15:00:00,77.747499656674
2025-01-24 16:00:00,67.95153335152744
2025-01-24 17:00:00,66.0730318286517
2025-01-24 18:00:00,66.12911593248573
2025-01-24 19:00:00,62.47432905516322
2025-01-24 20:00:00,65.40918242414318
2025-01-24 21:00:00,67.10476479132481
2025-01-24 22:00:00,75.95151231226603
2025-01-24 23:00:00,79.13960243601036
2025-01-25 00:00:00,94.54857589918781
2025-01-25 01:00:00,95.35368311627678
2025-01-25 02:00:00,113.3899822618565
2025-01-25 03:00:00,116.5280278734405
2025-01-25 04:00:00,117.6421442692828
2025-01-25 05:00:00,124.6588679696275
2025-01-25 06:00:00,116.4407889237588
2025-01-25 07:00:00,116.9484348345843
2025-01-25 08:00:00,114.8829623742192
2025-01-25 09:00:00,111.4447254993845
2025-01-25 10:00:00,114.2486755391196
2025-01-25 11:00:00,100.566531804273
2025-01-25 12:00:00,82.97167543743474
2025-01-25 13:00:00,76.06092399145732
2025-01-25 14:00:00,78.46619450277491
2025-01-25 15:00:00,67.3040080420829
2025-01-25 16:00:00,61.72672392279529
2025-01-25 17:00:00,67.87426025671589
2025-01-25 18:00:00,60.06416263386383
2025-01-25 19:00:00,63.21223627926295
2025-01-25 20:00:00,62.28714524437715
2025-01-25 21:00:00,67.48710732868518
2025-01-25 22:00:00,83.11317465238216
2025-01-25 23:00:00,80.5435107373086
2025-01-26 00:00:00,87.01148586397662
2025-01-26 01:00:00,105.7715988899848
2025-01-26 02:00:00,114.3375384697679
2025-01-26 03:00:00,107.4620470047416
2025-01-26 04:00:00,127.7040424947348
2025-01-26 05:00:00,125.4205643862277
2025-01-26 06:00:00,115.9486782941403
2025-01-26 07:00:00,124.6215810109763
2025-01-26 08:00:00,132.8068474276004
2025-01-26 09:00:00,120.8855076401818
2025-01-26 10:00:00,123.1288601433272
2025-01-26 11:00:00,105.081107172328
2025-01-26 12:00:00,101.0527430405446
2025-01-26 13:00:00,96.23113754772217
2025-01-26 14:00:00,99.14459586035952
2025-01-26 15:00:00,80.92565887373436
2025-01-26 16:00:00,82.54189195006863
2025-01-26 17:00:00,72.33782036170963
2025-01-26 18:00:00,74.12169385355917
2025-01-26 19:00:00,69.05056121058995
2025-01-26 20:00:00,75.67832244550067
2025-01-26 21:00:00,76.20193826136567
2025-01-26 22:00:00,89.28710199264913
2025-01-26 23:00:00,87.35092634991139
2025-01-27 00:00:00,112.800805754398
2025-01-27 01:00:00,113.8066473621067
2025-01-27 02:00:00,117.4298201629321
2025-01-27 03:00:00,129.0899973858531
2025-01-27 04:00:00,147.7065611015782
2025-01-27 05:00:00,128.8225076546599
2025-01-27 06:00:00,150.1766472892802
2025-01-27 07:00:00,158.1441449044372
2025-01-27 08:00:00,139.3735034786389
2025-01-27 09:00:00,134.8127296956147
2025-01-27 10:00:00,146.7502516743898
2025-01-27 11:00:00,126.3759179514271
2025-01-27 12:00:00,124.4028683201444
2025-01-27 13:00:00,122.8436526805895
2025-01-27 14:00:00,120.0383497135179
2025-01-27 15:00:00,114.826028561708
2025-01-27 16:00:00,95.80405180796136
2025-01-27 17:00:00,90.443049415774
2025-01-27 18:00:00,85.05809860411716
2025-01-27 19:00:00,96.1909590476431
2025-01-27 20:00:00,98.47776573044432
2025-01-27 21:00:00,90.45666902926516
2025-01-27 22:00:00,102.305271577752
2025-01-27 23:00:00,107.8414579236712
2025-01-28 00:00:00,129.1133470939931
2025-01-28 01:00:00,125.345437119984
2025-01-28 02:00:00,148.3589896698192
2025-01-28 03:00:00,142.3404732495721
2025-01-28 04:00:00,166.9473337245404
2025-01-28 05:00:00,166.7728998986232
2025-01-28 06:00:00,144.8883394639477
2025-01-28 07:00:00,163.056842514692
2025-01-28 08:00:00,164.061044433092
2025-01-28 09:00:00,146.3956265797893
2025-01-28 10:00:00,138.268798544446
2025-01-28 11:00:00,141.4497990384053
2025-01-28 12:00:00,130.7927912095056
2025-01-28 13:00:00,125.6597101001148
2025-01-28 14:00:00,107.8219963438224
2025-01-28 15:00:00,111.2463386254872
2025-01-28 16:00:00,98.12144365692897
2025-01-28 17:00:00,102.7307594783632
2025-01-28 18:00:00,99.40144002871664
2025-01-28 19:00:00,97.00767859628503
2025-01-28 20:00:00,106.4618844064766
2025-01-28 21:00:00,108.4152049315767
2025-01-28 22:00:00,127.8385790723452
2025-01-28 23:00:00,127.9494835882993
2025-01-29 00:00:00,125.5823698463692
2025-01-29 01:00:00,138.2169424531759
2025-01-29 02:00:00,155.6354717154812
2025-01-29 03:00:00,143.8782919444816
2025-01-29 04:00:00,167.7481643627386
2025-01-29 05:00:00,152.926721585372
2025-01-29 06:00:00,145.5713298365805
2025-01-29 07:00:00,144.2162268954094
2025-01-29 08:00:00,168.4303251989279
2025-01-29 09:00:00,147.1060014635278
2025-01-29 10:00:00,139.5093935355681
2025-01-29 11:00:00,144.7079379518422
2025-01-29 12:00:00,135.0960600438935
2025-01-29 13:00:00,128.7198438020309
2025-01-29 14:00:00,120.1992089070774
2025-01-29 15:00:00,110.7769287527415
2025-01-29 16:00:00,102.8441383886565
2025-01-29 17:00:00,90.80863639805351
2025-01-29 18:00:00,90.23126714433131
2025-01-29 19:00:00,98.76480289626365
2025-01-29 20:00:00,89.0746008531064
2025-01-29 21:00:00,103.3816934129274
2025-01-29 22:00:00,108.4056628533681
2025-01-29 23:00:00,101.5432903251189
2025-01-30 00:00:00,118.4557802456269
2025-01-30 01:00:00,127.9407845163293
2025-01-30 02:00:00,139.1600398298483
2025-01-30 03:00:00,127.692218816142
2025-01-30 04:00:00,155.082284183648
2025-01-30 05:00:00,154.9191014719073
2025-01-30 06:00:00,157.8006650213238
2025-01-30 07:00:00,139.0642598859448
2025-01-30 08:00:00,135.5775700447277
2025-01-30 09:00:00,154.3037136767294
2025-01-30 10:00:00,134.5542190111927
2025-01-30 11:00:00,136.4366892273562
2025-01-30 12:00:00,111.1597984997806
2025-01-30 13:00:00,108.9185080136876
2025-01-30 14:00:00,104.7595791484734
2025-01-30 15:00:00,93.2884904750931
2025-01-30 16:00:00,82.86033596673292
2025-01-30 17:00:00,90.590205557694
2025-01-30 18:00:00,78.25914094486377
2025-01-30 19:00:00,85.61189440735755
2025-01-30 20:00:00,83.5829055778218
2025-01-30 21:00:00,83.20485560570856
2025-01-30 22:00:00,83.84256081922457
2025-01-30 23:00:00,84.19265669207051
2025-01-31 00:00:00,104.766997993709
2025-01-31 01:00:00,107.1726217725097
2025-01-31 02:00:00,112.8112196639434
2025-01-31 03:00:00,127.6771388970992
2025-01-31 04:00:00,125.7518535174631
2025-01-31 05:00:00,131.5684656596413
2025-01-31 06:00:00,137.8564882925271
2025-01-31 07:00:00,125.7437595944403
2025-01-31 08:00:00,133.1015830797928
2025-01-31 09:00:00,124.2420918041481
2025-01-31 10:00:00,126.1770654015071
2025-01-31 11:00:00,103.139205786424
2025-01-31 12:00:00,92.82367755690467
2025-01-31 13:00:00,99.19421779991292
2025-01-31 14:00:00,89.31891463958942
2025-01-31 15:00:00,78.92153866504694
2025-01-31 16:00:00,73.36454086467938
2025-01-31 17:00:00,71.77986658855617
2025-01-31 18:00:00,59.61302034689323
2025-01-31 19:00:00,69.89148565054496
2025-01-31 20:00:00,65.61951327326888
2025-01-31 21:00:00,71.48950143659094
2025-01-31 22:00:00,78.9490671771184
2025-01-31 23:00:00,82.6572475352617
2025-02-01 00:00:00,88.18084870590168
2025-02-01 01:00:00,101.5427351572947
2025-02-01 02:00:00,116.6121609342779
2025-02-01 03:00:00,119.6334736372602
2025-02-01 04:00:00,125.1414398339885
2025-02-01 05:00:00,113.6606514049411
2025-02-01 06:00:00,124.7962621247302
2025-02-01 07:00:00,124.837916195169
2025-02-01 08:00:00,115.8774198073502
2025-02-01 09:00:00,109.2020769895909
2025-02-01 10:00:00,114.2820473956203
2025-02-01 11:00:00,93.34481089273292
2025-02-01 12:00:00,88.88790636065657
2025-02-01 13:00:00,89.2353282944987
2025-02-01 14:00:00,85.21744566103466
2025-02-01 15:00:00,75.90987016777656
2025-02-01 16:00:00,70.34619322554218
2025-02-01 17:00:00,68.44819083481458
2025-02-01 18:00:00,70.52916638488435
2025-02-01 19:00:00,71.13616100228016
2025-02-01 20:00:00,72.57710661008454
2025-02-01 21:00:00,71.4876603372973
2025-02-01 22:00:00,84.1863799520927
2025-02-01 23:00:00,103.8540517555213
2025-02-02 00:00:00,112.8626896668364
2025-02-02 01:00:00,108.3821531723231
2025-02-02 02:00:00,106.8369371406405
2025-02-02 03:00:00,118.9555773235868
2025-02-02 04:00:00,129.6743514713426
2025-02-02 05:00:00,139.762086570681
2025-02-02 06:00:00,135.5307739582405
2025-02-02 07:00:00,133.200481738019
2025-02-02 08:00:00,123.069263276503
2025-02-02 09:00:00,118.3531733406635
2025-02-02 10:00:00,110.0494305598571
2025-02-02 11:00:00,104.8993853002876
2025-02-02 12:00:00,114.1253557008973
2025-02-02 13:00:00,106.58908715356
2025-02-02 14:00:00,93.37187045164593
2025-02-02 15:00:00,87.06972010365168
2025-02-02 16:00:00,83.25141185213424
2025-02-02 17:00:00,76.23544411672974
2025-02-02 18:00:00,81.12414387816035
2025-02-02 19:00:00,83.82012209271086
2025-02-02 20:00:00,81.63429452707595
2025-02-02 21:00:00,91.76427119452237
2025-02-02 22:00:00,95.94879619998859
2025-02-02 23:00:00,104.6197347985936
2025-02-03 00:00:00,125.3476694961269
2025-02-03 01:00:00,117.9871507900659
2025-02-03 02:00:00,134.3688446885893
2025-02-03 03:00:00,149.5445973954235
2025-02-03 04:00:00,149.6532671316536
2025-02-03 05:00:00,148.445681432411
2025-02-03 06:00:00,145.323454758233
2025-02-03 07:00:00,148.4594703392168
2025-02-03 08:00:00,137.9561670504084
2025-02-03 09:00:00,149.178819236051
2025-02-03 10:00:00,127.6656200334057
2025-02-03 11:00:00,118.0813755524872
2025-02-03 12:00:00,112.1482442045114
2025-02-03 13:00:00,124.3888556107378
2025-02-03 14:00:00,105.9703522227647
2025-02-03 15:00:00,99.22203903451843
2025-02-03 16:00:00,94.5662121578611
2025-02-03 17:00:00,96.50240014267123
2025-02-03 18:00:00,106.6560393792757
2025-02-03 19:00:00,104.7574257648494
2025-02-03 20:00:00,108.7433306910649
2025-02-03 21:00:00,115.680134490474
2025-02-03 22:00:00,121.5174413932181
2025-02-03 23:00:00,128.8671873971133
2025-02-04 00:00:00,118.077481209102
2025-02-04 01:00:00,125.7359858501319
2025-02-04 02:00:00,159.3495431353705
2025-02-04 03:00:00,151.7980707741645
2025-02-04 04:00:00,145.3686954608015
2025-02-04 05:00:00,151.1466570941156
2025-02-04 06:00:00,170.9673711753105
2025-02-04 07:00:00,171.9255399110978
2025-02-04 08:00:00,159.9819886083962
2025-02-04 09:00:00,157.5687696010626
2025-02-04 10:00:00,154.6493451543481
2025-02-04 11:00:00,137.1169399154969
2025-02-04 12:00:00,125.4327544617091
2025-02-04 13:00:00,121.1071343595135
2025-02-04 14:00:00,124.9965786178172
2025-02-04 15:00:00,109.2325590136908
2025-02-04 16:00:00,116.4006009762245
2025-02-04 17:00:00,114.5432664230024
2025-02-04 18:00:00,96.75721238128111
2025-02-04 19:00:00,99.14177593504573
2025-02-04 20:00:00,119.4690619862409
2025-02-04 21:00:00,108.5804828953138
2025-02-04 22:00:00,120.6907967935488
2025-02-04 23:00:00,143.6713979683387
2025-02-05 00:00:00,134.6343306930185
2025-02-05 01:00:00,147.6018365497889
2025-02-05 02:00:00,161.4582103047807
2025-02-05 03:00:00,173.0319078876672
2025-02-05 04:00:00,154.3409212659316
2025-02-05 05:00:00,169.3978606131924
2025-02-05 06:00:00,168.139957038594
2025-02-05 07:00:00,165.1590297365081
2025-02-05 08:00:00,167.3023150947946
2025-02-05 09:00:00,156.388140845417
2025-02-05 10:00:00,145.4264728843404
2025-02-05 11:00:00,127.3386900951813
2025-02-05 12:00:00,120.4458206571758
2025-02-05 13:00:00,110.7679524703977
2025-02-05 14:00:00,107.3113201414272
2025-02-05 15:00:00,109.888604003047
2025-02-05 16:00:00,93.39183681342425
2025-02-05 17:00:00,97.47152604119016
2025-02-05 18:00:00,99.73790879823066
2025-02-05 19:00:00,109.7791582506397
2025-02-05 20:00:00,113.9652993593914
2025-02-05 21:00:00,109.933526000282
2025-02-05 22:00:00,127.9599125757231
2025-02-05 23:00:00,119.2355649766589
2025-02-06 00:00:00,136.7300269407135
2025-02-06 01:00:00,130.92238747913
2025-02-06 02:00:00,129.7133096782097
2025-02-06 03:00:00,134.1671345902907
2025-02-06 04:00:00,156.9801272093944
2025-02-06 05:00:00,148.1123949596031
2025-02-06 06:00:00,164.0423415308293
2025-02-06 07:00:00,138.9250519984574
2025-02-06 08:00:00,135.3544130192775
2025-02-06 09:00:00,143.4624737751724
2025-02-06 10:00:00,129.320922168028
2025-02-06 11:00:00,129.2359469994197
2025-02-06 12:00:00,102.2026905459092
2025-02-06 13:00:00,98.1697918536492
2025-02-06 14:00:00,93.83704921748874
2025-02-06 15:00:00,81.27486406778888
2025-02-06 16:00:00,79.49299134154616
2025-02-06 17:00:00,86.51083666896697
2025-02-06 18:00:00,84.65049548972611
2025-02-06 19:00:00,82.43313970036132
2025-02-06 20:00:00,92.37871569006927
2025-02-06 21:00:00,84.39164449393327
2025-02-06 22:00:00,103.9274166052059
2025-02-06 23:00:00,99.13460837590085
2025-02-07 00:00:00,119.7115098932829
2025-02-07 01:00:00,130.4343690403643
2025-02-07 02:00:00,131.8730358794246
2025-02-07 03:00:00,132.5471373929335
2025-02-07 04:00:00,135.3204830478005
2025-02-07 05:00:00,121.5114121955409
2025-02-07 06:00:00,125.4286021262877
2025-02-07 07:00:00,125.0748396049876
2025-02-07 08:00:00,122.5438418730805
2025-02-07 09:00:00,113.8408838238334
2025-02-07 10:00:00,113.3211516811186
2025-02-07 11:00:00,105.2764434121181
2025-02-07 12:00:00,101.6859719691049
2025-02-07 13:00:00,90.89740706240741
2025-02-07 14:00:00,89.20590092451538
2025-02-07 15:00:00,72.08898868895932
2025-02-07 16:00:00,74.16764985621886
2025-02-07 17:00:00,64.42503316827201
2025-02-07 18:00:00,73.64715214447908
2025-02-07 19:00:00,66.91699558274468
2025-02-07 20:00:00,69.09142318805159
2025-02-07 21:00:00,73.13018884930463
2025-02-07 22:00:00,78.40918474839619
2025-02-07 23:00:00,92.84366289981641
2025-02-08 00:00:00,109.286384110387
2025-02-08 01:00:00,100.0672519393745
2025-02-08 02:00:00,116.5181497392519
2025-02-08 03:00:00,115.4275226302823
2025-02-08 04:00:00,124.5126652850227
2025-02-08 05:00:00,120.9264312642316
2025-02-08 06:00:00,117.9354157780953
2025-02-08 07:00:00,127.3396476933037
2025-02-08 08:00:00,120.76032732543
2025-02-08 09:00:00,113.3359597129787
2025-02-08 10:00:00,109.917186437344
2025-02-08 11:00:00,106.5064563853384
2025-02-08 12:00:00,84.11983570263796
2025-02-08 13:00:00,82.09511860645091
2025-02-08 14:00:00,85.93417540600012
2025-02-08 15:00:00,79.76049254577882
2025-02-08 16:00:00,63.53593467386612
2025-02-08 17:00:00,65.58952420759834
2025-02-08 18:00:00,73.77526160845001
2025-02-08 19:00:00,74.71746085035629
2025-02-08 20:00:00,78.29514361111926
2025-02-08 21:00:00,75.66240506957996
2025-02-08 22:00:00,90.52164852597052
2025-02-08 23:00:00,95.69222848381386
2025-02-09 00:00:00,97.65145318711468
2025-02-09 01:00:00,105.3742148049589
2025-02-09 02:00:00,118.9137114921787
2025-02-09 03:00:00,140.2129567847346
2025-02-09 04:00:00,141.4731401326267
2025-02-09 05:00:00,142.9472259673857
2025-02-09 06:00:00,124.7310081950747
2025-02-09 07:00:00,145.4707231416873
2025-02-09 08:00:00,140.8141956835976
2025-02-09 09:00:00,113.0875323223057
2025-02-09 10:00:00,130.1339860005184
2025-02-09 11:00:00,114.9048118565281
2025-02-09 12:00:00,103.5453948585973
2025-02-09 13:00:00,98.8372361838764
2025-02-09 14:00:00,96.62305314429635
2025-02-09 15:00:00,91.49557742660392
2025-02-09 16:00:00,85.04527938803581
2025-02-09 17:00:00,90.07382573605616
2025-02-09 18:00:00,79.2418491001413
2025-02-09 19:00:00,77.86731550982759
2025-02-09 20:00:00,87.35505564534759
2025-02-09 21:00:00,101.0797227077585
2025-02-09 22:00:00,94.227005718859
2025-02-09 23:00:00,117.3797678506316
2025-02-10 00:00:00,121.3648558751632
2025-02-10 01:00:00,125.5799241013828
2025-02-10 02:00:00,138.4513915080479
2025-02-10 03:00:00,147.4872205516751
2025-02-10 04:00:00,131.9108255440955
2025-02-10 05:00:00,160.1648819319246
2025-02-10 06:00:00,158.5545247764863
2025-02-10 07:00:00,157.924902870211
2025-02-10 08:00:00,145.5180043130974
2025-02-10 09:00:00,151.4509452800783
2025-02-10 10:00:00,129.9525304431498
2025-02-10 11:00:00,130.5408778136532
2025-02-10 12:00:00,114.9166513422989
2025-02-10 13:00:00,125.7703726309954
2025-02-10 14:00:00,107.2178320088734
2025-02-10 15:00:00,106.6496212296836
2025-02-10 16:00:00,107.3646883211193
2025-02-10 17:00:00,101.4553043705215
2025-02-10 18:00:00,107.0299614580772
2025-02-10 19:00:00,110.6402173216478
2025-02-10 20:00:00,105.7719143804681
2025-02-10 21:00:00,104.065077615631
2025-02-10 22:00:00,134.8033353272289
2025-02-10 23:00:00,141.7120315737956
2025-02-11 00:00:00,131.001037333357
2025-02-11 01:00:00,137.0005655006496
2025-02-11 02:00:00,156.5983526028804
2025-02-11 03:00:00,163.8888450971677
2025-02-11 04:00:00,153.625263052377
2025-02-11 05:00:00,171.3257434694577
2025-02-11 06:00:00,177.1001472954505
2025-02-11 07:00:00,152.1735437946009
2025-02-11 08:00:00,157.4994127349242
2025-02-11 09:00:00,146.5574740056051
2025-02-11 10:00:00,156.1321058807282
2025-02-11 11:00:00,128.8895442771365
2025-02-11 12:00:00,126.9423159757993
2025-02-11 13:00:00,119.8275089305434
2025-02-11 14:00:00,110.7053172324276
2025-02-11 15:00:00,123.9221478100879
2025-02-11 16:00:00,104.8961816231608
2025-02-11 17:00:00,110.99248292004
2025-02-11 18:00:00,116.4935245026202
2025-02-11 19:00:00,113.1580694344091
2025-02-11 20:00:00,121.6370171818588
2025-02-11 21:00:00,114.7515216393549
2025-02-11 22:00:00,134.7540301268011
2025-02-11 23:00:00,138.1579138996844
2025-02-12 00:00:00,130.8828819741075
2025-02-12 01:00:00,146.1147022684151
2025-02-12 02:00:00,162.5369802312628
2025-02-12 03:00:00,166.7709463521612
2025-02-12 04:00:00,155.4093712482559
2025-02-12 05:00:00,172.2309599433112
2025-02-12 06:00:00,177.8733909208563
2025-02-12 07:00:00,181.5513069388664
2025-02-12 08:00:00,172.5422929613175
2025-02-12 09:00:00,158.4173173798708
2025-02-12 10:00:00,154.9596566603002
2025-02-12 11:00:00,139.2720033650013
2025-02-12 12:00:00,136.4153932383768
2025-02-12 13:00:00,129.4071165782099
2025-02-12 14:00:00,119.6865701113379
2025-02-12 15:00:00,116.7880356433131
2025-02-12 16:00:00,104.023369019444
2025-02-12 17:00:00,94.53454310398807
2025-02-12 18:00:00,100.493586067332
2025-02-12 19:00:00,101.0273701497757
2025-02-12 20:00:00,99.53219439041067
2025-02-12 21:00:00,111.1159269062729
2025-02-12 22:00:00,112.7963593009662
2025-02-12 23:00:00,135.8163867614003
2025-02-13 00:00:00,142.0516085044001
2025-02-13 01:00:00,136.8070131880831
2025-02-13 02:00:00,137.0582584962667
2025-02-13 03:00:00,146.8756931038501
2025-02-13 04:00:00,148.9126816171488
2025-02-13 05:00:00,163.8086665473841
2025-02-13 06:00:00,164.5344610409358
2025-02-13 07:00:00,139.5804943362472
2025-02-13 08:00:00,146.8922771788571
2025-02-13 09:00:00,139.6466622601002
2025-02-13 10:00:00,141.3859895467729
2025-02-13 11:00:00,118.0317073799004
2025-02-13 12:00:00,106.7522196037352
2025-02-13 13:00:00,100.7196452738377
2025-02-13 14:00:00,92.88912767472269
2025-02-13 15:00:00,98.88520344578527
2025-02-13 16:00:00,91.14111733692715
2025-02-13 17:00:00,84.03075866107206
2025-02-13 18:00:00,90.95159244969744
2025-02-13 19:00:00,87.62162704599362
2025-02-13 20:00:00,87.7892769787152
2025-02-13 21:00:00,94.51427310293994
2025-02-13 22:00:00,106.6758032250596
2025-02-13 23:00:00,109.6562523657657
2025-02-14 00:00:00,117.6694530003465
2025-02-14 01:00:00,120.5370181121246
2025-02-14 02:00:00,115.7259816646128
2025-02-14 03:00:00,134.4533029599676
2025-02-14 04:00:00,132.0530128702709
2025-02-14 05:00:00,147.6114885859444
2025-02-14 06:00:00,136.8334833396887
2025-02-14 07:00:00,138.4701643764353
2025-02-14 08:00:00,140.8598234223228
2025-02-14 09:00:00,127.0123162498052
2025-02-14 10:00:00,127.2207788125251
2025-02-14 11:00:00,98.9712497350705
2025-02-14 12:00:00,110.3233502621061
2025-02-14 13:00:00,93.38424996272916
2025-02-14 14:00:00,83.89402026563867
2025-02-14 15:00:00,79.01188823987422
2025-02-14 16:00:00,70.3706175237156
2025-02-14 17:00:00,76.23640734027448
2025-02-14 18:00:00,68.58759783262994
2025-02-14 19:00:00,73.26885593219973
2025-02-14 20:00:00,79.45111414384931
2025-02-14 21:00:00,74.05189404180831
2025-02-14 22:00:00,80.49949557390741
2025-02-14 23:00:00,100.7868008234278
2025-02-15 00:00:00,111.3377762339453
2025-02-15 01:00:00,101.2886666926212
2025-02-15 02:00:00,114.6722334243265
2025-02-15 03:00:00,114.6770744605989
2025-02-15 04:00:00,138.2534796233131
2025-02-15 05:00:00,125.7607412465999
2025-02-15 06:00:00,126.8127559023566
2025-02-15 07:00:00,134.6819690610493
2025-02-15 08:00:00,126.7071696275481
2025-02-15 09:00:00,122.8709223509645
2025-02-15 10:00:00,123.4815793189155
2025-02-15 11:00:00,99.0400549144893
2025-02-15 12:00:00,93.33450645471883
2025-02-15 13:00:00,90.71629921840376
2025-02-15 14:00:00,94.91083984729909
2025-02-15 15:00:00,78.57060878865991
2025-02-15 16:00:00,75.48507159275458
2025-02-15 17:00:00,76.8396118432981
2025-02-15 18:00:00,70.01620814992418
2025-02-15 19:00:00,70.4398394384387
2025-02-15 20:00:00,74.77725800022394
2025-02-15 21:00:00,73.38414359355787
2025-02-15 22:00:00,87.45312558960602
2025-02-15 23:00:00,85.94202565776334
2025-02-16 00:00:00,100.1886071493601
2025-02-16 01:00:00,100.483149753323
2025-02-16 02:00:00,118.8881411383535
2025-02-16 03:00:00,123.663458237601
2025-02-16 04:00:00,125.3815339837167
2025-02-16 05:00:00,136.3230006335193
2025-02-16 06:00:00,139.5344484244254
2025-02-16 07:00:00,130.1413486630515
2025-02-16 08:00:00,141.1962379245347
2025-02-16 09:00:00,131.3625225078215
2025-02-16 10:00:00,122.9429748859152
2025-02-16 11:00:00,132.1366381656167
2025-02-16 12:00:00,127.0227897233282
2025-02-16 13:00:00,115.3111568951934
2025-02-16 14:00:00,96.41958853940184
2025-02-16 15:00:00,99.72459851755687
2025-02-16 16:00:00,91.50927641692115
2025-02-16 17:00:00,95.25057065913421
2025-02-16 18:00:00,89.16142412967513
2025-02-16 19:00:00,89.05154286811938
2025-02-16 20:00:00,89.72691700717873
2025-02-16 21:00:00,88.64787070812375
2025-02-16 22:00:00,105.2794023809597
2025-02-16 23:00:00,110.230442802514
2025-02-17 00:00:00,105.2908821146122
2025-02-17 01:00:00,117.2630203555779
2025-02-17 02:00:00,137.2447837035726
2025-02-17 03:00:00,131.0123686989149
2025-02-17 04:00:00,153.8936569215018
2025-02-17 05:00:00,168.3366100393292
2025-02-17 06:00:00,154.1503288895369
2025-02-17 07:00:00,147.4320327872871
2025-02-17 08:00:00,146.9030099766316
2025-02-17 09:00:00,140.0247660483406
2025-02-17 10:00:00,150.5750656225288
2025-02-17 11:00:00,134.8727232546039
2025-02-17 12:00:00,141.1769825381909
2025-02-17 13:00:00,130.9605966942404
2025-02-17 14:00:00,110.6132830752491
2025-02-17 15:00:00,107.9932546153808
2025-02-17 16:00:00,106.0892432630961
2025-02-17 17:00:00,97.57870805952268
2025-02-17 18:00:00,114.5471598740066
2025-02-17 19:00:00,106.7815633864449
2025-02-17 20:00:00,116.3662697453576
2025-02-17 21:00:00,108.8986477887494
2025-02-17 22:00:00,124.6230875210217
2025-02-17 23:00:00,134.471745701787
2025-02-18 00:00:00,148.4945672804002
2025-02-18 01:00:00,148.5539970403744
2025-02-18 02:00:00,142.3538771643066
2025-02-18 03:00:00,170.1214513851525
2025-02-18 04:00:00,167.9845729466138
2025-02-18 05:00:00,158.9615952280741
2025-02-18 06:00:00,182.8859580824904
2025-02-18 07:00:00,160.3846942138829
2025-02-18 08:00:00,167.506518613263
2025-02-18 09:00:00,147.0954050917328
2025-02-18 10:00:00,147.7723638720164
2025-02-18 11:00:00,142.4604155822402
2025-02-18 12:00:00,134.0519846322595
2025-02-18 13:00:00,130.511135747289
2025-02-18 14:00:00,124.569049233155
2025-02-18 15:00:00,125.3003061807192
2025-02-18 16:00:00,127.7618789835991
2025-02-18 17:00:00,106.3060190196589
2025-02-18 18:00:00,110.3526196526811
2025-02-18 19:00:00,110.2700373784296
2025-02-18 20:00:00,122.2763666626938
2025-02-18 21:00:00,113.7278269722596
2025-02-18 22:00:00,126.1438060748086
2025-02-18 23:00:00,115.8435598352189
2025-02-19 00:00:00,128.005105436808
2025-02-19 01:00:00,145.3017070771068
2025-02-19 02:00:00,152.9802702095911
2025-02-19 03:00:00,158.4364746159906
2025-02-19 04:00:00,164.3911031200492
2025-02-19 05:00:00,154.150153074949
2025-02-19 06:00:00,175.7969125969077
2025-02-19 07:00:00,162.3596826156638
2025-02-19 08:00:00,171.013689443999
2025-02-19 09:00:00,176.1586193389905
2025-02-19 10:00:00,172.6073226697529
2025-02-19 11:00:00,149.7761053469295
2025-02-19 12:00:00,132.3858603296009
2025-02-19 13:00:00,121.5997831954555
2025-02-19 14:00:00,124.7374448759919
2025-02-19 15:00:00,119.7148373268301
2025-02-19 16:00:00,101.5264933379916
2025-02-19 17:00:00,112.8353033359139
2025-02-19 18:00:00,107.8895353399264
2025-02-19 19:00:00,93.96318035926025
2025-02-19 20:00:00,104.5400973561055
2025-02-19 21:00:00,108.891643458298
2025-02-19 22:00:00,121.9731272404233
2025-02-19 23:00:00,121.5702879642966
2025-02-20 00:00:00,128.7191620269494
2025-02-20 01:00:00,129.7698667855039
2025-02-20 02:00:00,131.529267576262
2025-02-20 03:00:00,141.1558292514689
2025-02-20 04:00:00,166.2677192734826
2025-02-20 05:00:00,142.2744354484329
2025-02-20 06:00:00,154.4055733919584
2025-02-20 07:00:00,149.0458255461561
2025-02-20 08:00:00,151.4605187984777
2025-02-20 09:00:00,136.894158178142
2025-02-20 10:00:00,131.7457468603554
2025-02-20 11:00:00,134.3978069976325
2025-02-20 12:00:00,110.81246041285
2025-02-20 13:00:00,111.5238784592946
2025-02-20 14:00:00,109.4157004063476
2025-02-20 15:00:00,103.1028186697679
2025-02-20 16:00:00,99.90568309195464
2025-02-20 17:00:00,95.83582535218005
2025-02-20 18:00:00,80.70602077563838
2025-02-20 19:00:00,93.16247795919614
2025-02-20 20:00:00,87.18205003690898
2025-02-20 21:00:00,104.425196662233
2025-02-20 22:00:00,111.6481670938779
2025-02-20 23:00:00,106.305988456609
2025-02-21 00:00:00,124.9868378319563
2025-02-21 01:00:00,135.0947954104346
2025-02-21 02:00:00,127.5810786373302
2025-02-21 03:00:00,132.444774294347
2025-02-21 04:00:00,152.6901491420877
2025-02-21 05:00:00,133.22073376805
2025-02-21 06:00:00,133.4153832808806
2025-02-21 07:00:00,144.4503981146466
2025-02-21 08:00:00,137.3550699311288
2025-02-21 09:00:00,122.950866861789
2025-02-21 10:00:00,126.9083724586416
2025-02-21 11:00:00,120.1461662031221
2025-02-21 12:00:00,98.74555450829334
2025-02-21 13:00:00,107.1188222270707
2025-02-21 14:00:00,85.64214974883087
2025-02-21 15:00:00,79.14730081045708
2025-02-21 16:00:00,77.05719318807297
2025-02-21 17:00:00,74.95492928572479
2025-02-21 18:00:00,75.91173069909995
2025-02-21 19:00:00,81.45233386113162
2025-02-21 20:00:00,85.31235976946513
2025-02-21 21:00:00,77.40716353353021
2025-02-21 22:00:00,89.86345085466992
2025-02-21 23:00:00,91.80545264132665
2025-02-22 00:00:00,104.3115123656582
2025-02-22 01:00:00,117.2475327848706
2025-02-22 02:00:00,125.5906022433282
2025-02-22 03:00:00,117.6815681908291
2025-02-22 04:00:00,129.5846776444261
2025-02-22 05:00:00,125.9397130007898
2025-02-22 06:00:00,126.2709342080737
2025-02-22 07:00:00,141.4015009678333
2025-02-22 08:00:00,127.0948238296709
2025-02-22 09:00:00,122.7516376884474
2025-02-22 10:00:00,114.877888066709
2025-02-22 11:00:00,114.0820759910673
2025-02-22 12:00:00,108.5627927307325
2025-02-22 13:00:00,92.71042046972259
2025-02-22 14:00:00,82.36191294871837
2025-02-22 15:00:00,90.55514676915134
2025-02-22 16:00:00,76.51849150280061
2025-02-22 17:00:00,74.83145933869164
2025-02-22 18:00:00,81.7355065093881
2025-02-22 19:00:00,70.82344830852874
2025-02-22 20:00:00,84.89241777070345
2025-02-22 21:00:00,89.08339399073452
2025-02-22 22:00:00,92.87935245388248
2025-02-22 23:00:00,105.7886579087198
2025-02-23 00:00:00,113.8554586841655
2025-02-23 01:00:00,122.2999557441907
2025-02-23 02:00:00,120.65446855703
2025-02-23 03:00:00,131.9617552926944
2025-02-23 04:00:00,142.5370636002805
2025-02-23 05:00:00,137.286632410641
2025-02-23 06:00:00,145.5418823990105
2025-02-23 07:00:00,139.3758260243588
2025-02-23 08:00:00,143.8914967915281
2025-02-23 09:00:00,134.0268512771408
2025-02-23 10:00:00,127.9840545661095
2025-02-23 11:00:00,126.1703556280208
2025-02-23 12:00:00,112.5250120535093
2025-02-23 13:00:00,97.9763722864858
2025-02-23 14:00:00,95.68333649758935
2025-02-23 15:00:00,82.79141636873554
2025-02-23 16:00:00,80.76460121159707
2025-02-23 17:00:00,93.71191885697452
2025-02-23 18:00:00,89.22964957611055
2025-02-23 19:00:00,99.916157944697
2025-02-23 20:00:00,90.71343577822473
2025-02-23 21:00:00,99.26390823805444
2025-02-23 22:00:00,116.2240833436127
2025-02-23 23:00:00,114.2765457089241
2025-02-24 00:00:00,124.5197936783082
2025-02-24 01:00:00,141.216180124804
2025-02-24 02:00:00,140.2723110552857
2025-02-24 03:00:00,149.9441698575698
2025-02-24 04:00:00,144.830200337754
2025-02-24 05:00:00,142.7721250740426
2025-02-24 06:00:00,165.4154054640722
2025-02-24 07:00:00,167.7169229066473
2025-02-24 08:00:00,160.9991180967255
2025-02-24 09:00:00,136.3932087503682
2025-02-24 10:00:00,127.6347901772658
2025-02-24 11:00:00,146.1511051963186
2025-02-24 12:00:00,127.4613372104876
2025-02-24 13:00:00,112.0981464232255
2025-02-24 14:00:00,104.1943975047278
2025-02-24 15:00:00,107.1092937282212
2025-02-24 16:00:00,100.6918739487335
2025-02-24 17:00:00,110.1530472232601
2025-02-24 18:00:00,97.47145149822647
2025-02-24 19:00:00,115.3208904420732
2025-02-24 20:00:00,111.3259069047671
2025-02-24 21:00:00,118.4842551915881
2025-02-24 22:00:00,121.6178505916234
2025-02-24 23:00:00,142.7796940441681
2025-02-25 00:00:00,139.9743527657483
2025-02-25 01:00:00,146.7912720842353
2025-02-25 02:00:00,150.2084044981904
2025-02-25 03:00:00,171.4405555797949
2025-02-25 04:00:00,153.808750395737
2025-02-25 05:00:00,168.2391994575468
2025-02-25 06:00:00,172.4056732633226
2025-02-25 07:00:00,173.0958111786379
2025-02-25 08:00:00,179.2623080478016
2025-02-25 09:00:00,157.8181200967969
2025-02-25 10:00:00,168.4231906375099
2025-02-25 11:00:00,148.5860674802175
2025-02-25 12:00:00,133.6429188407521
2025-02-25 13:00:00,151.0099780494681
2025-02-25 14:00:00,120.0383139780213
2025-02-25 15:00:00,134.3269397312828
2025-02-25 16:00:00,122.3408839966212
2025-02-25 17:00:00,112.4256298699217
2025-02-25 18:00:00,111.8380069354463
2025-02-25 19:00:00,118.2886219155781
2025-02-25 20:00:00,120.769838485284
2025-02-25 21:00:00,121.7654911999613
2025-02-25 22:00:00,130.6127963485988
2025-02-25 23:00:00,136.1077165613991
2025-02-26 00:00:00,145.5851923638963
2025-02-26 01:00:00,150.7059301924624
2025-02-26 02:00:00,168.8724695611009
2025-02-26 03:00:00,167.1331657328151
2025-02-26 04:00:00,155.1873959142393
2025-02-26 05:00:00,184.8354518848251
2025-02-26 06:00:00,161.2268371705682
2025-02-26 07:00:00,166.7057398534426
2025-02-26 08:00:00,166.099760743105
2025-02-26 09:00:00,166.1550946635226
2025-02-26 10:00:00,173.5869613413977
2025-02-26 11:00:00,138.951030066628
2025-02-26 12:00:00,136.5548645017099
2025-02-26 13:00:00,135.4293488537609
2025-02-26 14:00:00,128.2713603322635
2025-02-26 15:00:00,109.8569708219715
2025-02-26 16:00:00,113.8749082385151
2025-02-26 17:00:00,105.5086288774005
2025-02-26 18:00:00,106.4783427399852
2025-02-26 19:00:00,113.9664425644585
2025-02-26 20:00:00,113.5741369654695
2025-02-26 21:00:00,116.6485246029686
2025-02-26 22:00:00,110.8918828448913
2025-02-26 23:00:00,117.761728988157
2025-02-27 00:00:00,143.7294839071725
2025-02-27 01:00:00,135.5877733018984
2025-02-27 02:00:00,160.5172279073273
2025-02-27 03:00:00,150.7715275037629
2025-02-27 04:00:00,149.6579740107515
2025-02-27 05:00:00,162.060999570392
2025-02-27 06:00:00,153.789736969111
2025-02-27 07:00:00,167.2933013005441
2025-02-27 08:00:00,153.1830425824953
2025-02-27 09:00:00,154.0259555422819
2025-02-27 10:00:00,143.8340664674079
2025-02-27 11:00:00,126.9626018933902
2025-02-27 12:00:00,136.8707997802988
2025-02-27 13:00:00,115.5460377547363
2025-02-27 14:00:00,114.0672050173807
2025-02-27 15:00:00,96.60061320687579
2025-02-27 16:00:00,94.4073542356855
2025-02-27 17:00:00,90.47808951552676
2025-02-27 18:00:00,83.39180510656686
2025-02-27 19:00:00,94.52814451571916
2025-02-27 20:00:00,100.5658125039171
2025-02-27 21:00:00,107.0888749314068
2025-02-27 22:00:00,103.7198849777273
2025-02-27 23:00:00,117.5159967549413
2025-02-28 00:00:00,107.7749005122412
2025-02-28 01:00:00,123.5852504284844
2025-02-28 02:00:00,122.9390898127933
2025-02-28 03:00:00,129.1561867104566
2025-02-28 04:00:00,128.3917729909734
2025-02-28 05:00:00,150.3191660832385
2025-02-28 06:00:00,134.6243352990585
2025-02-28 07:00:00,146.1729617188371
2025-02-28 08:00:00,134.5159318922628
2025-02-28 09:00:00,142.0893032021976
2025-02-28 10:00:00,136.511925706743
2025-02-28 11:00:00,111.7391918469558
2025-02-28 12:00:00,111.3236368465239
2025-02-28 13:00:00,107.0937911947787
2025-02-28 14:00:00,104.9462004826047
2025-02-28 15:00:00,90.19748103684213
2025-02-28 16:00:00,83.11067666500645
2025-02-28 17:00:00,87.62729347056246
2025-02-28 18:00:00,82.37804956015086
2025-02-28 19:00:00,78.30547304379583
2025-02-28 20:00:00,79.74771836014382
2025-02-28 21:00:00,78.09893564542857
2025-02-28 22:00:00,93.5294957842281
2025-02-28 23:00:00,88.55348825685424
2025-03-01 00:00:00,113.3573825616563
2025-03-01 01:00:00,118.2622596679244
2025-03-01 02:00:00,120.585394396408
2025-03-01 03:00:00,117.0609554238068
2025-03-01 04:00:00,123.0141605797364
2025-03-01 05:00:00,133.7791634072773
2025-03-01 06:00:00,145.1815778417265
2025-03-01 07:00:00,123.2663308082581
2025-03-01 08:00:00,122.5703091413873
2025-03-01 09:00:00,135.1128465182196
2025-03-01 10:00:00,113.9949891536798
2025-03-01 11:00:00,120.5549984756249
2025-03-01 12:00:00,115.0615299504198
2025-03-01 13:00:00,97.00049269763394
2025-03-01 14:00:00,83.34944205806246
2025-03-01 15:00:00,81.06326138650334
2025-03-01 16:00:00,81.29385264652278
2025-03-01 17:00:00,77.03186554722049
2025-03-01 18:00:00,81.6758484512476
2025-03-01 19:00:00,79.14734276905597
2025-03-01 20:00:00,85.70781687638805
2025-03-01 21:00:00,98.52237273905375
2025-03-01 22:00:00,97.1720321092394
2025-03-01 23:00:00,105.8913275001271
2025-03-02 00:00:00,120.526082911532
2025-03-02 01:00:00,137.7908303490018
2025-03-02 02:00:00,135.4888111130979
2025-03-02 03:00:00,140.5361800438722
2025-03-02 04:00:00,128.5657962080612
2025-03-02 05:00:00,137.4876138160627
2025-03-02 06:00:00,156.9595553708927
2025-03-02 07:00:00,148.344418208087
2025-03-02 08:00:00,150.1937730958297
2025-03-02 09:00:00,138.5788645230879
2025-03-02 10:00:00,128.2274709272911
2025-03-02 11:00:00,122.8784369656742
2025-03-02 12:00:00,129.0551930583359
2025-03-02 13:00:00,115.0920025868939
2025-03-02 14:00:00,97.98921241780037
2025-03-02 15:00:00,109.9813311757109
2025-03-02 16:00:00,88.47248263136167
2025-03-02 17:00:00,102.326944705665
2025-03-02 18:00:00,97.59992082974824
2025-03-02 19:00:00,92.26982872967102
2025-03-02 20:00:00,98.13131280091014
2025-03-02 21:00:00,103.6354544896719
2025-03-02 22:00:00,105.175050939495
2025-03-02 23:00:00,107.7545948021899
2025-03-03 00:00:00,124.6343862463535
2025-03-03 01:00:00,138.7799501551708
2025-03-03 02:00:00,135.8111998914427
2025-03-03 03:00:00,145.0905655385561
2025-03-03 04:00:00,166.048825855506
2025-03-03 05:00:00,156.1443192391091
2025-03-03 06:00:00,174.2914559728085
2025-03-03 07:00:00,179.1551062357128
2025-03-03 08:00:00,162.3928601438831
2025-03-03 09:00:00,149.2488094823905
2025-03-03 10:00:00,159.5059989392153
2025-03-03 11:00:00,146.7692621268588
2025-03-03 12:00:00,138.1257247399162
2025-03-03 13:00:00,131.3004400648789
2025-03-03 14:00:00,128.9740827476405
2025-03-03 15:00:00,132.1053509425475
2025-03-03 16:00:00,114.1306563171683
2025-03-03 17:00:00,109.3865644554702
2025-03-03 18:00:00,114.5837596562043
2025-03-03 19:00:00,111.1751738103937
2025-03-03 20:00:00,109.8566020345185
2025-03-03 21:00:00,121.5034859849715
2025-03-03 22:00:00,132.2706812059145
2025-03-03 23:00:00,130.5509791008749
2025-03-04 00:00:00,127.9002793503151
2025-03-04 01:00:00,151.0001014251204
2025-03-04 02:00:00,159.7998900880064
2025-03-04 03:00:00,163.9844836414531
2025-03-04 04:00:00,154.0761152405075
2025-03-04 05:00:00,181.8752768375264
2025-03-04 06:00:00,188.2401418855102
2025-03-04 07:00:00,173.6240119096113
2025-03-04 08:00:00,185.9765808972347
2025-03-04 09:00:00,170.4113041694514
2025-03-04 10:00:00,158.0536073862204
2025-03-04 11:00:00,171.5941677601404
2025-03-04 12:00:00,164.6611436644395
2025-03-04 13:00:00,156.1052436791793
2025-03-04 14:00:00,139.4423332770116
2025-03-04 15:00:00,133.4757486473781
2025-03-04 16:00:00,123.9283644046028
2025-03-04 17:00:00,111.6503754547592
2025-03-04 18:00:00,124.799175594122
2025-03-04 19:00:00,118.8676683193429
2025-03-04 20:00:00,110.0699838114661
2025-03-04 21:00:00,132.6153931638688
2025-03-04 22:00:00,136.1032601225589
2025-03-04 23:00:00,137.8721534614052
2025-03-05 00:00:00,140.3145626834502
2025-03-05 01:00:00,138.1807265722084
2025-03-05 02:00:00,146.0114599446786
2025-03-05 03:00:00,164.9809044674622
2025-03-05 04:00:00,174.3272783742647
2025-03-05 05:00:00,171.5095384237702
2025-03-05 06:00:00,177.8390900006585
2025-03-05 07:00:00,175.8784960327911
2025-03-05 08:00:00,183.9050182858893
2025-03-05 09:00:00,171.7855492627722
2025-03-05 10:00:00,155.9284871260783
2025-03-05 11:00:00,139.4902953437937
2025-03-05 12:00:00,145.8226748442824
2025-03-05 13:00:00,132.2731902203694
2025-03-05 14:00:00,127.0349045030494
2025-03-05 15:00:00,119.7672069540372
2025-03-05 16:00:00,110.9909651279685
2025-03-05 17:00:00,102.7215214775209
2025-03-05 18:00:00,115.3634958464636
2025-03-05 19:00:00,120.1816173686937
2025-03-05 20:00:00,102.8406953534846
2025-03-05 21:00:00,114.0573862679133
2025-03-05 22:00:00,132.0956721412753
2025-03-05 23:00:00,137.5077574095139
2025-03-06 00:00:00,150.5701177939139
2025-03-06 01:00:00,154.1257420091625
2025-03-06 02:00:00,147.4026612929123
2025-03-06 03:00:00,170.6847971768343
2025-03-06 04:00:00,150.2678020868612
2025-03-06 05:00:00,166.6865149418116
2025-03-06 06:00:00,153.5891105222661
2025-03-06 07:00:00,155.8295606846207
2025-03-06 08:00:00,156.6057019000712
2025-03-06 09:00:00,157.814306898341
2025-03-06 10:00:00,152.7326774954618
2025-03-06 11:00:00,136.5382222805204
2025-03-06 12:00:00,123.0002490543435
2025-03-06 13:00:00,111.8064221533007
2025-03-06 14:00:00,100.306241773963
2025-03-06 15:00:00,105.1713461507161
2025-03-06 16:00:00,94.15860552619307
2025-03-06 17:00:00,98.80000764086434
2025-03-06 18:00:00,92.60982298240161
2025-03-06 19:00:00,84.25851119324255
2025-03-06 20:00:00,101.5091349937914
2025-03-06 21:00:00,98.6685185864474
2025-03-06 22:00:00,105.7814097432425
2025-03-06 23:00:00,120.0900701066012
2025-03-07 00:00:00,105.4585539485633
2025-03-07 01:00:00,127.2771542018522
2025-03-07 02:00:00,141.1420644847857
2025-03-07 03:00:00,139.6703312727163
2025-03-07 04:00:00,144.8883324499169
2025-03-07 05:00:00,147.8693167682129
2025-03-07 06:00:00,143.512515626477
2025-03-07 07:00:00,135.6098070554404
2025-03-07 08:00:00,151.1868036866084
2025-03-07 09:00:00,146.5341762139948
2025-03-07 10:00:00,130.9714784150154
2025-03-07 11:00:00,113.6437024394486
2025-03-07 12:00:00,114.5865931583765
2025-03-07 13:00:00,110.413622045179
2025-03-07 14:00:00,102.2578021519611
2025-03-07 15:00:00,98.42570303193197
2025-03-07 16:00:00,78.03377816055017
2025-03-07 17:00:00,75.12483904360867
2025-03-07 18:00:00,76.05959524792085
2025-03-07 19:00:00,79.50743358837403
2025-03-07 20:00:00,90.92923174130162
2025-03-07 21:00:00,79.47602552403836
2025-03-07 22:00:00,98.74298405508677
2025-03-07 23:00:00,98.33174562032629
2025-03-08 00:00:00,110.4389572175533
2025-03-08 01:00:00,112.9976594148255
2025-03-08 02:00:00,124.4124795250238
2025-03-08 03:00:00,133.3242443275562
2025-03-08 04:00:00,122.6065741436677
2025-03-08 05:00:00,125.5922635224327
2025-03-08 06:00:00,147.5749163910626
2025-03-08 07:00:00,126.8776547584088
2025-03-08 08:00:00,135.3500121959418
2025-03-08 09:00:00,134.2150408914563
2025-03-08 10:00:00,128.5843044017541
2025-03-08 11:00:00,109.269907362583
2025-03-08 12:00:00,103.7452452330996
2025-03-08 13:00:00,102.608960887101
2025-03-08 14:00:00,93.78915498330075
2025-03-08 15:00:00,87.1440611208255
2025-03-08 16:00:00,93.8197485381879
2025-03-08 17:00:00,81.00714214906891
2025-03-08 18:00:00,88.33704794276476
2025-03-08 19:00:00,83.2268117420337
2025-03-08 20:00:00,87.91790395310562
2025-03-08 21:00:00,88.22187165565924
2025-03-08 22:00:00,99.33035980303691
2025-03-08 23:00:00,99.81492347931399
2025-03-09 00:00:00,110.9899603649468
2025-03-09 01:00:00,113.3610846870178
2025-03-09 02:00:00,140.8240279022257
2025-03-09 03:00:00,144.5893639722275
2025-03-09 04:00:00,136.8352299670365
2025-03-09 05:00:00,148.4454880843809
2025-03-09 06:00:00,151.4501947983107
2025-03-09 07:00:00,141.9267045722592
2025-03-09 08:00:00,157.1757322984634
2025-03-09 09:00:00,145.465700912515
2025-03-09 10:00:00,124.9056608524696
2025-03-09 11:00:00,122.4732779096927
2025-03-09 12:00:00,118.0741127786763
2025-03-09 13:00:00,123.0219473448046
2025-03-09 14:00:00,111.4444851470266
2025-03-09 15:00:00,111.5822498338244
2025-03-09 16:00:00,107.3856110271498
2025-03-09 17:00:00,89.11022545342851
2025-03-09 18:00:00,101.6547614885301
2025-03-09 19:00:00,107.3007294295806
2025-03-09 20:00:00,101.1408807559483
2025-03-09 21:00:00,97.60775627277212
2025-03-09 22:00:00,110.5631094047008
2025-03-09 23:00:00,131.7746151412901
2025-03-10 00:00:00,127.2649335557897
2025-03-10 01:00:00,138.513695290891
2025-03-10 02:00:00,155.2061143462772
2025-03-10 03:00:00,152.7195513606979
2025-03-10 04:00:00,157.254904553328
2025-03-10 05:00:00,167.0769025341198
2025-03-10 06:00:00,178.7253637344967
2025-03-10 07:00:00,172.0896715185068
2025-03-10 08:00:00,157.5494697891173
2025-03-10 09:00:00,156.8051552777115
2025-03-10 10:00:00,150.5846748631527
2025-03-10 11:00:00,143.6282792781934
2025-03-10 12:00:00,140.0861803310826
2025-03-10 13:00:00,124.8180495171754
2025-03-10 14:00:00,118.4064669470929
2025-03-10 15:00:00,116.2321538343222
2025-03-10 16:00:00,125.933132167579
2025-03-10 17:00:00,109.3500745294692
2025-03-10 18:00:00,109.9386576115965
2025-03-10 19:00:00,107.6036893752845
2025-03-10 20:00:00,120.2781021931218
2025-03-10 21:00:00,133.5191384327592
2025-03-10 22:00:00,144.7504034461035
2025-03-10 23:00:00,138.0371348914171
2025-03-11 00:00:00,138.016685463232
2025-03-11 01:00:00,172.5154687346619
2025-03-11 02:00:00,157.766128960009
2025-03-11 03:00:00,173.0420962743264
2025-03-11 04:00:00,183.8792297198358
2025-03-11 05:00:00,180.4393297922705
2025-03-11 06:00:00,194.711453390579
2025-03-11 07:00:00,189.5969543346928
2025-03-11 08:00:00,181.3937824931328
2025-03-11 09:00:00,166.7047838185315
2025-03-11 10:00:00,156.037477690797
2025-03-11 11:00:00,147.7096717091964
2025-03-11 12:00:00,151.7551102717081
2025-03-11 13:00:00,125.0161966427817
2025-03-11 14:00:00,119.5265695082078
2025-03-11 15:00:00,123.0316111021495
2025-03-11 16:00:00,132.3200853132447
2025-03-11 17:00:00,119.2510253289017
2025-03-11 18:00:00,133.3164838995866
2025-03-11 19:00:00,115.9784737833843
2025-03-11 20:00:00,117.9023027882158
2025-03-11 21:00:00,147.5936970993464
2025-03-11 22:00:00,151.3052080511778
2025-03-11 23:00:00,155.4883884051621
2025-03-12 00:00:00,144.9355927661948
2025-03-12 01:00:00,168.7374383405204
2025-03-12 02:00:00,186.5877647682248
2025-03-12 03:00:00,173.0644797291053
2025-03-12 04:00:00,193.5667918532341
2025-03-12 05:00:00,194.3608296921152
2025-03-12 06:00:00,191.2942337295774
2025-03-12 07:00:00,185.7319848049947
2025-03-12 08:00:00,180.5781708882287
2025-03-12 09:00:00,173.8753892513812
2025-03-12 10:00:00,167.6903925702073
2025-03-12 11:00:00,143.279392139405
2025-03-12 12:00:00,151.1188020985453
2025-03-12 13:00:00,140.5376337698259
2025-03-12 14:00:00,130.0526586879349
2025-03-12 15:00:00,132.3984082175095
2025-03-12 16:00:00,128.0176175949601
2025-03-12 17:00:00,110.3081202602226
2025-03-12 18:00:00,103.5456919994648
2025-03-12 19:00:00,112.5593628434475
2025-03-12 20:00:00,129.125773590619
2025-03-12 21:00:00,131.7855653892328
2025-03-12 22:00:00,138.757084663724
2025-03-12 23:00:00,131.342387370012
2025-03-13 00:00:00,138.6143719889626
2025-03-13 01:00:00,144.8367765721025
2025-03-13 02:00:00,155.9278728843666
2025-03-13 03:00:00,154.584404960576
2025-03-13 04:00:00,148.4436914699295
2025-03-13 05:00:00,151.4699636537264
2025-03-13 06:00:00,161.6889471109483
2025-03-13 07:00:00,168.3048956496067
2025-03-13 08:00:00,175.2308421998862
2025-03-13 09:00:00,155.5760069812498
2025-03-13 10:00:00,145.7805159107325
2025-03-13 11:00:00,148.1086020991154
2025-03-13 12:00:00,143.3171464275037
2025-03-13 13:00:00,114.1928725679855
2025-03-13 14:00:00,122.1775225026687
2025-03-13 15:00:00,114.9229612218257
2025-03-13 16:00:00,112.412750721631
2025-03-13 17:00:00,97.85838234819508
2025-03-13 18:00:00,89.68986245958328
2025-03-13 19:00:00,95.057260108483
2025-03-13 20:00:00,92.86561194430912
2025-03-13 21:00:00,95.62510949867993
2025-03-13 22:00:00,109.5235102643521
2025-03-13 23:00:00,114.0660344767409
2025-03-14 00:00:00,114.6725072435562
2025-03-14 01:00:00,117.6897099461557
2025-03-14 02:00:00,143.7775737302997
2025-03-14 03:00:00,153.1437780457264
2025-03-14 04:00:00,159.3276899275826
2025-03-14 05:00:00,154.2558652921814
2025-03-14 06:00:00,150.6246764128968
2025-03-14 07:00:00,140.3098996959337
2025-03-14 08:00:00,158.4712909201248
2025-03-14 09:00:00,130.857982489428
2025-03-14 10:00:00,142.7297051086771
2025-03-14 11:00:00,123.0820152315165
2025-03-14 12:00:00,121.4413335765055
2025-03-14 13:00:00,111.6418605298953
2025-03-14 14:00:00,108.0494238799044
2025-03-14 15:00:00,93.4957641409786
2025-03-14 16:00:00,98.47553386343812
2025-03-14 17:00:00,77.90928577003841
2025-03-14 18:00:00,81.44693552163602
2025-03-14 19:00:00,81.15494448374565
2025-03-14 20:00:00,95.19098658110481
2025-03-14 21:00:00,95.94590239189837
2025-03-14 22:00:00,91.64500760070797
2025-03-14 23:00:00,102.9077466392101
2025-03-15 00:00:00,121.081033134269
2025-03-15 01:00:00,129.9751209758663
2025-03-15 02:00:00,124.515759746741
2025-03-15 03:00:00,132.8720782713639
2025-03-15 04:00:00,127.941114422126
2025-03-15 05:00:00,134.8294803577841
2025-03-15 06:00:00,148.860285167479
2025-03-15 07:00:00,137.198576118902
2025-03-15 08:00:00,151.8158677254082
2025-03-15 09:00:00,132.4645423146556
2025-03-15 10:00:00,133.6437548031014
2025-03-15 11:00:00,125.3724326511783
2025-03-15 12:00:00,115.6525368049284
2025-03-15 13:00:00,109.6232919772499
2025-03-15 14:00:00,99.40999123311082
2025-03-15 15:00:00,92.82544943564626
2025-03-15 16:00:00,82.77246372786188
2025-03-15 17:00:00,82.75854090208149
2025-03-15 18:00:00,77.80669243746532
2025-03-15 19:00:00,78.19098701597723
2025-03-15 20:00:00,94.71934633113902
2025-03-15 21:00:00,100.0204208445371
2025-03-15 22:00:00,95.306404860214
2025-03-15 23:00:00,103.5532908454591
2025-03-16 00:00:00,122.7196456899008
2025-03-16 01:00:00,126.3688223387049
2025-03-16 02:00:00,144.5262355444381
2025-03-16 03:00:00,140.29731685581
2025-03-16 04:00:00,138.4037178992353
2025-03-16 05:00:00,135.1744649028819
2025-03-16 06:00:00,163.1390259206899
2025-03-16 07:00:00,160.7239988689656
2025-03-16 08:00:00,155.4182392476864
2025-03-16 09:00:00,140.4018796056577
2025-03-16 10:00:00,129.453330331751
2025-03-16 11:00:00,122.9884770336518
2025-03-16 12:00:00,115.4179492072889
2025-03-16 13:00:00,110.37935004512
2025-03-16 14:00:00,105.7697991900108
2025-03-16 15:00:00,110.8251254585345
2025-03-16 16:00:00,107.3406197905419
2025-03-16 17:00:00,90.21047557827785
2025-03-16 18:00:00,101.5090276808271
2025-03-16 19:00:00,111.0616312903434
2025-03-16 20:00:00,112.5303036947638
2025-03-16 21:00:00,106.2570266300519
2025-03-16 22:00:00,117.3814870395814
2025-03-16 23:00:00,138.3454041484228
2025-03-17 00:00:00,149.8001735188271
2025-03-17 01:00:00,137.7586016204662
2025-03-17 02:00:00,153.8475281079729
2025-03-17 03:00:00,144.5440766011711
2025-03-17 04:00:00,161.5132414944123
2025-03-17 05:00:00,174.7235240996398
2025-03-17 06:00:00,169.5240497306837
2025-03-17 07:00:00,161.3821176633237
2025-03-17 08:00:00,158.7679840010233
2025-03-17 09:00:00,143.0459071798647
2025-03-17 10:00:00,147.439626696428
2025-03-17 11:00:00,157.2777054268247
2025-03-17 12:00:00,135.1390232157053
2025-03-17 13:00:00,137.9268876029199
2025-03-17 14:00:00,114.3164441048359
2025-03-17 15:00:00,125.4020493402732
2025-03-17 16:00:00,118.5570104969078
2025-03-17 17:00:00,113.0433059654736
2025-03-17 18:00:00,120.5681667895508
2025-03-17 19:00:00,111.3615834770106
2025-03-17 20:00:00,128.4552878881233
2025-03-17 21:00:00,126.4717820388142
2025-03-17 22:00:00,134.7328700861314
2025-03-17 23:00:00,139.0334189341187
2025-03-18 00:00:00,147.6937227410981
2025-03-18 01:00:00,155.858040688693
2025-03-18 02:00:00,159.0269486035523
2025-03-18 03:00:00,162.1775908656729
2025-03-18 04:00:00,181.9486993977625
2025-03-18 05:00:00,183.9655516711275
2025-03-18 06:00:00,178.4878488983308
2025-03-18 07:00:00,176.7007118852979
2025-03-18 08:00:00,174.5442357559842
2025-03-18 09:00:00,190.4755865100548
2025-03-18 10:00:00,163.8509211501709
2025-03-18 11:00:00,146.7685798805939
2025-03-18 12:00:00,157.5384111072158
2025-03-18 13:00:00,157.8795810805076
2025-03-18 14:00:00,137.7302955336119
2025-03-18 15:00:00,128.1425731344265
2025-03-18 16:00:00,116.616385204282
2025-03-18 17:00:00,124.1640520449056
2025-03-18 18:00:00,117.4062036606422
2025-03-18 19:00:00,121.7992022424787
2025-03-18 20:00:00,135.4331735188345
2025-03-18 21:00:00,133.7927690496884
2025-03-18 22:00:00,132.8951911700696
2025-03-18 23:00:00,136.0740729485928
2025-03-19 00:00:00,169.9760891096791
2025-03-19 01:00:00,173.2664963537358
2025-03-19 02:00:00,159.6889181352049
2025-03-19 03:00:00,168.1038210165433
2025-03-19 04:00:00,187.4508856212205
2025-03-19 05:00:00,189.2401269816218
2025-03-19 06:00:00,184.8668051340661
2025-03-19 07:00:00,175.1535764969958
2025-03-19 08:00:00,183.23464390549
2025-03-19 09:00:00,180.0772067345541
2025-03-19 10:00:00,157.8320790141093
2025-03-19 11:00:00,156.2041364124784
2025-03-19 12:00:00,160.7475072715705
2025-03-19 13:00:00,147.1720631783752
2025-03-19 14:00:00,123.9908541335778
2025-03-19 15:00:00,131.4197798678656
2025-03-19 16:00:00,115.8036907629714
2025-03-19 17:00:00,131.1382764659133
2025-03-19 18:00:00,112.919682121169
2025-03-19 19:00:00,125.4706710002053
2025-03-19 20:00:00,117.7006309384691
2025-03-19 21:00:00,110.9286266897265
2025-03-19 22:00:00,135.6265625474848
2025-03-19 23:00:00,123.9696698366522
2025-03-20 00:00:00,147.4400256996383
2025-03-20 01:00:00,157.7352387377515
2025-03-20 02:00:00,155.5948681472451
2025-03-20 03:00:00,148.0515867308106
2025-03-20 04:00:00,153.5711309473702
2025-03-20 05:00:00,171.3031079742306
2025-03-20 06:00:00,185.2222639221981
2025-03-20 07:00:00,176.5504552634449
2025-03-20 08:00:00,181.2292300094244
2025-03-20 09:00:00,154.7495320388533
2025-03-20 10:00:00,156.2117516224755
2025-03-20 11:00:00,140.5695299527847
2025-03-20 12:00:00,144.6974685047513
2025-03-20 13:00:00,136.0618375063604
2025-03-20 14:00:00,119.9803766616143
2025-03-20 15:00:00,105.432792498064
2025-03-20 16:00:00,105.7114521297767
2025-03-20 17:00:00,92.18351096273238
2025-03-20 18:00:00,96.94327213274026
2025-03-20 19:00:00,108.3267292249819
2025-03-20 20:00:00,102.1952282201544
2025-03-20 21:00:00,107.6914242113129
2025-03-20 22:00:00,113.1851432549078
2025-03-20 23:00:00,110.7235336080187
2025-03-21 00:00:00,126.2264955082396
2025-03-21 01:00:00,122.4157741200292
2025-03-21 02:00:00,140.4668623462578
2025-03-21 03:00:00,158.122804352241
2025-03-21 04:00:00,140.5822168883867
2025-03-21 05:00:00,150.6728610724073
2025-03-21 06:00:00,155.635418734722
2025-03-21 07:00:00,152.0786543265099
2025-03-21 08:00:00,161.2170723070703
2025-03-21 09:00:00,146.0312654811028
2025-03-21 10:00:00,141.3116281303446
2025-03-21 11:00:00,127.21392853686
2025-03-21 12:00:00,118.856234106434
2025-03-21 13:00:00,114.1536981682876
2025-03-21 14:00:00,102.5834525272786
2025-03-21 15:00:00,104.6368296425253
2025-03-21 16:00:00,90.57535572993254
2025-03-21 17:00:00,80.90336441897173
2025-03-21 18:00:00,89.43093573016914
2025-03-21 19:00:00,89.46984286447532
2025-03-21 20:00:00,89.80124281821229
2025-03-21 21:00:00,84.00432374893046
2025-03-21 22:00:00,94.88129537389165
2025-03-21 23:00:00,106.1497585284246
2025-03-22 00:00:00,116.6245325777507
2025-03-22 01:00:00,110.6810588686136
2025-03-22 02:00:00,123.7574337311825
2025-03-22 03:00:00,146.2508185317067
2025-03-22 04:00:00,139.6710343711742
2025-03-22 05:00:00,151.2181722064068
2025-03-22 06:00:00,149.4357728368623
2025-03-22 07:00:00,157.9174834098187
2025-03-22 08:00:00,149.5471180147707
2025-03-22 09:00:00,125.5296377236726
2025-03-22 10:00:00,144.0670570504367
2025-03-22 11:00:00,121.8821589183009
2025-03-22 12:00:00,105.3581181593883
2025-03-22 13:00:00,106.7395997438404
2025-03-22 14:00:00,110.0414402456562
2025-03-22 15:00:00,91.01723001837442
2025-03-22 16:00:00,92.56176906101695
2025-03-22 17:00:00,80.34753941061606
2025-03-22 18:00:00,92.87202248414165
2025-03-22 19:00:00,87.56185519940809
2025-03-22 20:00:00,104.069470441578
2025-03-22 21:00:00,107.7614714476892
2025-03-22 22:00:00,111.4525499370237
2025-03-22 23:00:00,106.7157443653808
2025-03-23 00:00:00,130.9805456741846
2025-03-23 01:00:00,123.9809750795381
2025-03-23 02:00:00,144.4561440599875
2025-03-23 03:00:00,159.0640751919967
2025-03-23 04:00:00,151.136405848309
2025-03-23 05:00:00,163.03695411573
2025-03-23 06:00:00,165.0535317140574
2025-03-23 07:00:00,162.7060630947194
2025-03-23 08:00:00,137.3976970382829
2025-03-23 09:00:00,147.9094906974226
2025-03-23 10:00:00,152.3505718619816
2025-03-23 11:00:00,134.4179666511998
2025-03-23 12:00:00,127.1171604176959
2025-03-23 13:00:00,108.1804598379372
2025-03-23 14:00:00,114.0806291003319
2025-03-23 15:00:00,105.8344075369745
2025-03-23 16:00:00,112.5138955099542
2025-03-23 17:00:00,110.2794495737622
2025-03-23 18:00:00,113.6433175148045
2025-03-23 19:00:00,104.7674655267427
2025-03-23 20:00:00,111.1324763745791
2025-03-23 21:00:00,124.8266109081861
2025-03-23 22:00:00,123.2941182479316
2025-03-23 23:00:00,135.8719328768925
2025-03-24 00:00:00,137.4114374041142
2025-03-24 01:00:00,148.0025243407253
2025-03-24 02:00:00,147.2929626534325
2025-03-24 03:00:00,174.2903282271604
2025-03-24 04:00:00,180.446615092747
2025-03-24 05:00:00,155.5819386460822
2025-03-24 06:00:00,187.8282747403796
2025-03-24 07:00:00,180.9002260001984
2025-03-24 08:00:00,185.5102198391591
2025-03-24 09:00:00,164.7734904683078
2025-03-24 10:00:00,167.9921406509437
2025-03-24 11:00:00,151.0359581807683
2025-03-24 12:00:00,155.2604416880834
2025-03-24 13:00:00,131.5640275123726
2025-03-24 14:00:00,140.60301424923
2025-03-24 15:00:00,132.4379812419819
2025-03-24 16:00:00,125.5245966858641
2025-03-24 17:00:00,114.2013508521484
2025-03-24 18:00:00,117.4999599393146
2025-03-24 19:00:00,126.0810955374187
2025-03-24 20:00:00,126.0404453164853
2025-03-24 21:00:00,124.2457481316918
2025-03-24 22:00:00,134.0381679965156
2025-03-24 23:00:00,143.5162830279149
2025-03-25 00:00:00,156.5718820523321
2025-03-25 01:00:00,151.7159802352178
2025-03-25 02:00:00,170.6419732749507
2025-03-25 03:00:00,174.7942916961362
2025-03-25 04:00:00,192.587418739877
2025-03-25 05:00:00,176.0075469626809
2025-03-25 06:00:00,190.8145662820952
2025-03-25 07:00:00,192.9824319035592
2025-03-25 08:00:00,177.7199294916682
2025-03-25 09:00:00,193.351804440343
2025-03-25 10:00:00,157.904546076264
2025-03-25 11:00:00,163.5019486227652
2025-03-25 12:00:00,150.4554802607537
2025-03-25 13:00:00,151.7899634663245
2025-03-25 14:00:00,141.1096407531709
2025-03-25 15:00:00,142.5655309998371
2025-03-25 16:00:00,141.2168760150095
2025-03-25 17:00:00,119.2623828581435
2025-03-25 18:00:00,127.5348389036714
2025-03-25 19:00:00,129.1660260246042
2025-03-25 20:00:00,126.8964223343608
2025-03-25 21:00:00,143.4223870880905
2025-03-25 22:00:00,143.3658496309271
2025-03-25 23:00:00,138.6192724153365
2025-03-26 00:00:00,142.2146192641206
2025-03-26 01:00:00,175.8619462231147
2025-03-26 02:00:00,176.1217776103453
2025-03-26 03:00:00,175.1886564163591
2025-03-26 04:00:00,176.2909202812937
2025-03-26 05:00:00,190.0257301080011
2025-03-26 06:00:00,189.6180083071308
2025-03-26 07:00:00,172.805501478622
2025-03-26 08:00:00,164.0880229914059
2025-03-26 09:00:00,163.7032422981123
2025-03-26 10:00:00,161.4895463085393
2025-03-26 11:00:00,162.6164265774906
2025-03-26 12:00:00,141.78620665472
2025-03-26 13:00:00,144.9097245000609
2025-03-26 14:00:00,133.0854356142377
2025-03-26 15:00:00,123.2860246419199
2025-03-26 16:00:00,115.190766688658
2025-03-26 17:00:00,122.9205158954139
2025-03-26 18:00:00,118.9541018123385
2025-03-26 19:00:00,129.3922286042327
2025-03-26 20:00:00,126.505091086037
2025-03-26 21:00:00,125.2580563919323
2025-03-26 22:00:00,126.9043893155992
2025-03-26 23:00:00,134.7492044146651
2025-03-27 00:00:00,135.5408705129763
2025-03-27 01:00:00,159.5938300721763
2025-03-27 02:00:00,172.466501430852
2025-03-27 03:00:00,152.7143184947649
2025-03-27 04:00:00,160.4368314976055
2025-03-27 05:00:00,154.6824000030596
2025-03-27 06:00:00,157.665523483948
2025-03-27 07:00:00,160.1637299002082
2025-03-27 08:00:00,174.3097047341434
2025-03-27 09:00:00,149.9262186864158
2025-03-27 10:00:00,158.8889682505821
2025-03-27 11:00:00,150.1856884162101
2025-03-27 12:00:00,128.3441331262947
2025-03-27 13:00:00,120.7928969480251
2025-03-27 14:00:00,106.4059437716964
2025-03-27 15:00:00,110.7835083163107
2025-03-27 16:00:00,100.4906253506065
2025-03-27 17:00:00,103.6222498162183
2025-03-27 18:00:00,104.1514217678431
2025-03-27 19:00:00,113.2559525915792
2025-03-27 20:00:00,114.7152210639711
2025-03-27 21:00:00,110.0866639742328
2025-03-27 22:00:00,129.4408884942032
2025-03-27 23:00:00,136.6853146028537
2025-03-28 00:00:00,141.8268310674705
2025-03-28 01:00:00,128.9996402423801
2025-03-28 02:00:00,154.296226749322
2025-03-28 03:00:00,151.1223513544417
2025-03-28 04:00:00,151.2445629212585
2025-03-28 05:00:00,147.0189812329533
2025-03-28 06:00:00,145.8832788389725
2025-03-28 07:00:00,161.513779113088
2025-03-28 08:00:00,135.1882228372922
2025-03-28 09:00:00,137.9389796400247
2025-03-28 10:00:00,134.4776496030638
2025-03-28 11:00:00,139.0257435606603
2025-03-28 12:00:00,111.4752815412546
2025-03-28 13:00:00,116.1483820125657
2025-03-28 14:00:00,108.7010998567785
2025-03-28 15:00:00,105.0663021180815
2025-03-28 16:00:00,88.9499190928662
2025-03-28 17:00:00,99.00361382983401
2025-03-28 18:00:00,85.99515862720891
2025-03-28 19:00:00,86.83413782284998
2025-03-28 20:00:00,94.43203476540971
2025-03-28 21:00:00,95.24421478417017
2025-03-28 22:00:00,92.69061265040071
2025-03-28 23:00:00,114.6776475227149
2025-03-29 00:00:00,116.534332290836
2025-03-29 01:00:00,120.6324113259719
2025-03-29 02:00:00,136.3556692958116
2025-03-29 03:00:00,144.1918460036626
2025-03-29 04:00:00,139.387705398726
2025-03-29 05:00:00,134.8669948943747
2025-03-29 06:00:00,139.4279653200188
2025-03-29 07:00:00,147.6684154145934
2025-03-29 08:00:00,150.8349381991437
2025-03-29 09:00:00,150.1160570325112
2025-03-29 10:00:00,127.9274932041781
2025-03-29 11:00:00,126.3090227781714
2025-03-29 12:00:00,113.552313407645
2025-03-29 13:00:00,124.3067466151611
2025-03-29 14:00:00,98.27825894131529
2025-03-29 15:00:00,94.20276625167647
2025-03-29 16:00:00,103.8037481153797
2025-03-29 17:00:00,93.53974359452216
2025-03-29 18:00:00,85.97997752072827
2025-03-29 19:00:00,87.63942243530447
2025-03-29 20:00:00,91.4818232565396
2025-03-29 21:00:00,101.903310128378
2025-03-29 22:00:00,117.0529457726896
2025-03-29 23:00:00,112.6967183551006
2025-03-30 00:00:00,119.9299125315687
2025-03-30 01:00:00,128.8633773930882
2025-03-30 02:00:00,131.4506096509176
2025-03-30 03:00:00,157.9332666449195
2025-03-30 04:00:00,140.9714067300698
2025-03-30 05:00:00,159.5146835561242
2025-03-30 06:00:00,147.0263891900782
2025-03-30 07:00:00,150.8811488807129
2025-03-30 08:00:00,149.1783517223842
2025-03-30 09:00:00,139.6076898850733
2025-03-30 10:00:00,136.8196485752278
2025-03-30 11:00:00,137.5050206207531
2025-03-30 12:00:00,128.7992611034618
2025-03-30 13:00:00,115.2859966705196
2025-03-30 14:00:00,114.5790801979506
2025-03-30 15:00:00,117.8148822477161
2025-03-30 16:00:00,100.9400767865023
2025-03-30 17:00:00,113.5224085831365
2025-03-30 18:00:00,108.7321604413831
2025-03-30 19:00:00,101.6122944414799
2025-03-30 20:00:00,114.2030913481013
2025-03-30 21:00:00,128.8373778355097
2025-03-30 22:00:00,122.9541081244205
2025-03-30 23:00:00,136.1027625229395
2025-03-31 00:00:00,140.9670477621298
2025-03-31 01:00:00,137.9558785500459
2025-03-31 02:00:00,175.2406201912159
2025-03-31 03:00:00,154.5431024941871
2025-03-31 04:00:00,177.838203080284
2025-03-31 05:00:00,160.8914545213661
2025-03-31 06:00:00,177.5206884930121
2025-03-31 07:00:00,186.8949334940343
2025-03-31 08:00:00,160.5714690752407
2025-03-31 09:00:00,181.2830886589036
2025-03-31 10:00:00,149.3676285506129
2025-03-31 11:00:00,143.4514285792349
2025-03-31 12:00:00,153.8924290332469
2025-03-31 13:00:00,131.9980985011635
2025-03-31 14:00:00,119.6911073994888
2025-03-31 15:00:00,134.0037335945433
2025-03-31 16:00:00,122.6876703958327
2025-03-31 17:00:00,114.7749578584735
2025-03-31 18:00:00,129.2787648131559
2025-03-31 19:00:00,127.7514358960151
2025-03-31 20:00:00,128.4690416087947
2025-03-31 21:00:00,136.1139909797334
2025-03-31 22:00:00,148.7931024601927
2025-03-31 23:00:00,152.8592751179719
2025-04-01 00:00:00,156.3294691212486
2025-04-01 01:00:00,176.0404697934018
2025-04-01 02:00:00,173.2006156416146
2025-04-01 03:00:00,163.3950560929933
2025-04-01 04:00:00,176.3013365459994
2025-04-01 05:00:00,192.0485935492401
2025-04-01 06:00:00,182.0357947501694
2025-04-01 07:00:00,201.2273151068345
2025-04-01 08:00:00,174.7147175899791
2025-04-01 09:00:00,183.1468541254922
2025-04-01 10:00:00,189.0461050208116
2025-04-01 11:00:00,154.0376549404762
2025-04-01 12:00:00,165.1375181387888
2025-04-01 13:00:00,159.9936315513075
2025-04-01 14:00:00,129.7697014875782
2025-04-01 15:00:00,132.9994362155597
2025-04-01 16:00:00,130.139453251288
2025-04-01 17:00:00,122.3413612848115
2025-04-01 18:00:00,125.2932927934189
2025-04-01 19:00:00,136.7498644211789
2025-04-01 20:00:00,128.0000646982708
2025-04-01 21:00:00,139.8358119437798
2025-04-01 22:00:00,145.6954461160542
2025-04-01 23:00:00,143.2601759362176
2025-04-02 00:00:00,143.4037111410526
2025-04-02 01:00:00,180.264728381298
2025-04-02 02:00:00,189.7480837984191
2025-04-02 03:00:00,186.3141204816467
2025-04-02 04:00:00,190.6865402467087
2025-04-02 05:00:00,168.133789214643
2025-04-02 06:00:00,200.9071953358971
2025-04-02 07:00:00,194.0551359540585
2025-04-02 08:00:00,191.2216579458406
2025-04-02 09:00:00,181.8130019550171
2025-04-02 10:00:00,168.5891850903403
2025-04-02 11:00:00,157.4097402532614
2025-04-02 12:00:00,163.9647116304265
2025-04-02 13:00:00,159.0315393022075
2025-04-02 14:00:00,143.0528360356037
2025-04-02 15:00:00,145.6261190365663
2025-04-02 16:00:00,126.8366391439329
2025-04-02 17:00:00,120.1541730768699
2025-04-02 18:00:00,125.4869277340118
2025-04-02 19:00:00,128.7422083895823
2025-04-02 20:00:00,112.0935817900906
2025-04-02 21:00:00,134.0059337489599
2025-04-02 22:00:00,139.5298749201023
2025-04-02 23:00:00,146.1182933434821
2025-04-03 00:00:00,129.7113383143115
2025-04-03 01:00:00,138.8851177074635
2025-04-03 02:00:00,143.8630207303908
2025-04-03 03:00:00,146.0976177772108
2025-04-03 04:00:00,156.2908258906057
2025-04-03 05:00:00,160.1731259529287
2025-04-03 06:00:00,184.1364909634725
2025-04-03 07:00:00,186.9013436518987
2025-04-03 08:00:00,159.0941722017309
2025-04-03 09:00:00,150.4556591857174
2025-04-03 10:00:00,154.8035598890467
2025-04-03 11:00:00,152.7630749319098
2025-04-03 12:00:00,138.7669158057813
2025-04-03 13:00:00,122.4520044382133
2025-04-03 14:00:00,115.2738743242186
2025-04-03 15:00:00,129.4394592090474
2025-04-03 16:00:00,122.5198081550051
2025-04-03 17:00:00,109.8695005554589
2025-04-03 18:00:00,94.96056897412154
2025-04-03 19:00:00,101.3337136466389
2025-04-03 20:00:00,107.0766371198488
2025-04-03 21:00:00,112.553537373319
2025-04-03 22:00:00,119.9892502392295
2025-04-03 23:00:00,117.5053901046726
2025-04-04 00:00:00,114.3441453567596
2025-04-04 01:00:00,126.9284031526909
2025-04-04 02:00:00,147.9159501222102
2025-04-04 03:00:00,156.4251418859107
2025-04-04 04:00:00,146.1752720488826
2025-04-04 05:00:00,143.8259116387665
2025-04-04 06:00:00,153.3730138650978
2025-04-04 07:00:00,148.5998155617756
2025-04-04 08:00:00,144.3853401257458
2025-04-04 09:00:00,141.5865637180203
2025-04-04 10:00:00,144.7909808572363
2025-04-04 11:00:00,120.2768688919968
2025-04-04 12:00:00,130.623087440439
2025-04-04 13:00:00,110.9657203579241
2025-04-04 14:00:00,100.8367079404518
2025-04-04 15:00:00,99.49057233737447
2025-04-04 16:00:00,98.82198596102151
2025-04-04 17:00:00,87.27703346742443
2025-04-04 18:00:00,87.61786195776631
2025-04-04 19:00:00,92.4415775934373
2025-04-04 20:00:00,103.1954615467695
2025-04-04 21:00:00,107.5067464704805
2025-04-04 22:00:00,116.7291300410675
2025-04-04 23:00:00,125.6084573963455
2025-04-05 00:00:00,133.7342672576705
2025-04-05 01:00:00,116.9616409085684
2025-04-05 02:00:00,144.3756319578919
2025-04-05 03:00:00,151.7953819017215
2025-04-05 04:00:00,135.0949126482898
2025-04-05 05:00:00,132.9508620984678
2025-04-05 06:00:00,139.0991245521047
2025-04-05 07:00:00,136.6795245156221
2025-04-05 08:00:00,153.2824414520297
2025-04-05 09:00:00,126.5524263076051
2025-04-05 10:00:00,145.2696892933743
2025-04-05 11:00:00,135.4154212304649
2025-04-05 12:00:00,128.1303245373937
2025-04-05 13:00:00,105.9448182761262
2025-04-05 14:00:00,113.0605522365229
2025-04-05 15:00:00,97.15960059977824
2025-04-05 16:00:00,103.7181066015373
2025-04-05 17:00:00,86.25804646220814
2025-04-05 18:00:00,83.03872631544624
2025-04-05 19:00:00,83.24868580854923
2025-04-05 20:00:00,99.36071541883477
2025-04-05 21:00:00,104.4655278177975
2025-04-05 22:00:00,107.7053439898148
2025-04-05 23:00:00,102.4011894697429
2025-04-06 00:00:00,126.386883432645
2025-04-06 01:00:00,123.623788087078
2025-04-06 02:00:00,120.9970257817278
2025-04-06 03:00:00,134.747049256796
2025-04-06 04:00:00,150.1935781260281
2025-04-06 05:00:00,158.0209415422279
2025-04-06 06:00:00,154.7603029783733
2025-04-06 07:00:00,143.34507422697
2025-04-06 08:00:00,163.5159745685355
2025-04-06 09:00:00,154.6275162719335
2025-04-06 10:00:00,160.9581290147267
2025-04-06 11:00:00,133.4790401030476
2025-04-06 12:00:00,122.6322952981785
2025-04-06 13:00:00,119.5064207018979
2025-04-06 14:00:00,130.3550297777636
2025-04-06 15:00:00,119.3528491032068
2025-04-06 16:00:00,104.1322228820897
2025-04-06 17:00:00,112.226639320659
2025-04-06 18:00:00,112.395692303344
2025-04-06 19:00:00,109.4615989947858
2025-04-06 20:00:00,102.6431090684757
2025-04-06 21:00:00,107.434046542603
2025-04-06 22:00:00,121.560864882503
2025-04-06 23:00:00,122.2154652686455
2025-04-07 00:00:00,117.702463435901
2025-04-07 01:00:00,137.1411504457774
2025-04-07 02:00:00,159.2749693740678
2025-04-07 03:00:00,153.0233629738759
2025-04-07 04:00:00,163.2203830933017
2025-04-07 05:00:00,174.0918865760843
2025-04-07 06:00:00,187.133985695068
2025-04-07 07:00:00,183.1546543652336
2025-04-07 08:00:00,187.8431407561924
2025-04-07 09:00:00,174.7191062448727
2025-04-07 10:00:00,166.7082229825287
2025-04-07 11:00:00,146.3639305427172
2025-04-07 12:00:00,160.0489054371164
2025-04-07 13:00:00,134.5766153120956
2025-04-07 14:00:00,148.8167790160144
2025-04-07 15:00:00,138.8726507605762
2025-04-07 16:00:00,130.7483447018009
2025-04-07 17:00:00,128.0720799920198
2025-04-07 18:00:00,126.6992170431399
2025-04-07 19:00:00,127.1235478821552
2025-04-07 20:00:00,133.0337232879644
2025-04-07 21:00:00,123.3845371373143
2025-04-07 22:00:00,123.9047687731807
2025-04-07 23:00:00,134.7059711553986
2025-04-08 00:00:00,162.1522846867782
2025-04-08 01:00:00,150.8220374961418
2025-04-08 02:00:00,161.0156542593504
2025-04-08 03:00:00,189.0928171157069
2025-04-08 04:00:00,180.8984861388269
2025-04-08 05:00:00,198.1341527727836
2025-04-08 06:00:00,177.358238907562
2025-04-08 07:00:00,176.5642963708031
2025-04-08 08:00:00,198.1848119173469
2025-04-08 09:00:00,160.8531497381887
2025-04-08 10:00:00,159.46560363815
2025-04-08 11:00:00,181.0643148708751
2025-04-08 12:00:00,158.3247235622831
2025-04-08 13:00:00,163.1825734704196
2025-04-08 14:00:00,133.0139816672281
2025-04-08 15:00:00,139.8203987035874
2025-04-08 16:00:00,124.874448334809
2025-04-08 17:00:00,135.0299613594886
2025-04-08 18:00:00,130.6461988168205
2025-04-08 19:00:00,119.7603703523188
2025-04-08 20:00:00,119.480808648169
2025-04-08 21:00:00,141.2460855817462
2025-04-08 22:00:00,141.1642546270751
2025-04-08 23:00:00,149.1686924244422
2025-04-09 00:00:00,142.9652967791579
2025-04-09 01:00:00,175.2810788151793
2025-04-09 02:00:00,179.6115106425991
2025-04-09 03:00:00,162.903719307589
2025-04-09 04:00:00,192.3071114133983
2025-04-09 05:00:00,199.4666717831963
2025-04-09 06:00:00,182.2763903561067
2025-04-09 07:00:00,199.9899052367279
2025-04-09 08:00:00,199.2654247897979
2025-04-09 09:00:00,189.730145759544
2025-04-09 10:00:00,154.5928415645489
2025-04-09 11:00:00,155.1763135273804
2025-04-09 12:00:00,147.5342257892914
2025-04-09 13:00:00,157.6050290885156
2025-04-09 14:00:00,148.7370342142178
2025-04-09 15:00:00,136.6550745362025
2025-04-09 16:00:00,118.7020456571755
2025-04-09 17:00:00,121.006520792161
2025-04-09 18:00:00,119.244824113945
2025-04-09 19:00:00,113.649698752105
2025-04-09 20:00:00,109.6803358498328
2025-04-09 21:00:00,126.4030023715005
2025-04-09 22:00:00,115.02637130613
2025-04-09 23:00:00,122.1933401687869
2025-04-10 00:00:00,133.4340049536274
2025-04-10 01:00:00,139.2718281145746
2025-04-10 02:00:00,168.1159530931181
2025-04-10 03:00:00,175.19435214778
2025-04-10 04:00:00,172.418615732819
2025-04-10 05:00:00,170.2800679628363
2025-04-10 06:00:00,167.1759655712812
2025-04-10 07:00:00,158.1772646538437
2025-04-10 08:00:00,153.3138921934021
2025-04-10 09:00:00,149.6771589391008
2025-04-10 10:00:00,144.7661869865539
2025-04-10 11:00:00,141.5629832125961
2025-04-10 12:00:00,140.7707879014183
2025-04-10 13:00:00,128.1777959421148
2025-04-10 14:00:00,133.0720351423052
2025-04-10 15:00:00,110.9115728407376
2025-04-10 16:00:00,105.5670777872483
2025-04-10 17:00:00,99.1235897760415
2025-04-10 18:00:00,112.4458449945174
2025-04-10 19:00:00,92.98931141667029
2025-04-10 20:00:00,99.8761090910262
2025-04-10 21:00:00,98.49170232866989
2025-04-10 22:00:00,121.1814134729525
2025-04-10 23:00:00,107.5571002706135
2025-04-11 00:00:00,111.8330660970687
2025-04-11 01:00:00,127.0369609931557
2025-04-11 02:00:00,129.4269522373099
2025-04-11 03:00:00,158.5591111472825
2025-04-11 04:00:00,160.8319983830714
2025-04-11 05:00:00,142.4015243732129
2025-04-11 06:00:00,140.6409050968532
2025-04-11 07:00:00,153.1377696044838
2025-04-11 08:00:00,147.5142435909708
2025-04-11 09:00:00,146.3813229850655
2025-04-11 10:00:00,125.7320375331794
2025-04-11 11:00:00,116.8517109507385
2025-04-11 12:00:00,124.4318712852388
2025-04-11 13:00:00,102.4105009908092
2025-04-11 14:00:00,99.87676032862865
2025-04-11 15:00:00,94.18870525599013
2025-04-11 16:00:00,95.2521514306554
2025-04-11 17:00:00,84.08404910344204
2025-04-11 18:00:00,82.61944329371781
2025-04-11 19:00:00,92.16224804342096
2025-04-11 20:00:00,84.78477915496065
2025-04-11 21:00:00,92.32564396876613
2025-04-11 22:00:00,103.5359598588787
2025-04-11 23:00:00,124.8722925423681
2025-04-12 00:00:00,111.5309613355347
2025-04-12 01:00:00,121.1254029178361
2025-04-12 02:00:00,129.5123931005294
2025-04-12 03:00:00,135.7614245813454
2025-04-12 04:00:00,146.3418773903853
2025-04-12 05:00:00,132.3369598548125
2025-04-12 06:00:00,137.665001803936
2025-04-12 07:00:00,142.9273096575896
2025-04-12 08:00:00,147.155247069091
2025-04-12 09:00:00,131.4629297000648
2025-04-12 10:00:00,120.4900093664361
2025-04-12 11:00:00,112.8452004294023
2025-04-12 12:00:00,113.3516358273352
2025-04-12 13:00:00,103.6912572143668
2025-04-12 14:00:00,102.0473393834629
2025-04-12 15:00:00,99.7357931977446
2025-04-12 16:00:00,91.0487987466855
2025-04-12 17:00:00,92.87179535326217
2025-04-12 18:00:00,83.82607045875356
2025-04-12 19:00:00,89.0698447159963
2025-04-12 20:00:00,86.05036308848779
2025-04-12 21:00:00,104.6974438530931
2025-04-12 22:00:00,107.6456531477856
2025-04-12 23:00:00,113.3688565766036
2025-04-13 00:00:00,122.4913656695664
2025-04-13 01:00:00,143.3046279880859
2025-04-13 02:00:00,126.2796953576633
2025-04-13 03:00:00,132.2742534826681
2025-04-13 04:00:00,142.0123164746198
2025-04-13 05:00:00,135.6593141399935
2025-04-13 06:00:00,164.0509489329256
2025-04-13 07:00:00,152.7479216468913
2025-04-13 08:00:00,153.5547181139745
2025-04-13 09:00:00,157.6396839789298
2025-04-13 10:00:00,142.8490581512854
2025-04-13 11:00:00,129.3982741012145
2025-04-13 12:00:00,134.5259212822686
2025-04-13 13:00:00,114.1442081317219
2025-04-13 14:00:00,109.9714800350887
2025-04-13 15:00:00,101.7092697465411
2025-04-13 16:00:00,95.70571945312379
2025-04-13 17:00:00,95.43536918399221
2025-04-13 18:00:00,107.3564724432412
2025-04-13 19:00:00,108.7958153083223
2025-04-13 20:00:00,103.7714182972541
2025-04-13 21:00:00,99.82308118453787
2025-04-13 22:00:00,107.5083284636544
2025-04-13 23:00:00,134.5195309749085
2025-04-14 00:00:00,133.0479860700327
2025-04-14 01:00:00,139.1673546054525
2025-04-14 02:00:00,134.7213494916075
2025-04-14 03:00:00,169.1331082463002
2025-04-14 04:00:00,144.784857911217
2025-04-14 05:00:00,152.3419824395102
2025-04-14 06:00:00,183.5984785638776
2025-04-14 07:00:00,183.778080123215
2025-04-14 08:00:00,172.381548362159
2025-04-14 09:00:00,165.2355697943755
2025-04-14 10:00:00,160.7531345920841
2025-04-14 11:00:00,138.7811089382503
2025-04-14 12:00:00,132.3196384312197
2025-04-14 13:00:00,139.0615171689919
2025-04-14 14:00:00,123.7243544741365
2025-04-14 15:00:00,122.0408900708886
2025-04-14 16:00:00,120.4515738782616
2025-04-14 17:00:00,128.0277738280482
2025-04-14 18:00:00,110.8442027084405
2025-04-14 19:00:00,115.2190662001478
2025-04-14 20:00:00,110.3534044712916
2025-04-14 21:00:00,120.4250682048781
2025-04-14 22:00:00,127.8947032509556
2025-04-14 23:00:00,129.9823462425324
2025-04-15 00:00:00,138.7897533129283
2025-04-15 01:00:00,140.585365497794
2025-04-15 02:00:00,155.9462310671457
2025-04-15 03:00:00,175.6537668873301
2025-04-15 04:00:00,158.2449310440022
2025-04-15 05:00:00,162.006006333373
2025-04-15 06:00:00,171.5625571724129
2025-04-15 07:00:00,195.7806058138461
2025-04-15 08:00:00,193.6381369964928
2025-04-15 09:00:00,175.2598618493639
2025-04-15 10:00:00,156.3966492710677
2025-04-15 11:00:00,165.9221163855217
2025-04-15 12:00:00,171.8910931037622
2025-04-15 13:00:00,139.8721800648392
2025-04-15 14:00:00,146.0429307470962
2025-04-15 15:00:00,148.5668565432099
2025-04-15 16:00:00,138.9700240186725
2025-04-15 17:00:00,118.8684502396754
2025-04-15 18:00:00,133.3734087679414
2025-04-15 19:00:00,132.6602076474895
2025-04-15 20:00:00,127.2770286848271
2025-04-15 21:00:00,118.6757906076738
2025-04-15 22:00:00,129.940604170725
2025-04-15 23:00:00,127.2869881032403
2025-04-16 00:00:00,154.4810407899222
2025-04-16 01:00:00,171.4265918897483
2025-04-16 02:00:00,169.2619909993171
2025-04-16 03:00:00,180.4240514150444
2025-04-16 04:00:00,184.4118774151951
2025-04-16 05:00:00,164.5842763359967
2025-04-16 06:00:00,199.4535102319026
2025-04-16 07:00:00,186.2435102543912
2025-04-16 08:00:00,192.954106897347
2025-04-16 09:00:00,186.0523364109109
2025-04-16 10:00:00,179.856093700475
2025-04-16 11:00:00,171.6999373347659
2025-04-16 12:00:00,145.7666975406551
2025-04-16 13:00:00,147.4825316102461
2025-04-16 14:00:00,121.5854142745443
2025-04-16 15:00:00,119.5590487121947
2025-04-16 16:00:00,128.715191275821
2025-04-16 17:00:00,127.2905911302635
2025-04-16 18:00:00,112.3885230964049
2025-04-16 19:00:00,115.6893462818462
2025-04-16 20:00:00,121.6363590197229
2025-04-16 21:00:00,132.4876418280993
2025-04-16 22:00:00,140.9227259639504
2025-04-16 23:00:00,132.8642507547197
2025-04-17 00:00:00,159.1468824577611
2025-04-17 01:00:00,155.2561317641592
2025-04-17 02:00:00,149.9561866995476
2025-04-17 03:00:00,174.1316976856188
2025-04-17 04:00:00,181.0458311052206
2025-04-17 05:00:00,178.8088912177212
2025-04-17 06:00:00,184.4302869803997
2025-04-17 07:00:00,180.0996237755752
2025-04-17 08:00:00,174.7374591749323
2025-04-17 09:00:00,161.5143545993125
2025-04-17 10:00:00,154.6267951661593
2025-04-17 11:00:00,134.5225923774245
2025-04-17 12:00:00,132.2870076410728
2025-04-17 13:00:00,130.7406301804672
2025-04-17 14:00:00,114.9767465871436
2025-04-17 15:00:00,123.4143320199447
2025-04-17 16:00:00,104.6550081776702
2025-04-17 17:00:00,103.4243840334082
2025-04-17 18:00:00,109.4605576777271
2025-04-17 19:00:00,93.82445794937478
2025-04-17 20:00:00,102.7384199293869
2025-04-17 21:00:00,106.7063983428453
2025-04-17 22:00:00,113.5766086056947
2025-04-17 23:00:00,108.9882579786781
2025-04-18 00:00:00,124.431567798321
2025-04-18 01:00:00,127.9189989151413
2025-04-18 02:00:00,123.8817916313435
2025-04-18 03:00:00,128.1243181763465
2025-04-18 04:00:00,158.205152215459
2025-04-18 05:00:00,149.3892803569662
2025-04-18 06:00:00,148.3845179745813
2025-04-18 07:00:00,158.8548104528002
2025-04-18 08:00:00,158.1929477075828
2025-04-18 09:00:00,135.2096007419478
2025-04-18 10:00:00,136.4565224117573
2025-04-18 11:00:00,122.3085955383556
2025-04-18 12:00:00,129.7318168666384
2025-04-18 13:00:00,105.1839639766615
2025-04-18 14:00:00,104.6731929681174
2025-04-18 15:00:00,85.38781699955122
2025-04-18 16:00:00,90.71798238759604
2025-04-18 17:00:00,93.17022268790876
2025-04-18 18:00:00,84.32280169618657
2025-04-18 19:00:00,94.62223853483567
2025-04-18 20:00:00,97.80712791872054
2025-04-18 21:00:00,104.6016943761266
2025-04-18 22:00:00,106.4752125484937
2025-04-18 23:00:00,112.2471617743337
2025-04-19 00:00:00,119.8960514267434
2025-04-19 01:00:00,126.1076106671692
2025-04-19 02:00:00,143.2863219802654
2025-04-19 03:00:00,128.1589185703824
2025-04-19 04:00:00,133.074241621972
2025-04-19 05:00:00,132.9128006433255
2025-04-19 06:00:00,128.5363742933577
2025-04-19 07:00:00,137.8951240526955
2025-04-19 08:00:00,142.133292673381
2025-04-19 09:00:00,139.8662492997342
2025-04-19 10:00:00,113.6055135091114
2025-04-19 11:00:00,105.6148523861878
2025-04-19 12:00:00,113.1925251384828
2025-04-19 13:00:00,97.21529733598149
2025-04-19 14:00:00,98.7919194300904
2025-04-19 15:00:00,94.92129002679475
2025-04-19 16:00:00,87.62531574325328
2025-04-19 17:00:00,87.47412023608322
2025-04-19 18:00:00,85.55913846881307
2025-04-19 19:00:00,81.37344264300785
2025-04-19 20:00:00,91.03212534264264
2025-04-19 21:00:00,101.0379221246459
2025-04-19 22:00:00,98.45554731147891
2025-04-19 23:00:00,102.5182903017616
2025-04-20 00:00:00,126.0501249278816
2025-04-20 01:00:00,121.0527679066045
2025-04-20 02:00:00,131.6713749769506
2025-04-20 03:00:00,148.6736320397509
2025-04-20 04:00:00,148.2580556284063
2025-04-20 05:00:00,147.7465607335474
2025-04-20 06:00:00,148.3140190856695
2025-04-20 07:00:00,138.793632949116
2025-04-20 08:00:00,144.6587655864948
2025-04-20 09:00:00,152.7190478631317
2025-04-20 10:00:00,124.87608202989
2025-04-20 11:00:00,142.5671147089392
2025-04-20 12:00:00,129.4247253360955
2025-04-20 13:00:00,116.6752191880803
2025-04-20 14:00:00,117.9860000427321
2025-04-20 15:00:00,93.09722475654652
2025-04-20 16:00:00,102.9022885152515
2025-04-20 17:00:00,96.95129954700535
2025-04-20 18:00:00,90.94928246436503
2025-04-20 19:00:00,88.47555613125498
2025-04-20 20:00:00,98.09312717500156
2025-04-20 21:00:00,113.3758710147513
2025-04-20 22:00:00,104.3054719959598
2025-04-20 23:00:00,126.4365850602969
2025-04-21 00:00:00,136.5086093580264
2025-04-21 01:00:00,125.3277526890445
2025-04-21 02:00:00,156.265011770402
2025-04-21 03:00:00,145.812511466047
2025-04-21 04:00:00,161.1267197750677
2025-04-21 05:00:00,158.3053755605522
2025-04-21 06:00:00,152.7145975972906
2025-04-21 07:00:00,163.4588138062495
2025-04-21 08:00:00,172.6720097883536
2025-04-21 09:00:00,161.1361612920207
2025-04-21 10:00:00,165.6664533771191
2025-04-21 11:00:00,147.6936888219342
2025-04-21 12:00:00,148.5541695315523
2025-04-21 13:00:00,121.3646922647942
2025-04-21 14:00:00,131.5727588560207
2025-04-21 15:00:00,112.6017732702518
2025-04-21 16:00:00,123.2425106858676
2025-04-21 17:00:00,119.5921536143037
2025-04-21 18:00:00,110.2248315940117
2025-04-21 19:00:00,109.7107084414043
2025-04-21 20:00:00,125.7660985012169
2025-04-21 21:00:00,132.4239517984911
2025-04-21 22:00:00,141.1087015455853
2025-04-21 23:00:00,126.2992663541926
2025-04-22 00:00:00,155.6049412227011
2025-04-22 01:00:00,138.0717973910083
2025-04-22 02:00:00,164.5962883559316
2025-04-22 03:00:00,175.9297205286605
2025-04-22 04:00:00,184.9964861088075
2025-04-22 05:00:00,186.2958407669197
2025-04-22 06:00:00,163.6473361642835
2025-04-22 07:00:00,160.4156134367308
2025-04-22 08:00:00,187.6055120148085
2025-04-22 09:00:00,185.2308174189603
2025-04-22 10:00:00,153.1270927095828
2025-04-22 11:00:00,163.7278869389174
2025-04-22 12:00:00,156.4920047118093
2025-04-22 13:00:00,148.321237461513
2025-04-22 14:00:00,148.8275493783206
2025-04-22 15:00:00,120.0050013898181
2025-04-22 16:00:00,137.8504439993145
2025-04-22 17:00:00,115.4786979988902
2025-04-22 18:00:00,114.629502721368
2025-04-22 19:00:00,111.4105822043817
2025-04-22 20:00:00,122.183052665833
2025-04-22 21:00:00,118.1245864914734
2025-04-22 22:00:00,125.8555324844326
2025-04-22 23:00:00,143.8194471414229
2025-04-23 00:00:00,155.7843063353658
2025-04-23 01:00:00,158.1995669530044
2025-04-23 02:00:00,149.1012612137212
2025-04-23 03:00:00,151.8004324576443
2025-04-23 04:00:00,173.083110575132
2025-04-23 05:00:00,184.5792949930698
2025-04-23 06:00:00,190.6129009714273
2025-04-23 07:00:00,188.7219737711027
2025-04-23 08:00:00,189.4213586181881
2025-04-23 09:00:00,165.2566919206072
2025-04-23 10:00:00,157.498830412003
2025-04-23 11:00:00,162.6283105506384
2025-04-23 12:00:00,137.8361618400008
2025-04-23 13:00:00,136.0872180098673
2025-04-23 14:00:00,135.3197398264074
2025-04-23 15:00:00,136.2790792658756
2025-04-23 16:00:00,128.2638449596054
2025-04-23 17:00:00,124.6935531917938
2025-04-23 18:00:00,116.1372018004435
2025-04-23 19:00:00,115.0579676915752
2025-04-23 20:00:00,114.3560148552957
2025-04-23 21:00:00,126.5868432463533
2025-04-23 22:00:00,132.1034454353353
2025-04-23 23:00:00,126.4131120437217
2025-04-24 00:00:00,132.3352706457862
2025-04-24 01:00:00,144.5019050224269
2025-04-24 02:00:00,158.5455109520596
2025-04-24 03:00:00,155.1684537325244
2025-04-24 04:00:00,173.426950989379
2025-04-24 05:00:00,174.8450122416513
2025-04-24 06:00:00,172.4621283202324
2025-04-24 07:00:00,157.4019006981147
2025-04-24 08:00:00,169.8149471946045
2025-04-24 09:00:00,160.5512517001695
2025-04-24 10:00:00,142.3515439143345
2025-04-24 11:00:00,148.5069207174229
2025-04-24 12:00:00,139.929026261784
2025-04-24 13:00:00,115.4183631301643
2025-04-24 14:00:00,110.1526057881281
2025-04-24 15:00:00,107.6409983588337
2025-04-24 16:00:00,92.98906154654898
2025-04-24 17:00:00,105.3587603497679
2025-04-24 18:00:00,92.47522932747647
2025-04-24 19:00:00,97.45091173518858
2025-04-24 20:00:00,98.2586095989166
2025-04-24 21:00:00,103.4147460746106
2025-04-24 22:00:00,104.9131978365667
2025-04-24 23:00:00,125.045138169542
2025-04-25 00:00:00,132.8229637959378
2025-04-25 01:00:00,141.3543357423347
2025-04-25 02:00:00,146.0622501576487
2025-04-25 03:00:00,131.2163674495326
2025-04-25 04:00:00,145.655215354811
2025-04-25 05:00:00,153.7038121348167
2025-04-25 06:00:00,143.495306140104
2025-04-25 07:00:00,150.6080110862653
2025-04-25 08:00:00,148.3053679979145
2025-04-25 09:00:00,147.3330482000843
2025-04-25 10:00:00,130.0504745109445
2025-04-25 11:00:00,122.1012069620253
2025-04-25 12:00:00,119.0594858210166
2025-04-25 13:00:00,108.3275888945246
2025-04-25 14:00:00,108.2346610926714
2025-04-25 15:00:00,87.45801490461938
2025-04-25 16:00:00,93.78475812300718
2025-04-25 17:00:00,80.76046229751175
2025-04-25 18:00:00,80.04165816702194
2025-04-25 19:00:00,87.04221939840151
2025-04-25 20:00:00,78.76298766077733
2025-04-25 21:00:00,91.13384580485847
2025-04-25 22:00:00,94.87210744062402
2025-04-25 23:00:00,96.09115914208815
2025-04-26 00:00:00,110.0816831522515
2025-04-26 01:00:00,102.2517468666395
2025-04-26 02:00:00,106.0174733580267
2025-04-26 03:00:00,114.2313157146253
2025-04-26 04:00:00,133.088770240852
2025-04-26 05:00:00,124.5471585858604
2025-04-26 06:00:00,124.7533011222178
2025-04-26 07:00:00,136.0026381324014
2025-04-26 08:00:00,125.4638407156304
2025-04-26 09:00:00,143.0164345074601
2025-04-26 10:00:00,132.1340707861298
2025-04-26 11:00:00,114.9196969689834
2025-04-26 12:00:00,109.6734727984566
2025-04-26 13:00:00,112.0965582552732
2025-04-26 14:00:00,106.8217313392544
2025-04-26 15:00:00,102.407148109375
2025-04-26 16:00:00,86.95238949443102
2025-04-26 17:00:00,75.93335091063852
2025-04-26 18:00:00,84.59227688639197
2025-04-26 19:00:00,80.90319121975544
2025-04-26 20:00:00,86.84559059525692
2025-04-26 21:00:00,80.45450386079403
2025-04-26 22:00:00,84.00338634441471
2025-04-26 23:00:00,104.0064201618773
2025-04-27 00:00:00,107.4580997460958
2025-04-27 01:00:00,107.7408692796013
2025-04-27 02:00:00,127.0150720501666
2025-04-27 03:00:00,127.9108670880429
2025-04-27 04:00:00,140.231177364157
2025-04-27 05:00:00,145.8995411868493
2025-04-27 06:00:00,136.4476696276391
2025-04-27 07:00:00,154.4511597569656
2025-04-27 08:00:00,130.4338166333629
2025-04-27 09:00:00,136.7731715458191
2025-04-27 10:00:00,129.1681671401025
2025-04-27 11:00:00,141.6961172075269
2025-04-27 12:00:00,131.2883202473802
2025-04-27 13:00:00,108.9343263939997
2025-04-27 14:00:00,114.0113675503667
2025-04-27 15:00:00,103.0020248434528
2025-04-27 16:00:00,102.212472103738
2025-04-27 17:00:00,93.87905930562368
2025-04-27 18:00:00,100.8637443051934
2025-04-27 19:00:00,95.89748190468988
2025-04-27 20:00:00,104.7080953887668
2025-04-27 21:00:00,113.0186419106865
2025-04-27 22:00:00,117.9402492515572
2025-04-27 23:00:00,121.8931618962601
2025-04-28 00:00:00,130.9404480016192
2025-04-28 01:00:00,143.2232472003488
2025-04-28 02:00:00,144.193836050125
2025-04-28 03:00:00,164.8249839464205
2025-04-28 04:00:00,147.953971370749
2025-04-28 05:00:00,167.4273145476687
2025-04-28 06:00:00,174.1084612151015
2025-04-28 07:00:00,171.9602357475507
2025-04-28 08:00:00,162.6753732846516
2025-04-28 09:00:00,143.689309589057
2025-04-28 10:00:00,157.0207723255149
2025-04-28 11:00:00,134.0924757192742
2025-04-28 12:00:00,134.0182145153785
2025-04-28 13:00:00,118.2686755173987
2025-04-28 14:00:00,114.7815741766604
2025-04-28 15:00:00,112.8965366525703
2025-04-28 16:00:00,118.9098906335796
2025-04-28 17:00:00,101.2369644549709
2025-04-28 18:00:00,102.3555813445812
2025-04-28 19:00:00,113.6444291268867
2025-04-28 20:00:00,125.7390500838019
2025-04-28 21:00:00,128.1434857487204
2025-04-28 22:00:00,126.641706044207
2025-04-28 23:00:00,140.8780269074111
2025-04-29 00:00:00,144.8381293463625
2025-04-29 01:00:00,153.73565163895
2025-04-29 02:00:00,171.2688681051914
2025-04-29 03:00:00,173.1074943213826
2025-04-29 04:00:00,155.8733919375577
2025-04-29 05:00:00,170.7200941837402
2025-04-29 06:00:00,161.7767067275227
2025-04-29 07:00:00,176.5556400271253
2025-04-29 08:00:00,160.8346007225628
2025-04-29 09:00:00,164.6378604991949
2025-04-29 10:00:00,164.5175034490273
2025-04-29 11:00:00,156.7460234037846
2025-04-29 12:00:00,136.938144265835
2025-04-29 13:00:00,126.9501005435659
2025-04-29 14:00:00,138.4641296978411
2025-04-29 15:00:00,124.7568704976512
2025-04-29 16:00:00,111.9353449717705
2025-04-29 17:00:00,107.4325195623861
2025-04-29 18:00:00,123.3844536768198
2025-04-29 19:00:00,109.9216949391963
2025-04-29 20:00:00,110.461436536746
2025-04-29 21:00:00,131.1471812457652
2025-04-29 22:00:00,138.996454873815
2025-04-29 23:00:00,139.6122976346402
2025-04-30 00:00:00,134.1718795286762
2025-04-30 01:00:00,164.107706972509
2025-04-30 02:00:00,160.1370531588554
2025-04-30 03:00:00,180.3468810953997
2025-04-30 04:00:00,169.1356645614194
2025-04-30 05:00:00,187.4990499304337
2025-04-30 06:00:00,169.408259321637
2025-04-30 07:00:00,173.9592117561159
2025-04-30 08:00:00,162.0989824661712
2025-04-30 09:00:00,174.4120923862205
2025-04-30 10:00:00,153.4906765670587
2025-04-30 11:00:00,143.3947641033428
2025-04-30 12:00:00,148.038698588073
2025-04-30 13:00:00,140.3794356473205
2025-04-30 14:00:00,118.0211589617304
2025-04-30 15:00:00,128.2624203773574
2025-04-30 16:00:00,112.9003405365068
2025-04-30 17:00:00,109.6181540694151
2025-04-30 18:00:00,114.5741682354276
2025-04-30 19:00:00,114.7100599843661
2025-04-30 20:00:00,106.9604973333249
2025-04-30 21:00:00,105.3864317373223
2025-04-30 22:00:00,122.8307654147475
2025-04-30 23:00:00,140.0212900643747
2025-05-01 00:00:00,145.012846787088
2025-05-01 01:00:00,131.4968843973485
2025-05-01 02:00:00,135.2542510684558
2025-05-01 03:00:00,159.5979347808307
2025-05-01 04:00:00,160.0891194782418
2025-05-01 05:00:00,148.1824395513751
2025-05-01 06:00:00,160.8606559108721
2025-05-01 07:00:00,150.3180372457149
2025-05-01 08:00:00,158.4629231138162
2025-05-01 09:00:00,159.0934120154638
2025-05-01 10:00:00,135.9520847918137
2025-05-01 11:00:00,139.7016377099444
2025-05-01 12:00:00,121.2137646764966
2025-05-01 13:00:00,127.8776601025775
2025-05-01 14:00:00,100.7551017084092
2025-05-01 15:00:00,109.6749266353402
2025-05-01 16:00:00,97.78696457700397
2025-05-01 17:00:00,97.7380373076012
2025-05-01 18:00:00,97.5539904765127
2025-05-01 19:00:00,99.93809443245978
2025-05-01 20:00:00,101.3123273158974
2025-05-01 21:00:00,87.45211216828687
2025-05-01 22:00:00,111.6550265158942
2025-05-01 23:00:00,118.4853315197443
2025-05-02 00:00:00,125.7060502234978
2025-05-02 01:00:00,133.3096194066048
2025-05-02 02:00:00,137.784774951636
2025-05-02 03:00:00,142.6802296599698
2025-05-02 04:00:00,128.329448576095
2025-05-02 05:00:00,135.624280661662
2025-05-02 06:00:00,148.9529430182536
2025-05-02 07:00:00,142.6481405317575
2025-05-02 08:00:00,149.3130113460065
2025-05-02 09:00:00,139.0577877333225
2025-05-02 10:00:00,128.9051918171567
2025-05-02 11:00:00,124.9688289153174
2025-05-02 12:00:00,111.3915405991226
2025-05-02 13:00:00,99.49669903571917
2025-05-02 14:00:00,97.43012468282677
2025-05-02 15:00:00,98.07064880607138
2025-05-02 16:00:00,89.67963144268457
2025-05-02 17:00:00,84.25235024059019
2025-05-02 18:00:00,79.4038125090449
2025-05-02 19:00:00,74.50039378809352
2025-05-02 20:00:00,76.06517385395743
2025-05-02 21:00:00,82.5466619114821
2025-05-02 22:00:00,85.89083783497074
2025-05-02 23:00:00,96.39771125605117
2025-05-03 00:00:00,96.58749878438341
2025-05-03 01:00:00,112.0256231057322
2025-05-03 02:00:00,122.9002209253204
2025-05-03 03:00:00,117.5879320868017
2025-05-03 04:00:00,124.2986608783329
2025-05-03 05:00:00,125.8798571908463
2025-05-03 06:00:00,124.8700053378101
2025-05-03 07:00:00,124.6351253642842
2025-05-03 08:00:00,126.6806348736908
2025-05-03 09:00:00,137.0491793477771
2025-05-03 10:00:00,123.2695211605982
2025-05-03 11:00:00,112.3827979840343
2025-05-03 12:00:00,114.9931298857387
2025-05-03 13:00:00,99.68877518350119
2025-05-03 14:00:00,93.83402385967064
2025-05-03 15:00:00,85.30444394103334
2025-05-03 16:00:00,78.56682703492925
2025-05-03 17:00:00,76.54940735674717
2025-05-03 18:00:00,74.78490188642553
2025-05-03 19:00:00,73.38802154885741
2025-05-03 20:00:00,78.97271017019682
2025-05-03 21:00:00,93.17029358229969
2025-05-03 22:00:00,95.3159490314841
2025-05-03 23:00:00,99.85740640168099
2025-05-04 00:00:00,99.30322932051176
2025-05-04 01:00:00,125.3648930057689
2025-05-04 02:00:00,127.3959293050883
2025-05-04 03:00:00,132.3501842403416
2025-05-04 04:00:00,138.9887606809319
2025-05-04 05:00:00,129.7744953821081
2025-05-04 06:00:00,155.3129593017287
2025-05-04 07:00:00,134.7175080759375
2025-05-04 08:00:00,131.9958418837569
2025-05-04 09:00:00,148.998672118905
2025-05-04 10:00:00,147.453411787841
2025-05-04 11:00:00,118.9560970707148
2025-05-04 12:00:00,125.6910359496994
2025-05-04 13:00:00,124.4319384090188
2025-05-04 14:00:00,107.2406950999059
2025-05-04 15:00:00,103.4593650795827
2025-05-04 16:00:00,105.3516448221701
2025-05-04 17:00:00,92.79162422003695
2025-05-04 18:00:00,102.2038060378269
2025-05-04 19:00:00,98.60464693235977
2025-05-04 20:00:00,93.76324012744723
2025-05-04 21:00:00,106.3298107009132
2025-05-04 22:00:00,112.8339790572716
2025-05-04 23:00:00,115.2662688730749
2025-05-05 00:00:00,122.4267256435273
2025-05-05 01:00:00,126.2737486657566
2025-05-05 02:00:00,139.8088266401185
2025-05-05 03:00:00,154.7967526939864
2025-05-05 04:00:00,150.41031506923
2025-05-05 05:00:00,165.7516984502085
2025-05-05 06:00:00,163.616466240634
2025-05-05 07:00:00,171.6545750688312
2025-05-05 08:00:00,154.8013051749515
2025-05-05 09:00:00,170.916276142066
2025-05-05 10:00:00,159.4990201318838
2025-05-05 11:00:00,142.3790530047532
2025-05-05 12:00:00,134.0889623315146
2025-05-05 13:00:00,124.3764041311415
2025-05-05 14:00:00,127.4609707934046
2025-05-05 15:00:00,127.1374512826554
2025-05-05 16:00:00,121.3966806104062
2025-05-05 17:00:00,100.7460829920185
2025-05-05 18:00:00,100.9950000727431
2025-05-05 19:00:00,111.1611490934688
2025-05-05 20:00:00,117.9488703409441
2025-05-05 21:00:00,112.1434433918647
2025-05-05 22:00:00,130.9663158511403
2025-05-05 23:00:00,139.042089986899
2025-05-06 00:00:00,151.3492144317758
2025-05-06 01:00:00,141.2052486780103
2025-05-06 02:00:00,169.5749630645272
2025-05-06 03:00:00,167.3323653618353
2025-05-06 04:00:00,182.7175390540468
2025-05-06 05:00:00,171.3464116708205
2025-05-06 06:00:00,174.9093082318594
2025-05-06 07:00:00,179.4770660012894
2025-05-06 08:00:00,176.5188327899355
2025-05-06 09:00:00,160.8140904729051
2025-05-06 10:00:00,166.8097516510522
2025-05-06 11:00:00,152.3176942830939
2025-05-06 12:00:00,145.7547506773847
2025-05-06 13:00:00,137.6439342384102
2025-05-06 14:00:00,124.5015678616574
2025-05-06 15:00:00,126.7993203084442
2025-05-06 16:00:00,121.0480765497457
2025-05-06 17:00:00,124.1420761310015
2025-05-06 18:00:00,119.9456069189131
2025-05-06 19:00:00,122.6787738523845
2025-05-06 20:00:00,113.2362320069318
2025-05-06 21:00:00,137.7845368650962
2025-05-06 22:00:00,122.7397585682061
2025-05-06 23:00:00,146.6011514955073
2025-05-07 00:00:00,156.30687721533
2025-05-07 01:00:00,144.2171763120651
2025-05-07 02:00:00,165.0675167651442
2025-05-07 03:00:00,167.5659949173706
2025-05-07 04:00:00,164.111880609703
2025-05-07 05:00:00,167.7499089513671
2025-05-07 06:00:00,169.1407929894662
2025-05-07 07:00:00,157.8372610067467
2025-05-07 08:00:00,170.8392317841946
2025-05-07 09:00:00,165.6386534907503
2025-05-07 10:00:00,146.8247959831959
2025-05-07 11:00:00,152.0943274912539
2025-05-07 12:00:00,122.8661560085289
2025-05-07 13:00:00,135.5004891353589
2025-05-07 14:00:00,114.2510663510374
2025-05-07 15:00:00,111.7859063006527
2025-05-07 16:00:00,106.7725134422296
2025-05-07 17:00:00,102.9017137882407
2025-05-07 18:00:00,107.2980273439268
2025-05-07 19:00:00,110.6962384072835
2025-05-07 20:00:00,106.5616467429522
2025-05-07 21:00:00,115.3938312571373
2025-05-07 22:00:00,109.6882018025292
2025-05-07 23:00:00,133.9560591742689
2025-05-08 00:00:00,131.9917546220395
2025-05-08 01:00:00,149.9717023991592
2025-05-08 02:00:00,144.2306267152204
2025-05-08 03:00:00,145.3053193415685
2025-05-08 04:00:00,154.9727321907834
2025-05-08 05:00:00,171.8238888121035
2025-05-08 06:00:00,162.1359058465637
2025-05-08 07:00:00,166.9776987202731
2025-05-08 08:00:00,150.311764899456
2025-05-08 09:00:00,140.6586090256858
2025-05-08 10:00:00,137.7332869668238
2025-05-08 11:00:00,126.3803498264254
2025-05-08 12:00:00,113.3343715828777
2025-05-08 13:00:00,115.3226137791737
2025-05-08 14:00:00,114.9711115639186
2025-05-08 15:00:00,95.43887122388072
2025-05-08 16:00:00,103.5136189934791
2025-05-08 17:00:00,89.34081598939856
2025-05-08 18:00:00,89.43366940058733
2025-05-08 19:00:00,86.64727633537493
2025-05-08 20:00:00,87.2255080838852
2025-05-08 21:00:00,101.5336840079985
2025-05-08 22:00:00,99.51362680425913
2025-05-08 23:00:00,95.57531507474296
2025-05-09 00:00:00,117.0759447354709
2025-05-09 01:00:00,109.2479248377622
2025-05-09 02:00:00,124.5290581266414
2025-05-09 03:00:00,130.3047077011608
2025-05-09 04:00:00,144.5956820644741
2025-05-09 05:00:00,151.0693226324803
2025-05-09 06:00:00,129.9828210521459
2025-05-09 07:00:00,149.799357403426
2025-05-09 08:00:00,128.4618838254273
2025-05-09 09:00:00,119.7237977302093
2025-05-09 10:00:00,131.9223906644851
2025-05-09 11:00:00,106.9554867673166
2025-05-09 12:00:00,98.5836825881953
2025-05-09 13:00:00,102.9361941031135
2025-05-09 14:00:00,89.85827762159718
2025-05-09 15:00:00,82.30047781989168
2025-05-09 16:00:00,75.9923908244202
2025-05-09 17:00:00,80.96597114893719
2025-05-09 18:00:00,71.56237207011299
2025-05-09 19:00:00,73.88143879409934
2025-05-09 20:00:00,84.83858642732885
2025-05-09 21:00:00,81.03602266304978
2025-05-09 22:00:00,92.51565411891488
2025-05-09 23:00:00,96.00097115285075
2025-05-10 00:00:00,111.2917227548792
2025-05-10 01:00:00,116.5099683893502
2025-05-10 02:00:00,121.7030549664468
2025-05-10 03:00:00,137.2113210424946
2025-05-10 04:00:00,127.6778896802947
2025-05-10 05:00:00,126.9081083723456
2025-05-10 06:00:00,131.8102568780635
2025-05-10 07:00:00,139.2307278865705
2025-05-10 08:00:00,117.6005569239686
2025-05-10 09:00:00,117.0624201019226
2025-05-10 10:00:00,124.4129540663955
2025-05-10 11:00:00,101.8074826103027
2025-05-10 12:00:00,101.7067896692292
2025-05-10 13:00:00,102.8290098891309
2025-05-10 14:00:00,95.32115725024674
2025-05-10 15:00:00,86.77284078213313
2025-05-10 16:00:00,76.31161641033306
2025-05-10 17:00:00,83.13469129352451
2025-05-10 18:00:00,72.4412495014792
2025-05-10 19:00:00,69.51873188541418
2025-05-10 20:00:00,79.08284753909399
2025-05-10 21:00:00,74.30359174559183
2025-05-10 22:00:00,86.12291142927941
2025-05-10 23:00:00,97.89927697064094
2025-05-11 00:00:00,106.23968643372
2025-05-11 01:00:00,109.7900748562875
2025-05-11 02:00:00,105.9189385830294
2025-05-11 03:00:00,126.9951400549825
2025-05-11 04:00:00,141.5375048549779
2025-05-11 05:00:00,129.2454580550639
2025-05-11 06:00:00,133.483024299695
2025-05-11 07:00:00,127.0767474547847
2025-05-11 08:00:00,130.2903740178693
2025-05-11 09:00:00,145.1167084918736
2025-05-11 10:00:00,119.0591214585646
2025-05-11 11:00:00,126.0384362888138
2025-05-11 12:00:00,114.1354873271067
2025-05-11 13:00:00,101.0686960262198
2025-05-11 14:00:00,99.11759236091397
2025-05-11 15:00:00,91.18582382673122
2025-05-11 16:00:00,100.7216089110882
2025-05-11 17:00:00,81.13359779090301
2025-05-11 18:00:00,93.84936427762528
2025-05-11 19:00:00,91.79103331167657
2025-05-11 20:00:00,95.82892157333603
2025-05-11 21:00:00,102.3002405544329
2025-05-11 22:00:00,90.0247052705723
2025-05-11 23:00:00,97.16344217298673
2025-05-12 00:00:00,122.4072734285846
2025-05-12 01:00:00,113.0001366900319
2025-05-12 02:00:00,119.4483429608477
2025-05-12 03:00:00,147.8163532505997
2025-05-12 04:00:00,139.6857831239926
2025-05-12 05:00:00,161.6640946228454
2025-05-12 06:00:00,164.710947558466
2025-05-12 07:00:00,152.428447003823
2025-05-12 08:00:00,168.4884826642692
2025-05-12 09:00:00,141.7482393740729
2025-05-12 10:00:00,144.8965648550302
2025-05-12 11:00:00,130.5828499119895
2025-05-12 12:00:00,127.4052617612872
2025-05-12 13:00:00,135.5981927933008
2025-05-12 14:00:00,132.0582597028068
2025-05-12 15:00:00,108.5474199109252
2025-05-12 16:00:00,109.8080548383528
2025-05-12 17:00:00,101.4858539437446
2025-05-12 18:00:00,104.3865126908065
2025-05-12 19:00:00,108.1470797797581
2025-05-12 20:00:00,105.390660009947
2025-05-12 21:00:00,105.5425567047209
2025-05-12 22:00:00,105.8842654984093
2025-05-12 23:00:00,119.721994935638
2025-05-13 00:00:00,141.3425828254357
2025-05-13 01:00:00,128.06505514156
2025-05-13 02:00:00,146.9231819196918
2025-05-13 03:00:00,152.751698150638
2025-05-13 04:00:00,156.4247793562503
2025-05-13 05:00:00,150.8624703895163
2025-05-13 06:00:00,170.5217896100244
2025-05-13 07:00:00,182.8839280434559
2025-05-13 08:00:00,156.0201209683663
2025-05-13 09:00:00,176.1070374853824
2025-05-13 10:00:00,170.578611661074
2025-05-13 11:00:00,154.8404046804493
2025-05-13 12:00:00,141.7554919207886
2025-05-13 13:00:00,124.2843612346185
2025-05-13 14:00:00,130.9721196666842
2025-05-13 15:00:00,125.0794749940967
2025-05-13 16:00:00,125.205441758228
2025-05-13 17:00:00,107.68939226177
2025-05-13 18:00:00,117.9109411602007
2025-05-13 19:00:00,107.8656026861572
2025-05-13 20:00:00,123.5782464390194
2025-05-13 21:00:00,112.2229414491766
2025-05-13 22:00:00,116.1745317268675
2025-05-13 23:00:00,135.7205836526493
2025-05-14 00:00:00,145.5345175345585
2025-05-14 01:00:00,133.6930201397176
2025-05-14 02:00:00,145.0664216627746
2025-05-14 03:00:00,159.6758816702047
2025-05-14 04:00:00,176.8346628091343
2025-05-14 05:00:00,166.3951244541223
2025-05-14 06:00:00,167.8293550426197
2025-05-14 07:00:00,163.1563665342037
2025-05-14 08:00:00,173.8336800730078
2025-05-14 09:00:00,154.145574092585
2025-05-14 10:00:00,156.8000790256485
2025-05-14 11:00:00,157.4055137776136
2025-05-14 12:00:00,132.6081555281677
2025-05-14 13:00:00,138.0452984979119
2025-05-14 14:00:00,129.1428836686257
2025-05-14 15:00:00,121.8960583106607
2025-05-14 16:00:00,105.3225241040126
2025-05-14 17:00:00,108.451868229265
2025-05-14 18:00:00,105.4918555738131
2025-05-14 19:00:00,110.2533405455533
2025-05-14 20:00:00,118.7025600020511
2025-05-14 21:00:00,119.670345345898
2025-05-14 22:00:00,119.0619678313572
2025-05-14 23:00:00,130.7240558029121
2025-05-15 00:00:00,128.9886951922083
2025-05-15 01:00:00,132.0266093761822
2025-05-15 02:00:00,136.3263377453753
2025-05-15 03:00:00,139.0833541094723
2025-05-15 04:00:00,166.4262448843418
2025-05-15 05:00:00,162.7567341283674
2025-05-15 06:00:00,140.9386870732685
2025-05-15 07:00:00,153.2796203679633
2025-05-15 08:00:00,133.7577927313782
2025-05-15 09:00:00,132.236323251061
2025-05-15 10:00:00,120.4477451001448
2025-05-15 11:00:00,131.282349435707
2025-05-15 12:00:00,112.8086566748075
2025-05-15 13:00:00,104.2427425603827
2025-05-15 14:00:00,98.43428282138152
2025-05-15 15:00:00,91.88568735669395
2025-05-15 16:00:00,81.80754378079641
2025-05-15 17:00:00,94.42862661087948
2025-05-15 18:00:00,93.25721820880561
2025-05-15 19:00:00,92.69344086662835
2025-05-15 20:00:00,93.30316648943821
2025-05-15 21:00:00,96.6268293965518
2025-05-15 22:00:00,102.7141693357724
2025-05-15 23:00:00,104.1541330696247
2025-05-16 00:00:00,108.9962882424635
2025-05-16 01:00:00,134.7758156190962
2025-05-16 02:00:00,122.5612450963106
2025-05-16 03:00:00,144.8550779813945
2025-05-16 04:00:00,128.9227776263636
2025-05-16 05:00:00,142.0144144847407
2025-05-16 06:00:00,149.3485347196947
2025-05-16 07:00:00,142.5785381922268
2025-05-16 08:00:00,125.4207418268537
2025-05-16 09:00:00,129.5771205407168
2025-05-16 10:00:00,113.3023648309313
2025-05-16 11:00:00,104.0460741711759
2025-05-16 12:00:00,111.5782080629454
2025-05-16 13:00:00,101.0878280970281
2025-05-16 14:00:00,89.27756511277407
2025-05-16 15:00:00,86.99255953803076
2025-05-16 16:00:00,73.93138659424106
2025-05-16 17:00:00,74.0611829369912
2025-05-16 18:00:00,66.9247763032981
2025-05-16 19:00:00,72.40049926177947
2025-05-16 20:00:00,80.56741426739552
2025-05-16 21:00:00,77.6810322367152
2025-05-16 22:00:00,84.71383912255165
2025-05-16 23:00:00,85.24795026832197
2025-05-17 00:00:00,86.22135150766304
2025-05-17 01:00:00,93.95412588451865
2025-05-17 02:00:00,102.8285066635194
2025-05-17 03:00:00,127.3434473257346
2025-05-17 04:00:00,118.7460294294535
2025-05-17 05:00:00,126.8376842278555
2025-05-17 06:00:00,128.5918038071849
2025-05-17 07:00:00,138.7856182631245
2025-05-17 08:00:00,122.0741638526874
2025-05-17 09:00:00,118.3174621520694
2025-05-17 10:00:00,131.9569505049618
2025-05-17 11:00:00,112.907575169067
2025-05-17 12:00:00,114.4098549547069
2025-05-17 13:00:00,101.9506273371916
2025-05-17 14:00:00,84.16462912849452
2025-05-17 15:00:00,84.33481130546137
2025-05-17 16:00:00,81.93694774025688
2025-05-17 17:00:00,72.23898682493987
2025-05-17 18:00:00,76.57554416028316
2025-05-17 19:00:00,72.76186098792525
2025-05-17 20:00:00,67.44326386888814
2025-05-17 21:00:00,70.9165540113527
2025-05-17 22:00:00,74.32491897884289
2025-05-17 23:00:00,82.9298743641771
2025-05-18 00:00:00,105.1654897417446
2025-05-18 01:00:00,100.3279417650681
2025-05-18 02:00:00,116.2864297838573
2025-05-18 03:00:00,125.0094159388658
2025-05-18 04:00:00,120.7872299136828
2025-05-18 05:00:00,140.3843010396003
2025-05-18 06:00:00,128.7332611788841
2025-05-18 07:00:00,141.3460653811234
2025-05-18 08:00:00,140.8413390431351
2025-05-18 09:00:00,147.599573872221
2025-05-18 10:00:00,124.5644097516449
2025-05-18 11:00:00,135.5454311662623
2025-05-18 12:00:00,106.7949078760791
2025-05-18 13:00:00,106.9275637507798
2025-05-18 14:00:00,97.80994573087305
2025-05-18 15:00:00,99.9807715964312
2025-05-18 16:00:00,87.12969648762902
2025-05-18 17:00:00,91.0682372084601
2025-05-18 18:00:00,85.85061607608978
2025-05-18 19:00:00,88.15181596187516
2025-05-18 20:00:00,95.11625132922481
2025-05-18 21:00:00,90.83911577600425
2025-05-18 22:00:00,93.59969040119441
2025-05-18 23:00:00,116.0578667850185
2025-05-19 00:00:00,107.4450243709989
2025-05-19 01:00:00,129.9721981942838
2025-05-19 02:00:00,127.5078349621644
2025-05-19 03:00:00,148.2094328126159
2025-05-19 04:00:00,143.5175656477565
2025-05-19 05:00:00,162.1407250439416
2025-05-19 06:00:00,147.7443929250333
2025-05-19 07:00:00,149.0476427058049
2025-05-19 08:00:00,148.9318147274747
2025-05-19 09:00:00,156.9525197210073
2025-05-19 10:00:00,152.6942920617115
2025-05-19 11:00:00,142.2609795478176
2025-05-19 12:00:00,126.9949502885047
2025-05-19 13:00:00,112.1982878908925
2025-05-19 14:00:00,123.0885003528261
2025-05-19 15:00:00,108.1728001121387
2025-05-19 16:00:00,94.16752454551165
2025-05-19 17:00:00,105.3860181262674
2025-05-19 18:00:00,99.8720256943871
2025-05-19 19:00:00,103.776685401861
2025-05-19 20:00:00,113.3678677470772
2025-05-19 21:00:00,123.0204046242334
2025-05-19 22:00:00,114.2929232342554
2025-05-19 23:00:00,141.5463649393627
2025-05-20 00:00:00,150.2143235061515
2025-05-20 01:00:00,143.0202794272836
2025-05-20 02:00:00,159.6897220212577
2025-05-20 03:00:00,154.0852275783412
2025-05-20 04:00:00,163.6932365771572
2025-05-20 05:00:00,157.4966362814093
2025-05-20 06:00:00,168.4400263407737
2025-05-20 07:00:00,157.5068092947452
2025-05-20 08:00:00,164.6488558493295
2025-05-20 09:00:00,162.5304275580958
2025-05-20 10:00:00,154.9113249926413
2025-05-20 11:00:00,128.4727670027131
2025-05-20 12:00:00,143.3222720948389
2025-05-20 13:00:00,126.4333901080361
2025-05-20 14:00:00,115.5592868692575
2025-05-20 15:00:00,107.8382848651476
2025-05-20 16:00:00,103.0392140813677
2025-05-20 17:00:00,102.5955447183832
2025-05-20 18:00:00,101.7109258007819
2025-05-20 19:00:00,110.849391780208
2025-05-20 20:00:00,114.3463638654889
2025-05-20 21:00:00,114.7959365027707
2025-05-20 22:00:00,120.2229001465092
2025-05-20 23:00:00,146.4348227350748
2025-05-21 00:00:00,138.1709712610909
2025-05-21 01:00:00,161.0185228982359
2025-05-21 02:00:00,152.256457753524
2025-05-21 03:00:00,144.8056079270213
2025-05-21 04:00:00,159.6744479647644
2025-05-21 05:00:00,165.0699367149276
2025-05-21 06:00:00,173.759346759929
2025-05-21 07:00:00,161.6235093878861
2025-05-21 08:00:00,174.0479594067063
2025-05-21 09:00:00,155.6589342452282
2025-05-21 10:00:00,143.8653118518243
2025-05-21 11:00:00,139.482831490781
2025-05-21 12:00:00,128.6256269645568
2025-05-21 13:00:00,128.1986825109792
2025-05-21 14:00:00,109.604440546337
2025-05-21 15:00:00,101.605754343541
2025-05-21 16:00:00,101.2544592039238
2025-05-21 17:00:00,93.43381851872196
2025-05-21 18:00:00,101.045622166106
2025-05-21 19:00:00,106.7019685456251
2025-05-21 20:00:00,108.693673616388
2025-05-21 21:00:00,108.3938037842467
2025-05-21 22:00:00,113.2275739090346
2025-05-21 23:00:00,120.7216304832564
2025-05-22 00:00:00,129.645639283424
2025-05-22 01:00:00,138.350055527545
2025-05-22 02:00:00,146.7589693013347
2025-05-22 03:00:00,155.8831309329339
2025-05-22 04:00:00,153.6031376789776
2025-05-22 05:00:00,148.5308346341033
2025-05-22 06:00:00,148.3739051259841
2025-05-22 07:00:00,161.4951847080399
2025-05-22 08:00:00,159.9465078514364
2025-05-22 09:00:00,150.1217594797025
2025-05-22 10:00:00,135.1459192469986
2025-05-22 11:00:00,117.9819149424978
2025-05-22 12:00:00,109.2744168130194
2025-05-22 13:00:00,104.2417010914494
2025-05-22 14:00:00,108.366411336745
2025-05-22 15:00:00,99.23383578678883
2025-05-22 16:00:00,85.47842778671105
2025-05-22 17:00:00,81.7586177006047
2025-05-22 18:00:00,84.45026163849775
2025-05-22 19:00:00,86.46419669543158
2025-05-22 20:00:00,84.4545037146395
2025-05-22 21:00:00,85.97706341732045
2025-05-22 22:00:00,90.41050398967337
2025-05-22 23:00:00,97.92717235573996
2025-05-23 00:00:00,113.5683420954212
2025-05-23 01:00:00,124.4180822811382
2025-05-23 02:00:00,120.6374295945506
2025-05-23 03:00:00,133.4722738305126
2025-05-23 04:00:00,137.8142710360198
2025-05-23 05:00:00,139.0806085455204
2025-05-23 06:00:00,126.4969200778186
2025-05-23 07:00:00,144.1634077800906
2025-05-23 08:00:00,138.263568972424
2025-05-23 09:00:00,112.4171457284423
2025-05-23 10:00:00,116.4415556224178
2025-05-23 11:00:00,109.9531067660225
2025-05-23 12:00:00,95.92129479678164
2025-05-23 13:00:00,84.15289518477542
2025-05-23 14:00:00,81.69471106741494
2025-05-23 15:00:00,75.0778891933202
2025-05-23 16:00:00,71.44784603543404
2025-05-23 17:00:00,65.48783539173682
2025-05-23 18:00:00,67.21026851155405
2025-05-23 19:00:00,63.11191662840012
2025-05-23 20:00:00,75.39146621824739
2025-05-23 21:00:00,74.71071114661665
2025-05-23 22:00:00,76.1585238935999
2025-05-23 23:00:00,92.1327658826436
2025-05-24 00:00:00,98.56074221660863
2025-05-24 01:00:00,106.7341097297004
2025-05-24 02:00:00,117.1940039465189
2025-05-24 03:00:00,108.6658498184101
2025-05-24 04:00:00,111.4317906544218
2025-05-24 05:00:00,121.64881566602
2025-05-24 06:00:00,119.6346927956025
2025-05-24 07:00:00,120.2936904706155
2025-05-24 08:00:00,125.6154193882467
2025-05-24 09:00:00,125.8173068507513
2025-05-24 10:00:00,114.1193826818726
2025-05-24 11:00:00,109.3246204992824
2025-05-24 12:00:00,96.4778421054862
2025-05-24 13:00:00,81.00177658946664
2025-05-24 14:00:00,80.18527038442953
2025-05-24 15:00:00,71.53438007741704
2025-05-24 16:00:00,65.59137694166043
2025-05-24 17:00:00,71.51598438175343
2025-05-24 18:00:00,68.44146587184117
2025-05-24 19:00:00,73.10666958376302
2025-05-24 20:00:00,70.41813225450129
2025-05-24 21:00:00,85.80698825266722
2025-05-24 22:00:00,90.07028693838323
2025-05-24 23:00:00,102.8088102770811
2025-05-25 00:00:00,111.7146688903499
2025-05-25 01:00:00,106.4122893287175
2025-05-25 02:00:00,119.4534530511925
2025-05-25 03:00:00,114.7053247313889
2025-05-25 04:00:00,117.2584959166194
2025-05-25 05:00:00,130.1321761222708
2025-05-25 06:00:00,140.5001388967443
2025-05-25 07:00:00,146.0987326024115
2025-05-25 08:00:00,122.9914176806429
2025-05-25 09:00:00,135.668590416236
2025-05-25 10:00:00,121.1810595132253
2025-05-25 11:00:00,111.6996320802031
2025-05-25 12:00:00,120.4219638100725
2025-05-25 13:00:00,114.7697280020955
2025-05-25 14:00:00,99.23064516620518
2025-05-25 15:00:00,86.53737899863735
2025-05-25 16:00:00,90.15939062465212
2025-05-25 17:00:00,81.58981275162799
2025-05-25 18:00:00,75.94949863585668
2025-05-25 19:00:00,87.27615042322245
2025-05-25 20:00:00,91.40315991972676
2025-05-25 21:00:00,89.71238118999395
2025-05-25 22:00:00,91.4528905497953
2025-05-25 23:00:00,98.69252079191254
2025-05-26 00:00:00,100.7582869772034
2025-05-26 01:00:00,110.7140573296063
2025-05-26 02:00:00,137.7691421834436
2025-05-26 03:00:00,126.148127226371
2025-05-26 04:00:00,156.100467013402
2025-05-26 05:00:00,138.6641072051009
2025-05-26 06:00:00,156.985691814514
2025-05-26 07:00:00,155.7996631543632
2025-05-26 08:00:00,138.3607533945884
2025-05-26 09:00:00,150.5587780185221
2025-05-26 10:00:00,153.1766082744141
2025-05-26 11:00:00,146.6327312218683
2025-05-26 12:00:00,125.7002978400617
2025-05-26 13:00:00,123.1863252800721
2025-05-26 14:00:00,110.2739134959598
2025-05-26 15:00:00,109.0765216990484
2025-05-26 16:00:00,98.19791567778347
2025-05-26 17:00:00,91.60296723325514
2025-05-26 18:00:00,95.09822967991349
2025-05-26 19:00:00,110.5483039317522
2025-05-26 20:00:00,96.67215480439674
2025-05-26 21:00:00,106.266614149621
2025-05-26 22:00:00,112.7893256623437
2025-05-26 23:00:00,130.2110729083898
2025-05-27 00:00:00,146.7418269167896
2025-05-27 01:00:00,134.933553469271
2025-05-27 02:00:00,159.5966777768737
2025-05-27 03:00:00,163.4956754405586
2025-05-27 04:00:00,149.3041767141937
2025-05-27 05:00:00,171.6947021768947
2025-05-27 06:00:00,155.6916550349019
2025-05-27 07:00:00,168.6880235803555
2025-05-27 08:00:00,171.6631909486047
2025-05-27 09:00:00,146.304073762511
2025-05-27 10:00:00,163.2793498089399
2025-05-27 11:00:00,132.5114569023838
2025-05-27 12:00:00,137.5003213163197
2025-05-27 13:00:00,139.5238767470275
2025-05-27 14:00:00,116.1443462797233
2025-05-27 15:00:00,120.8790218554794
2025-05-27 16:00:00,118.6728831593318
2025-05-27 17:00:00,107.3230407824474
2025-05-27 18:00:00,95.79784595878552
2025-05-27 19:00:00,106.7557047969749
2025-05-27 20:00:00,99.79971849362698
2025-05-27 21:00:00,115.5435011643818
2025-05-27 22:00:00,126.2680041727895
2025-05-27 23:00:00,135.9796952495057
2025-05-28 00:00:00,120.8393230062955
2025-05-28 01:00:00,128.8255784899878
2025-05-28 02:00:00,148.8037157033461
2025-05-28 03:00:00,141.0730336508064
2025-05-28 04:00:00,160.7861461787194
2025-05-28 05:00:00,169.8796088468648
2025-05-28 06:00:00,167.1606269951765
2025-05-28 07:00:00,174.7616239118629
2025-05-28 08:00:00,158.2409109188474
2025-05-28 09:00:00,148.1815412735995
2025-05-28 10:00:00,161.2841740995593
2025-05-28 11:00:00,145.4430161230795
2025-05-28 12:00:00,132.0596899825059
2025-05-28 13:00:00,129.3683436973791
2025-05-28 14:00:00,117.3583912371447
2025-05-28 15:00:00,109.4017546438412
2025-05-28 16:00:00,114.1806501033718
2025-05-28 17:00:00,100.3741722344571
2025-05-28 18:00:00,93.75389908636777
2025-05-28 19:00:00,97.22186025892655
2025-05-28 20:00:00,100.8290666776274
2025-05-28 21:00:00,103.9894029429318
2025-05-28 22:00:00,95.03478070641448
2025-05-28 23:00:00,110.8153766612354
2025-05-29 00:00:00,128.5239860679995
2025-05-29 01:00:00,133.6478711232947
2025-05-29 02:00:00,131.8340381603063
2025-05-29 03:00:00,130.1644196943492
2025-05-29 04:00:00,130.1718697317483
2025-05-29 05:00:00,149.0439015779055
2025-05-29 06:00:00,144.7245492896617
2025-05-29 07:00:00,147.7815619697094
2025-05-29 08:00:00,134.9261651891692
2025-05-29 09:00:00,141.6726997252968
2025-05-29 10:00:00,143.6162744952642
2025-05-29 11:00:00,137.7309236103964
2025-05-29 12:00:00,126.9688489825408
2025-05-29 13:00:00,118.9770150960328
2025-05-29 14:00:00,102.5548336642069
2025-05-29 15:00:00,95.35725287259531
2025-05-29 16:00:00,78.98947832564414
2025-05-29 17:00:00,80.06633963304085
2025-05-29 18:00:00,80.18366385077861
2025-05-29 19:00:00,73.5189015817346
2025-05-29 20:00:00,86.35525307488619
2025-05-29 21:00:00,82.6404375459791
2025-05-29 22:00:00,91.21035139929658
2025-05-29 23:00:00,103.3186970387123
2025-05-30 00:00:00,94.63607959779367
2025-05-30 01:00:00,103.90962220162
2025-05-30 02:00:00,120.4225416843151
2025-05-30 03:00:00,133.6654657620261
2025-05-30 04:00:00,138.5062910582522
2025-05-30 05:00:00,138.9228329957505
2025-05-30 06:00:00,143.3101947578504
2025-05-30 07:00:00,116.9599717785806
2025-05-30 08:00:00,121.6224483228594
2025-05-30 09:00:00,119.1727604707296
2025-05-30 10:00:00,119.8215820597373
2025-05-30 11:00:00,114.0804827104141
2025-05-30 12:00:00,86.70637152047941
2025-05-30 13:00:00,89.91574747417907
2025-05-30 14:00:00,76.27232696397299
2025-05-30 15:00:00,70.64038815347905
2025-05-30 16:00:00,69.0343309721016
2025-05-30 17:00:00,67.96592634317575
2025-05-30 18:00:00,71.04561408839601
2025-05-30 19:00:00,66.97777496876387
2025-05-30 20:00:00,74.3964146906396
2025-05-30 21:00:00,84.69634761657188
2025-05-30 22:00:00,77.29512958258654
2025-05-30 23:00:00,84.67098240449155
2025-05-31 00:00:00,95.77949120856337
2025-05-31 01:00:00,101.3017335332686
2025-05-31 02:00:00,124.9249153090526
2025-05-31 03:00:00,117.7035505811533
2025-05-31 04:00:00,123.3853429354448
2025-05-31 05:00:00,123.6443327916985
2025-05-31 06:00:00,122.4015904691147
2025-05-31 07:00:00,122.0765163578175
2025-05-31 08:00:00,122.8845408333409
2025-05-31 09:00:00,100.4384516616436
2025-05-31 10:00:00,93.90986070767207
2025-05-31 11:00:00,89.64434250403262
2025-05-31 12:00:00,92.18743535879432
2025-05-31 13:00:00,76.31816196178919
2025-05-31 14:00:00,72.44448551555024
2025-05-31 15:00:00,71.05713436639935
2025-05-31 16:00:00,61.45145619619258
2025-05-31 17:00:00,69.25528371428234
2025-05-31 18:00:00,67.10045237993563
2025-05-31 19:00:00,75.55212006762706
2025-05-31 20:00:00,73.9997175101077
2025-05-31 21:00:00,80.12835076399467
2025-05-31 22:00:00,94.0821097768061
2025-05-31 23:00:00,87.32226924714118
2025-06-01 00:00:00,107.9081517780987
2025-06-01 01:00:00,103.9805724885917
2025-06-01 02:00:00,115.7028129156486
2025-06-01 03:00:00,126.8009108719472
2025-06-01 04:00:00,137.1351797457044
2025-06-01 05:00:00,132.6516740559998
2025-06-01 06:00:00,130.8871488437734
2025-06-01 07:00:00,135.5493911073624
2025-06-01 08:00:00,131.4505973981418
2025-06-01 09:00:00,107.9195476838667
2025-06-01 10:00:00,120.7098087841912
2025-06-01 11:00:00,97.5824044761686
2025-06-01 12:00:00,92.80191151472434
2025-06-01 13:00:00,98.36434432294274
2025-06-01 14:00:00,90.08407204523432
2025-06-01 15:00:00,85.22385952464266
2025-06-01 16:00:00,71.4096777263797
2025-06-01 17:00:00,76.9123179521297
2025-06-01 18:00:00,79.46386550676728
2025-06-01 19:00:00,82.84182605479775
2025-06-01 20:00:00,88.72593306812885
2025-06-01 21:00:00,89.98508936163105
2025-06-01 22:00:00,101.1296890822041
2025-06-01 23:00:00,100.8414920165188
2025-06-02 00:00:00,125.0404338707865
2025-06-02 01:00:00,135.1762598404622
2025-06-02 02:00:00,147.3355611896682
2025-06-02 03:00:00,144.8946712043611
2025-06-02 04:00:00,143.4985667230801
2025-06-02 05:00:00,135.6785365701805
2025-06-02 06:00:00,151.2590248615506
2025-06-02 07:00:00,134.2947191056298
2025-06-02 08:00:00,138.2234522039264
2025-06-02 09:00:00,127.8156803076691
2025-06-02 10:00:00,138.4487197224302
2025-06-02 11:00:00,133.9338803331219
2025-06-02 12:00:00,113.8691187820108
2025-06-02 13:00:00,114.6414992660521
2025-06-02 14:00:00,102.6697307080655
2025-06-02 15:00:00,102.7327313400234
2025-06-02 16:00:00,88.54547345221127
2025-06-02 17:00:00,88.61562149763871
2025-06-02 18:00:00,87.01241989354828
2025-06-02 19:00:00,92.95808582965856
2025-06-02 20:00:00,113.536063300164
2025-06-02 21:00:00,114.4729035874301
2025-06-02 22:00:00,108.5879918776512
2025-06-02 23:00:00,125.8054661338446
2025-06-03 00:00:00,126.5490744168119
2025-06-03 01:00:00,135.4761359847018
2025-06-03 02:00:00,142.1839761166688
2025-06-03 03:00:00,158.124834440905
2025-06-03 04:00:00,152.7599992892918
2025-06-03 05:00:00,163.3309123847534
2025-06-03 06:00:00,152.3615580566559
2025-06-03 07:00:00,158.3235407775607
2025-06-03 08:00:00,168.5836504369328
2025-06-03 09:00:00,138.3314903493699
2025-06-03 10:00:00,148.9735582283878
2025-06-03 11:00:00,130.6217150878162
2025-06-03 12:00:00,118.9443907996467
2025-06-03 13:00:00,118.7699708963597
2025-06-03 14:00:00,117.9573244290203
2025-06-03 15:00:00,111.8080030986772
2025-06-03 16:00:00,103.0801561992984
2025-06-03 17:00:00,102.2490971652575
2025-06-03 18:00:00,100.7890327457488
2025-06-03 19:00:00,110.7393090154829
2025-06-03 20:00:00,104.4583441056031
2025-06-03 21:00:00,112.8330032323344
2025-06-03 22:00:00,126.4230623100069
2025-06-03 23:00:00,119.8898853094959
2025-06-04 00:00:00,148.6212771918803
2025-06-04 01:00:00,153.227887858386
2025-06-04 02:00:00,158.6014462032162
2025-06-04 03:00:00,154.9950561538015
2025-06-04 04:00:00,173.0139773301556
2025-06-04 05:00:00,152.8683237703383
2025-06-04 06:00:00,168.0556202937933
2025-06-04 07:00:00,163.2095804632839
2025-06-04 08:00:00,161.6562514588686
2025-06-04 09:00:00,148.1728398986826
2025-06-04 10:00:00,126.9863689552402
2025-06-04 11:00:00,142.9715136241769
2025-06-04 12:00:00,132.4100420655444
2025-06-04 13:00:00,103.7190542210018
2025-06-04 14:00:00,109.1849127456931
2025-06-04 15:00:00,104.2734890994426
2025-06-04 16:00:00,93.74740631852355
2025-06-04 17:00:00,95.32464506683823
2025-06-04 18:00:00,85.53206885762269
2025-06-04 19:00:00,88.7255773331542
2025-06-04 20:00:00,89.91108900913913
2025-06-04 21:00:00,104.4238359734923
2025-06-04 22:00:00,113.9904683314521
2025-06-04 23:00:00,127.6231049864152
2025-06-05 00:00:00,135.4456931525583
2025-06-05 01:00:00,134.2007063568984
2025-06-05 02:00:00,131.8098852463957
2025-06-05 03:00:00,137.714584012528
2025-06-05 04:00:00,143.5277403633225
2025-06-05 05:00:00,148.2232921896947
2025-06-05 06:00:00,158.9365060975873
2025-06-05 07:00:00,146.942837971529
2025-06-05 08:00:00,151.4597092180061
2025-06-05 09:00:00,134.3057520913378
2025-06-05 10:00:00,128.5481130177503
2025-06-05 11:00:00,114.9921616411631
2025-06-05 12:00:00,110.7711485100318
2025-06-05 13:00:00,100.145880531763
2025-06-05 14:00:00,103.7185475280188
2025-06-05 15:00:00,90.29850200455326
2025-06-05 16:00:00,86.52274637961513
2025-06-05 17:00:00,83.4196318521832
2025-06-05 18:00:00,75.90163613506742
2025-06-05 19:00:00,79.07229204089768
2025-06-05 20:00:00,76.10320523987572
2025-06-05 21:00:00,80.38129619098946
2025-06-05 22:00:00,80.33838548672297
2025-06-05 23:00:00,82.70178714990931
2025-06-06 00:00:00,98.82114198026126
2025-06-06 01:00:00,102.0213768386348
2025-06-06 02:00:00,101.6598105120727
2025-06-06 03:00:00,121.5458630271781
2025-06-06 04:00:00,114.4040178178519
2025-06-06 05:00:00,124.575487806995
2025-06-06 06:00:00,126.5833044964268
2025-06-06 07:00:00,121.6247859630304
2025-06-06 08:00:00,124.0985347355197
2025-06-06 09:00:00,107.4356767627622
2025-06-06 10:00:00,104.5183800760791
2025-06-06 11:00:00,96.13785325240968
2025-06-06 12:00:00,85.70656510355788
2025-06-06 13:00:00,78.18044119337169
2025-06-06 14:00:00,77.18788341973388
2025-06-06 15:00:00,72.34358450242712
2025-06-06 16:00:00,63.68563458775387
2025-06-06 17:00:00,61.68576202304818
2025-06-06 18:00:00,65.71890989385889
2025-06-06 19:00:00,66.69831932886714
2025-06-06 20:00:00,63.57046889557152
2025-06-06 21:00:00,79.88664347909192
2025-06-06 22:00:00,86.79378905647073
2025-06-06 23:00:00,91.07313214389629
2025-06-07 00:00:00,93.24485547485811
2025-06-07 01:00:00,104.928059366716
2025-06-07 02:00:00,103.268091044369
2025-06-07 03:00:00,106.9273354433354
2025-06-07 04:00:00,109.7083807822878
2025-06-07 05:00:00,110.2373244614983
2025-06-07 06:00:00,110.3035350688975
2025-06-07 07:00:00,113.8186270898553
2025-06-07 08:00:00,121.0070113688251
2025-06-07 09:00:00,116.1989446961598
2025-06-07 10:00:00,104.0520245390824
2025-06-07 11:00:00,93.2218284449407
2025-06-07 12:00:00,78.1299267686247
2025-06-07 13:00:00,81.16508133040844
2025-06-07 14:00:00,68.36298373354252
2025-06-07 15:00:00,69.35375974039995
2025-06-07 16:00:00,66.10393019525195
2025-06-07 17:00:00,62.68286728757198
2025-06-07 18:00:00,64.37537595662849
2025-06-07 19:00:00,65.18579533178767
2025-06-07 20:00:00,68.03057087321481
2025-06-07 21:00:00,73.58210626813425
2025-06-07 22:00:00,88.07904474957262
2025-06-07 23:00:00,90.5879872553102
2025-06-08 00:00:00,96.53016814624011
2025-06-08 01:00:00,115.8167396960432
2025-06-08 02:00:00,107.5067588232544
2025-06-08 03:00:00,124.9485210689774
2025-06-08 04:00:00,134.9840969096794
2025-06-08 05:00:00,136.7526644038761
2025-06-08 06:00:00,126.5937125586052
2025-06-08 07:00:00,130.4379661149341
2025-06-08 08:00:00,114.2046854907328
2025-06-08 09:00:00,109.1363837479924
2025-06-08 10:00:00,106.1018025723498
2025-06-08 11:00:00,96.36413865607922
2025-06-08 12:00:00,100.7087672826086
2025-06-08 13:00:00,81.8385545507462
2025-06-08 14:00:00,92.5131299362392
2025-06-08 15:00:00,76.87916239647583
2025-06-08 16:00:00,72.60536619478948
2025-06-08 17:00:00,76.03338151418191
2025-06-08 18:00:00,71.88903881365326
2025-06-08 19:00:00,83.10974662556879
2025-06-08 20:00:00,79.25470904475945
2025-06-08 21:00:00,81.35021039251394
2025-06-08 22:00:00,87.29099866172741
2025-06-08 23:00:00,111.533225558975
2025-06-09 00:00:00,121.1143558585973
2025-06-09 01:00:00,114.0618720052315
2025-06-09 02:00:00,121.8180421988127
2025-06-09 03:00:00,141.2197923103594
2025-06-09 04:00:00,152.2562318630057
2025-06-09 05:00:00,144.4036265498877
2025-06-09 06:00:00,156.9383157261358
2025-06-09 07:00:00,146.6288478107019
2025-06-09 08:00:00,141.7737723061206
2025-06-09 09:00:00,141.8897750699048
2025-06-09 10:00:00,127.7446151087004
2025-06-09 11:00:00,118.9551764256723
2025-06-09 12:00:00,115.0926349979256
2025-06-09 13:00:00,102.1555172450566
2025-06-09 14:00:00,107.6339592653209
2025-06-09 15:00:00,104.229077354743
2025-06-09 16:00:00,95.64686442332145
2025-06-09 17:00:00,87.96254834825599
2025-06-09 18:00:00,99.49716333890606
2025-06-09 19:00:00,100.124942483077
2025-06-09 20:00:00,100.124707479209
2025-06-09 21:00:00,110.6672922785136
2025-06-09 22:00:00,108.4518888374717
2025-06-09 23:00:00,123.1976065441757
2025-06-10 00:00:00,132.3416234108475
2025-06-10 01:00:00,131.0335638803257
2025-06-10 02:00:00,132.7571174628028
2025-06-10 03:00:00,142.2956829227903
2025-06-10 04:00:00,146.6895419859453
2025-06-10 05:00:00,147.1303785119034
2025-06-10 06:00:00,146.6215993821098
2025-06-10 07:00:00,168.0224412489799
2025-06-10 08:00:00,169.480683968875
2025-06-10 09:00:00,165.3942458977506
2025-06-10 10:00:00,141.9068065201631
2025-06-10 11:00:00,147.7969719834669
2025-06-10 12:00:00,131.9919296709784
2025-06-10 13:00:00,136.0643086978058
2025-06-10 14:00:00,121.3124957080503
2025-06-10 15:00:00,108.3262317595802
2025-06-10 16:00:00,101.0436470002037
2025-06-10 17:00:00,108.1873902465145
2025-06-10 18:00:00,99.51922642454694
2025-06-10 19:00:00,106.8239791071894
2025-06-10 20:00:00,94.68674904369058
2025-06-10 21:00:00,97.63824770500104
2025-06-10 22:00:00,116.2317888084162
2025-06-10 23:00:00,122.3579474670839
2025-06-11 00:00:00,129.3243652716311
2025-06-11 01:00:00,133.2276814792158
2025-06-11 02:00:00,133.6787340945945
2025-06-11 03:00:00,150.0881907095169
2025-06-11 04:00:00,155.1209346867386
2025-06-11 05:00:00,146.0240206163004
2025-06-11 06:00:00,144.4732374606536
2025-06-11 07:00:00,160.2253076724757
2025-06-11 08:00:00,157.0509562684487
2025-06-11 09:00:00,157.3432439305329
2025-06-11 10:00:00,140.7765984693657
2025-06-11 11:00:00,126.297064867704
2025-06-11 12:00:00,126.641314301505
2025-06-11 13:00:00,107.3879630648305
2025-06-11 14:00:00,114.1210568891228
2025-06-11 15:00:00,98.29771766310735
2025-06-11 16:00:00,97.52356977023184
2025-06-11 17:00:00,83.661425054304
2025-06-11 18:00:00,86.41211594455505
2025-06-11 19:00:00,85.72048694249567
2025-06-11 20:00:00,93.52523563957465
2025-06-11 21:00:00,92.38795957567704
2025-06-11 22:00:00,107.2267758110361
2025-06-11 23:00:00,111.6746791943898
2025-06-12 00:00:00,114.1236533900739
2025-06-12 01:00:00,132.0377336802509
2025-06-12 02:00:00,132.0864776346012
2025-06-12 03:00:00,148.1190107444074
2025-06-12 04:00:00,154.2815102459714
2025-06-12 05:00:00,144.4021397314793
2025-06-12 06:00:00,134.2805880648703
2025-06-12 07:00:00,134.0117681933018
2025-06-12 08:00:00,143.8427676568068
2025-06-12 09:00:00,128.6014621131436
2025-06-12 10:00:00,118.7575216496637
2025-06-12 11:00:00,106.886041503993
2025-06-12 12:00:00,113.7037629951524
2025-06-12 13:00:00,95.66795093944982
2025-06-12 14:00:00,89.9822077331589
2025-06-12 15:00:00,74.39533353300884
2025-06-12 16:00:00,81.24812992684726
2025-06-12 17:00:00,74.7689895211281
2025-06-12 18:00:00,76.44364806531563
2025-06-12 19:00:00,76.01465974221546
2025-06-12 20:00:00,79.26545640489951
2025-06-12 21:00:00,84.54323122000247
2025-06-12 22:00:00,77.85326489780005
2025-06-12 23:00:00,96.5021137723732
2025-06-13 00:00:00,101.7255043586823
2025-06-13 01:00:00,113.9303199405898
2025-06-13 02:00:00,121.0516813722787
2025-06-13 03:00:00,109.2618086264031
2025-06-13 04:00:00,112.3920127797111
2025-06-13 05:00:00,136.1118009831655
2025-06-13 06:00:00,126.3874638173425
2025-06-13 07:00:00,126.5096544570478
2025-06-13 08:00:00,117.4883477487177
2025-06-13 09:00:00,105.5288097208687
2025-06-13 10:00:00,99.08126850772719
2025-06-13 11:00:00,111.9960578061785
2025-06-13 12:00:00,103.8693393651728
2025-06-13 13:00:00,88.00565170024836
2025-06-13 14:00:00,81.34266253964611
2025-06-13 15:00:00,67.30456339395887
2025-06-13 16:00:00,69.71623716350253
2025-06-13 17:00:00,68.39411544666626
2025-06-13 18:00:00,57.0255999715024
2025-06-13 19:00:00,62.53382374375131
2025-06-13 20:00:00,60.89627543989104
2025-06-13 21:00:00,64.4367453785099
2025-06-13 22:00:00,71.61878572874508
2025-06-13 23:00:00,68.05591496296773
2025-06-14 00:00:00,77.76465824281578
2025-06-14 01:00:00,97.97322707955881
2025-06-14 02:00:00,91.21575135923402
2025-06-14 03:00:00,110.4281256989578
2025-06-14 04:00:00,112.5696013839104
2025-06-14 05:00:00,115.5947054258407
2025-06-14 06:00:00,119.0538790893383
2025-06-14 07:00:00,127.2800442622052
2025-06-14 08:00:00,118.9239563898996
2025-06-14 09:00:00,112.4440406198514
2025-06-14 10:00:00,101.1554155181455
2025-06-14 11:00:00,96.65283160707827
2025-06-14 12:00:00,94.98254068941395
2025-06-14 13:00:00,93.17803945514919
2025-06-14 14:00:00,75.72923209337809
2025-06-14 15:00:00,67.22900817077024
2025-06-14 16:00:00,69.18944020026666
2025-06-14 17:00:00,66.88969896321603
2025-06-14 18:00:00,59.97249834785908
2025-06-14 19:00:00,61.923281556977
2025-06-14 20:00:00,65.84140288086135
2025-06-14 21:00:00,71.02581878733395
2025-06-14 22:00:00,71.93416971065221
2025-06-14 23:00:00,71.00128931152422
2025-06-15 00:00:00,81.89817743895306
2025-06-15 01:00:00,96.92854292641974
2025-06-15 02:00:00,106.2750072331095
2025-06-15 03:00:00,104.0221320972121
2025-06-15 04:00:00,120.2365562457625
2025-06-15 05:00:00,129.3427823209471
2025-06-15 06:00:00,137.3044336446728
2025-06-15 07:00:00,130.8042217366525
2025-06-15 08:00:00,114.2357035412584
2025-06-15 09:00:00,108.6623456573692
2025-06-15 10:00:00,104.3023928644738
2025-06-15 11:00:00,106.4778755066629
2025-06-15 12:00:00,104.8321418562237
2025-06-15 13:00:00,98.31294834877414
2025-06-15 14:00:00,81.17000226945692
2025-06-15 15:00:00,72.63425899494978
2025-06-15 16:00:00,68.76735614720954
2025-06-15 17:00:00,74.23703321766882
2025-06-15 18:00:00,72.72886804772016
2025-06-15 19:00:00,81.23731582561342
2025-06-15 20:00:00,80.8384265873209
2025-06-15 21:00:00,82.96320475463257
2025-06-15 22:00:00,89.74636394667702
2025-06-15 23:00:00,96.60566028884749
2025-06-16 00:00:00,106.081247447708
2025-06-16 01:00:00,109.7949251277526
2025-06-16 02:00:00,118.0380223414898
2025-06-16 03:00:00,124.446951800075
2025-06-16 04:00:00,132.2589454800003
2025-06-16 05:00:00,150.4275153790565
2025-06-16 06:00:00,135.821667739847
2025-06-16 07:00:00,144.9628616787464
2025-06-16 08:00:00,131.6355743230388
2025-06-16 09:00:00,134.2606540632309
2025-06-16 10:00:00,123.8202001130943
2025-06-16 11:00:00,111.0958800382871
2025-06-16 12:00:00,112.3470983534454
2025-06-16 13:00:00,94.91850121622576
2025-06-16 14:00:00,105.9052214091822
2025-06-16 15:00:00,85.8004439225541
2025-06-16 16:00:00,96.22306591839151
2025-06-16 17:00:00,86.84527005718292
2025-06-16 18:00:00,84.77772015660406
2025-06-16 19:00:00,100.8424564282354
2025-06-16 20:00:00,99.4420015428964
2025-06-16 21:00:00,111.0597159640033
2025-06-16 22:00:00,118.0301263003785
2025-06-16 23:00:00,113.9669659483271
2025-06-17 00:00:00,138.9591175350841
2025-06-17 01:00:00,124.1219934962629
2025-06-17 02:00:00,152.9318995373946
2025-06-17 03:00:00,140.349039894086
2025-06-17 04:00:00,150.9962444588742
2025-06-17 05:00:00,167.3901946887839
2025-06-17 06:00:00,164.7579939721912
2025-06-17 07:00:00,155.4133683362183
2025-06-17 08:00:00,158.3500074546532
2025-06-17 09:00:00,153.8566873419012
2025-06-17 10:00:00,132.8742826567171
2025-06-17 11:00:00,127.7215771480201
2025-06-17 12:00:00,119.1445290774563
2025-06-17 13:00:00,115.2116580452625
2025-06-17 14:00:00,105.7190460403422
2025-06-17 15:00:00,93.53781280005646
2025-06-17 16:00:00,92.61968592691193
2025-06-17 17:00:00,92.27144612708707
2025-06-17 18:00:00,95.74062472212941
2025-06-17 19:00:00,89.9491724937016
2025-06-17 20:00:00,95.23952139970186
2025-06-17 21:00:00,99.43112624226058
2025-06-17 22:00:00,106.0547524407091
2025-06-17 23:00:00,131.6848340003227
2025-06-18 00:00:00,126.4630276328655
2025-06-18 01:00:00,125.0094917336398
2025-06-18 02:00:00,130.9834813835754
2025-06-18 03:00:00,151.0372690661457
2025-06-18 04:00:00,164.8700602946896
2025-06-18 05:00:00,153.7481488359971
2025-06-18 06:00:00,162.7084203492861
2025-06-18 07:00:00,136.5308298191371
2025-06-18 08:00:00,134.3973138658439
2025-06-18 09:00:00,151.3091036345893
2025-06-18 10:00:00,136.2492521337972
2025-06-18 11:00:00,134.4778742964237
2025-06-18 12:00:00,111.5469226656661
2025-06-18 13:00:00,107.3317757519663
2025-06-18 14:00:00,102.7592211923648
2025-06-18 15:00:00,102.2202028798737
2025-06-18 16:00:00,97.41871428090906
2025-06-18 17:00:00,80.7755799681579
2025-06-18 18:00:00,83.83736774436767
2025-06-18 19:00:00,95.42183617305953
2025-06-18 20:00:00,94.29188502369198
2025-06-18 21:00:00,88.52822381518216
2025-06-18 22:00:00,100.5898476233818
2025-06-18 23:00:00,118.754865606955
2025-06-19 00:00:00,122.7137014422719
2025-06-19 01:00:00,121.082371261199
2025-06-19 02:00:00,120.0908758894295
2025-06-19 03:00:00,134.7765613015335
2025-06-19 04:00:00,125.8148758411918
2025-06-19 05:00:00,138.2306082027943
2025-06-19 06:00:00,138.7147914544201
2025-06-19 07:00:00,142.0516826321221
2025-06-19 08:00:00,120.9719305331831
2025-06-19 09:00:00,136.4523764433293
2025-06-19 10:00:00,113.343353843454
2025-06-19 11:00:00,103.5721520207913
2025-06-19 12:00:00,97.86758328616821
2025-06-19 13:00:00,88.4286709567319
2025-06-19 14:00:00,83.0272322368521
2025-06-19 15:00:00,88.06197484310064
2025-06-19 16:00:00,78.43868325103138
2025-06-19 17:00:00,77.53540626153561
2025-06-19 18:00:00,67.05446076431939
2025-06-19 19:00:00,68.3025951988915
2025-06-19 20:00:00,68.82123748907345
2025-06-19 21:00:00,68.93810688886909
2025-06-19 22:00:00,86.94769696868914
2025-06-19 23:00:00,82.30366154852533
2025-06-20 00:00:00,96.06360636147977
2025-06-20 01:00:00,93.72170348348493
2025-06-20 02:00:00,96.18544052789565
2025-06-20 03:00:00,112.9542979940007
2025-06-20 04:00:00,118.7135481864938
2025-06-20 05:00:00,131.0620699720187
2025-06-20 06:00:00,111.6927461956582
2025-06-20 07:00:00,115.866359072772
2025-06-20 08:00:00,123.1494008816633
2025-06-20 09:00:00,106.9175020100151
2025-06-20 10:00:00,105.22512622358
2025-06-20 11:00:00,89.16716261091804
2025-06-20 12:00:00,88.63457001638909
2025-06-20 13:00:00,79.92586492829084
2025-06-20 14:00:00,76.77177715691708
2025-06-20 15:00:00,64.51381536253741
2025-06-20 16:00:00,54.30471468123834
2025-06-20 17:00:00,56.50555878637385
2025-06-20 18:00:00,51.53813985302937
2025-06-20 19:00:00,60.01355037115164
2025-06-20 20:00:00,65.27413581768128
2025-06-20 21:00:00,70.5866059551673
2025-06-20 22:00:00,72.64833515046753
2025-06-20 23:00:00,87.34206668585139
2025-06-21 00:00:00,80.95700772617602
2025-06-21 01:00:00,97.48705157975493
2025-06-21 02:00:00,98.68799155240441
2025-06-21 03:00:00,104.4186231142317
2025-06-21 04:00:00,113.8731894044849
2025-06-21 05:00:00,116.5703444095597
2025-06-21 06:00:00,107.7846683930037
2025-06-21 07:00:00,121.5243164098875
2025-06-21 08:00:00,101.729059526793
2025-06-21 09:00:00,98.60064347607897
2025-06-21 10:00:00,106.2375753661409
2025-06-21 11:00:00,96.74870353834804
2025-06-21 12:00:00,86.42735700828193
2025-06-21 13:00:00,72.01358807014608
2025-06-21 14:00:00,62.90424331837248
2025-06-21 15:00:00,68.60943129280797
2025-06-21 16:00:00,62.28617271177808
2025-06-21 17:00:00,60.07171401058823
2025-06-21 18:00:00,56.42851189516617
2025-06-21 19:00:00,63.08777990003202
2025-06-21 20:00:00,62.78274789014296
2025-06-21 21:00:00,70.22894734831772
2025-06-21 22:00:00,83.15862555350382
2025-06-21 23:00:00,91.14125383991042
2025-06-22 00:00:00,91.11618735778026
2025-06-22 01:00:00,108.7694520001067
2025-06-22 02:00:00,103.3035590390768
2025-06-22 03:00:00,109.3875834382155
2025-06-22 04:00:00,130.1696183598889
2025-06-22 05:00:00,113.249172644291
2025-06-22 06:00:00,126.6727137677659
2025-06-22 07:00:00,118.348390943791
2025-06-22 08:00:00,113.9062276310414
2025-06-22 09:00:00,104.0241241728291
2025-06-22 10:00:00,97.07440995327467
2025-06-22 11:00:00,90.84001091491157
2025-06-22 12:00:00,91.94253141491565
2025-06-22 13:00:00,90.42308148996308
2025-06-22 14:00:00,75.94677364275162
2025-06-22 15:00:00,69.062273825533
2025-06-22 16:00:00,69.06960735368195
2025-06-22 17:00:00,68.58194156488115
2025-06-22 18:00:00,70.66711521215618
2025-06-22 19:00:00,80.6148586604677
2025-06-22 20:00:00,82.06556904419087
2025-06-22 21:00:00,81.29606879443679
2025-06-22 22:00:00,96.03235941705769
2025-06-22 23:00:00,105.1213781061621
2025-06-23 00:00:00,120.7547687107536
2025-06-23 01:00:00,122.4215141764446
2025-06-23 02:00:00,116.922870678312
2025-06-23 03:00:00,130.9604885045196
2025-06-23 04:00:00,150.335220742322
2025-06-23 05:00:00,135.597730175885
2025-06-23 06:00:00,144.0824130434488
2025-06-23 07:00:00,137.3957426557344
2025-06-23 08:00:00,145.9156190610427
2025-06-23 09:00:00,125.5015506268995
2025-06-23 10:00:00,115.8303100999933
2025-06-23 11:00:00,118.9091264741744
2025-06-23 12:00:00,116.7205778884417
2025-06-23 13:00:00,100.8267838748456
2025-06-23 14:00:00,95.44830227531926
2025-06-23 15:00:00,88.83310022689157
2025-06-23 16:00:00,93.25111413175055
2025-06-23 17:00:00,92.10749107047886
2025-06-23 18:00:00,88.43452178431146
2025-06-23 19:00:00,93.33310022871312
2025-06-23 20:00:00,85.7834235609794
2025-06-23 21:00:00,92.82896192970536
2025-06-23 22:00:00,98.62461065018462
2025-06-23 23:00:00,122.136767331727
2025-06-24 00:00:00,120.7905479204397
2025-06-24 01:00:00,145.2566231038255
2025-06-24 02:00:00,144.8769104578773
2025-06-24 03:00:00,131.8144542402448
2025-06-24 04:00:00,145.7658200916347
2025-06-24 05:00:00,144.8006249698874
2025-06-24 06:00:00,147.4377551923426
2025-06-24 07:00:00,142.6540825857752
2025-06-24 08:00:00,146.6435896651772
2025-06-24 09:00:00,153.6863015771351
2025-06-24 10:00:00,133.9031983042269
2025-06-24 11:00:00,124.2536285823571
2025-06-24 12:00:00,129.847348612712
2025-06-24 13:00:00,121.8012757563129
2025-06-24 14:00:00,110.0822969237535
2025-06-24 15:00:00,92.16600061862852
2025-06-24 16:00:00,87.60052782946003
2025-06-24 17:00:00,94.8788577381938
2025-06-24 18:00:00,96.19871221501406
2025-06-24 19:00:00,95.48674529485568
2025-06-24 20:00:00,99.80677309322752
2025-06-24 21:00:00,109.150954053758
2025-06-24 22:00:00,103.0938120024613
2025-06-24 23:00:00,115.2448907888155
2025-06-25 00:00:00,127.0603646691317
2025-06-25 01:00:00,132.1246961774366
2025-06-25 02:00:00,125.8630392723234
2025-06-25 03:00:00,134.4838822358525
2025-06-25 04:00:00,133.0589689220555
2025-06-25 05:00:00,137.8357579960773
2025-06-25 06:00:00,160.5221507461345
2025-06-25 07:00:00,136.8363801414327
2025-06-25 08:00:00,148.7814023287497
2025-06-25 09:00:00,136.6497799885413
2025-06-25 10:00:00,148.2375464456608
2025-06-25 11:00:00,116.2393803327758
2025-06-25 12:00:00,118.9600195492524
2025-06-25 13:00:00,101.6631562346229
2025-06-25 14:00:00,114.2756733985852
2025-06-25 15:00:00,107.1466051789611
2025-06-25 16:00:00,92.76764409334487
2025-06-25 17:00:00,86.61264268623881
2025-06-25 18:00:00,83.04075855457009
2025-06-25 19:00:00,91.01572956462277
2025-06-25 20:00:00,77.10929456568591
2025-06-25 21:00:00,80.25865055491026
2025-06-25 22:00:00,94.38179063337309
2025-06-25 23:00:00,101.8669395394646
2025-06-26 00:00:00,103.6123269210392
2025-06-26 01:00:00,102.7880706594568
2025-06-26 02:00:00,115.2674566668201
2025-06-26 03:00:00,130.6773259088371
2025-06-26 04:00:00,133.1007245812428
2025-06-26 05:00:00,127.2585851118752
2025-06-26 06:00:00,143.4984384973383
2025-06-26 07:00:00,141.4653829746125
2025-06-26 08:00:00,134.3960425417895
2025-06-26 09:00:00,123.8217568501363
2025-06-26 10:00:00,131.5669959268537
2025-06-26 11:00:00,105.4881358595
2025-06-26 12:00:00,101.8426949249919
2025-06-26 13:00:00,98.73362635341697
2025-06-26 14:00:00,81.99816014726075
2025-06-26 15:00:00,76.51581968916338
2025-06-26 16:00:00,67.28508789082134
2025-06-26 17:00:00,65.34519804983208
2025-06-26 18:00:00,63.63287708936171
2025-06-26 19:00:00,67.81727253785759
2025-06-26 20:00:00,74.2702703979313
2025-06-26 21:00:00,79.68171189282117
2025-06-26 22:00:00,74.40850193226368
2025-06-26 23:00:00,95.06437759212483
2025-06-27 00:00:00,87.20688229639704
2025-06-27 01:00:00,103.0728630064211
2025-06-27 02:00:00,103.2630799079818
2025-06-27 03:00:00,113.2945826583611
2025-06-27 04:00:00,117.8209904616922
2025-06-27 05:00:00,117.3797201677357
2025-06-27 06:00:00,117.2565717320092
2025-06-27 07:00:00,108.519749682055
2025-06-27 08:00:00,117.889521529127
2025-06-27 09:00:00,113.6687441289804
2025-06-27 10:00:00,98.83289137030346
2025-06-27 11:00:00,88.23815895072927
2025-06-27 12:00:00,80.926563725131
2025-06-27 13:00:00,75.33005961963465
2025-06-27 14:00:00,65.36290468253473
2025-06-27 15:00:00,62.03993686800779
2025-06-27 16:00:00,53.36216137300599
2025-06-27 17:00:00,53.96765147649464
2025-06-27 18:00:00,54.67749046528917
2025-06-27 19:00:00,51.37667573674313
2025-06-27 20:00:00,61.56859062451201
2025-06-27 21:00:00,66.81688992286007
2025-06-27 22:00:00,71.2522322375348
2025-06-27 23:00:00,74.49543549083349
2025-06-28 00:00:00,91.43544637048915
2025-06-28 01:00:00,86.65835329937114
2025-06-28 02:00:00,102.1504646414242
2025-06-28 03:00:00,96.4955362072467
2025-06-28 04:00:00,116.0582961020422
2025-06-28 05:00:00,100.6095138844726
2025-06-28 06:00:00,108.839347427147
2025-06-28 07:00:00,103.581262771549
2025-06-28 08:00:00,104.8241129092547
2025-06-28 09:00:00,93.15464846563917
2025-06-28 10:00:00,87.01544638524989
2025-06-28 11:00:00,77.91357814377835
2025-06-28 12:00:00,77.62541451161323
2025-06-28 13:00:00,73.87380022500832
2025-06-28 14:00:00,64.1154525936875
2025-06-28 15:00:00,55.39901496964011
2025-06-28 16:00:00,50.87547159460076
2025-06-28 17:00:00,52.9141057101264
2025-06-28 18:00:00,48.85160244675682
2025-06-28 19:00:00,55.82936558671084
2025-06-28 20:00:00,65.94595323235093
2025-06-28 21:00:00,71.19456173305608
2025-06-28 22:00:00,69.71736962171977
2025-06-28 23:00:00,89.7861597598179
2025-06-29 00:00:00,84.08918312181493
2025-06-29 01:00:00,95.94826434793906
2025-06-29 02:00:00,99.44499682104912
2025-06-29 03:00:00,116.2792720159506
2025-06-29 04:00:00,125.4095431223906
2025-06-29 05:00:00,122.2392288919883
2025-06-29 06:00:00,112.1386848076164
2025-06-29 07:00:00,108.4306730783059
2025-06-29 08:00:00,110.3767931118773
2025-06-29 09:00:00,100.8894148536087
2025-06-29 10:00:00,106.4966536973139
2025-06-29 11:00:00,95.49244891753347
2025-06-29 12:00:00,87.09790975198668
2025-06-29 13:00:00,75.06854598482057
2025-06-29 14:00:00,68.59859630150795
2025-06-29 15:00:00,70.26062411983033
2025-06-29 16:00:00,60.84915104167344
2025-06-29 17:00:00,71.36317787101926
2025-06-29 18:00:00,64.66770899529484
2025-06-29 19:00:00,71.6327823974922
2025-06-29 20:00:00,64.73638605666106
2025-06-29 21:00:00,70.38925750102315
2025-06-29 22:00:00,79.69172234376681
2025-06-29 23:00:00,80.32625759517754
2025-06-30 00:00:00,105.410080769301
2025-06-30 01:00:00,95.1868501041628
2025-06-30 02:00:00,109.1978115099034
2025-06-30 03:00:00,128.3267662261298
2025-06-30 04:00:00,115.1479267469612
2025-06-30 05:00:00,142.5838030220171
2025-06-30 06:00:00,120.8564076868819
2025-06-30 07:00:00,120.8176190421982
2025-06-30 08:00:00,128.8232568000608
2025-06-30 09:00:00,119.1322817763824
2025-06-30 10:00:00,114.1739532073286
2025-06-30 11:00:00,113.9057151671638
2025-06-30 12:00:00,117.6052793348653
2025-06-30 13:00:00,99.94213685301051
2025-06-30 14:00:00,100.151903033232
2025-06-30 15:00:00,93.96745766630856
2025-06-30 16:00:00,84.15963525061346
2025-06-30 17:00:00,79.22404887108212
2025-06-30 18:00:00,78.1365285387034
2025-06-30 19:00:00,80.28334927493873
2025-06-30 20:00:00,92.99025430796759
2025-06-30 21:00:00,96.12457703658842
2025-06-30 22:00:00,98.83752596310092
2025-06-30 23:00:00,110.181517527572
2025-07-01 00:00:00,116.0591973332039
2025-07-01 01:00:00,119.8546721755928
2025-07-01 02:00:00,115.9589229079449
2025-07-01 03:00:00,143.7469745896573
2025-07-01 04:00:00,154.5247244977665
2025-07-01 05:00:00,147.7644969878839
2025-07-01 06:00:00,158.5628236404427
2025-07-01 07:00:00,145.9504215897788
2025-07-01 08:00:00,149.6245049444903
2025-07-01 09:00:00,146.0844571908344
2025-07-01 10:00:00,134.8765094439935
2025-07-01 11:00:00,123.158534576161
2025-07-01 12:00:00,115.0606221840121
2025-07-01 13:00:00,111.697490728627
2025-07-01 14:00:00,99.36217067642929
2025-07-01 15:00:00,89.81403779557179
2025-07-01 16:00:00,100.387656215097
2025-07-01 17:00:00,99.7149583154817
2025-07-01 18:00:00,98.248292135942
2025-07-01 19:00:00,90.44673167568133
2025-07-01 20:00:00,101.5351322196948
2025-07-01 21:00:00,98.33781447256897
2025-07-01 22:00:00,105.5504647473076
2025-07-01 23:00:00,124.2509930528848
2025-07-02 00:00:00,133.2857358070136
2025-07-02 01:00:00,139.2348076153139
2025-07-02 02:00:00,140.8184738887161
2025-07-02 03:00:00,154.9228433959548
2025-07-02 04:00:00,132.7000626251237
2025-07-02 05:00:00,149.5999984919746
2025-07-02 06:00:00,138.5576362955576
2025-07-02 07:00:00,154.4421493033553
2025-07-02 08:00:00,148.740911559375
2025-07-02 09:00:00,141.4015937109414
2025-07-02 10:00:00,128.1135497700293
2025-07-02 11:00:00,124.7223377586017
2025-07-02 12:00:00,107.0578005539712
2025-07-02 13:00:00,103.8753086641157
2025-07-02 14:00:00,100.7351534541281
2025-07-02 15:00:00,96.11394429590649
2025-07-02 16:00:00,83.29814160817159
2025-07-02 17:00:00,85.57725134261635
2025-07-02 18:00:00,82.56957814797872
2025-07-02 19:00:00,81.07814206923858
2025-07-02 20:00:00,93.35312338157384
2025-07-02 21:00:00,99.14560932053797
2025-07-02 22:00:00,89.25480467718403
2025-07-02 23:00:00,96.41037873493129
2025-07-03 00:00:00,102.9032880099747
2025-07-03 01:00:00,116.5140585969191
2025-07-03 02:00:00,125.7061249023945
2025-07-03 03:00:00,132.7281836673361
2025-07-03 04:00:00,137.4797484018746
2025-07-03 05:00:00,147.8126243438763
2025-07-03 06:00:00,138.6861624939123
2025-07-03 07:00:00,135.7669516880132
2025-07-03 08:00:00,134.0860558024516
2025-07-03 09:00:00,120.0091131036879
2025-07-03 10:00:00,105.2857135844576
2025-07-03 11:00:00,115.7832736959912
2025-07-03 12:00:00,92.67689375334102
2025-07-03 13:00:00,90.44564481207357
2025-07-03 14:00:00,80.14351309444407
2025-07-03 15:00:00,73.05641858779511
2025-07-03 16:00:00,76.37322288476446
2025-07-03 17:00:00,70.13820559246935
2025-07-03 18:00:00,60.78764548525257
2025-07-03 19:00:00,61.50627728738254
2025-07-03 20:00:00,65.5781172091875
2025-07-03 21:00:00,69.63733166254211
2025-07-03 22:00:00,77.01968406524844
2025-07-03 23:00:00,87.1997416071428
2025-07-04 00:00:00,87.91652081499461
2025-07-04 01:00:00,98.93269933664097
2025-07-04 02:00:00,99.26644934368734
2025-07-04 03:00:00,116.2090925655156
2025-07-04 04:00:00,120.752129364735
2025-07-04 05:00:00,116.8771914014285
2025-07-04 06:00:00,118.5626718970168
2025-07-04 07:00:00,118.389646046653
2025-07-04 08:00:00,106.9992166896837
2025-07-04 09:00:00,96.39889799577448
2025-07-04 10:00:00,99.34985600414653
2025-07-04 11:00:00,84.20259347049524
2025-07-04 12:00:00,78.25028950776631
2025-07-04 13:00:00,66.16799615878325
2025-07-04 14:00:00,66.85984986166032
2025-07-04 15:00:00,64.07511716742172
2025-07-04 16:00:00,58.21967891626799
2025-07-04 17:00:00,49.7512657676729
2025-07-04 18:00:00,53.37566016857578
2025-07-04 19:00:00,55.49840838346859
2025-07-04 20:00:00,59.41067120443513
2025-07-04 21:00:00,71.69498213920384
2025-07-04 22:00:00,71.4462667926898
2025-07-04 23:00:00,76.36540138147781
2025-07-05 00:00:00,85.99505530694856
2025-07-05 01:00:00,100.201020396603
2025-07-05 02:00:00,92.55441299668121
2025-07-05 03:00:00,117.3481507994332
2025-07-05 04:00:00,110.2018675358497
2025-07-05 05:00:00,100.5978355369897
2025-07-05 06:00:00,103.5963595017396
2025-07-05 07:00:00,117.0523922714203
2025-07-05 08:00:00,110.9417749855588
2025-07-05 09:00:00,104.8701095702289
2025-07-05 10:00:00,89.57578150399095
2025-07-05 11:00:00,88.0262119044619
2025-07-05 12:00:00,77.20921879042618
2025-07-05 13:00:00,65.71078747183192
2025-07-05 14:00:00,65.46958012112594
2025-07-05 15:00:00,59.6754938518886
2025-07-05 16:00:00,59.74419924753512
2025-07-05 17:00:00,56.63794419758744
2025-07-05 18:00:00,56.35160421889962
2025-07-05 19:00:00,58.51572987866131
2025-07-05 20:00:00,59.52089422582949
2025-07-05 21:00:00,63.50484740769706
2025-07-05 22:00:00,75.27637722812847
2025-07-05 23:00:00,78.50499111292923
2025-07-06 00:00:00,86.7040888343439
2025-07-06 01:00:00,93.43406874502583
2025-07-06 02:00:00,104.8424564385621
2025-07-06 03:00:00,118.8538492054869
2025-07-06 04:00:00,115.6070407436568
2025-07-06 05:00:00,123.4376873586802
2025-07-06 06:00:00,114.0247574876413
2025-07-06 07:00:00,112.1090846479865
2025-07-06 08:00:00,108.6254698697161
2025-07-06 09:00:00,103.7375032146997
2025-07-06 10:00:00,103.8815237855209
2025-07-06 11:00:00,95.43198697526206
2025-07-06 12:00:00,92.75463199785871
2025-07-06 13:00:00,80.74571434911681
2025-07-06 14:00:00,77.57423644084496
2025-07-06 15:00:00,70.31220582213075
2025-07-06 16:00:00,72.05480750663894
2025-07-06 17:00:00,70.50693517763231
2025-07-06 18:00:00,66.3195762524522
2025-07-06 19:00:00,66.97316470144757
2025-07-06 20:00:00,68.76942911967446
2025-07-06 21:00:00,87.88303094678845
2025-07-06 22:00:00,99.10062588608174
2025-07-06 23:00:00,107.0550913527257
2025-07-07 00:00:00,117.5745484936111
2025-07-07 01:00:00,110.1249846323446
2025-07-07 02:00:00,129.0607764653272
2025-07-07 03:00:00,118.1634651449796
2025-07-07 04:00:00,136.1984299294144
2025-07-07 05:00:00,129.5012374622319
2025-07-07 06:00:00,146.0428349549138
2025-07-07 07:00:00,144.4368336381482
2025-07-07 08:00:00,131.3548279100631
2025-07-07 09:00:00,131.5176623750763
2025-07-07 10:00:00,132.5897664280559
2025-07-07 11:00:00,108.952534336173
2025-07-07 12:00:00,97.21773069543485
2025-07-07 13:00:00,94.7981751008812
2025-07-07 14:00:00,86.3234967465587
2025-07-07 15:00:00,81.96515161462659
2025-07-07 16:00:00,86.47255689553236
2025-07-07 17:00:00,79.42426645314647
2025-07-07 18:00:00,86.33284683641445
2025-07-07 19:00:00,84.04579085118507
2025-07-07 20:00:00,100.97304293855
2025-07-07 21:00:00,92.26360372079698
2025-07-07 22:00:00,112.2007199523892
2025-07-07 23:00:00,119.8767778740707
2025-07-08 00:00:00,126.8161031818646
2025-07-08 01:00:00,139.1715141135616
2025-07-08 02:00:00,150.965198939021
2025-07-08 03:00:00,144.6898764690656
2025-07-08 04:00:00,134.7454937403645
2025-07-08 05:00:00,136.8541250010802
2025-07-08 06:00:00,158.0116131630705
2025-07-08 07:00:00,141.2613011873648
2025-07-08 08:00:00,158.152304816388
2025-07-08 09:00:00,129.8748083201009
2025-07-08 10:00:00,148.8381250809397
2025-07-08 11:00:00,136.7264106773298
2025-07-08 12:00:00,122.3629504892998
2025-07-08 13:00:00,120.7111788331042
2025-07-08 14:00:00,100.7792851629302
2025-07-08 15:00:00,106.3215580315175
2025-07-08 16:00:00,92.71351299992016
2025-07-08 17:00:00,102.6049350532792
2025-07-08 18:00:00,98.03129542805074
2025-07-08 19:00:00,99.08843989106809
2025-07-08 20:00:00,90.2101044692071
2025-07-08 21:00:00,105.7833524728416
2025-07-08 22:00:00,105.2988796444221
2025-07-08 23:00:00,117.2314129254113
2025-07-09 00:00:00,123.6022431919182
2025-07-09 01:00:00,125.4066975074681
2025-07-09 02:00:00,143.4489737276727
2025-07-09 03:00:00,128.5873637998119
2025-07-09 04:00:00,151.853242298547
2025-07-09 05:00:00,153.4695667973232
2025-07-09 06:00:00,158.8615494839985
2025-07-09 07:00:00,149.9513300163438
2025-07-09 08:00:00,158.9721999981958
2025-07-09 09:00:00,148.5950339638177
2025-07-09 10:00:00,127.5766804426219
2025-07-09 11:00:00,137.9631830883051
2025-07-09 12:00:00,130.7226439901993
2025-07-09 13:00:00,107.7293830581954
2025-07-09 14:00:00,103.9533069133335
2025-07-09 15:00:00,108.3361589334226
2025-07-09 16:00:00,98.01965818168651
2025-07-09 17:00:00,81.6295957997116
2025-07-09 18:00:00,94.40734119115942
2025-07-09 19:00:00,87.81905760129231
2025-07-09 20:00:00,82.56321994153858
2025-07-09 21:00:00,91.05215555953133
2025-07-09 22:00:00,101.06611771981
2025-07-09 23:00:00,91.93044464817824
2025-07-10 00:00:00,108.9157416785311
2025-07-10 01:00:00,116.7710835417717
2025-07-10 02:00:00,133.6087175367944
2025-07-10 03:00:00,139.8894546620255
2025-07-10 04:00:00,141.3863795794535
2025-07-10 05:00:00,136.5316431438819
2025-07-10 06:00:00,143.4534048314993
2025-07-10 07:00:00,142.8526112416064
2025-07-10 08:00:00,131.9571706587547
2025-07-10 09:00:00,125.4351156626258
2025-07-10 10:00:00,113.317348269961
2025-07-10 11:00:00,123.1839285033688
2025-07-10 12:00:00,103.1386130979931
2025-07-10 13:00:00,101.458511078409
2025-07-10 14:00:00,82.65444934945874
2025-07-10 15:00:00,74.43585183664926
2025-07-10 16:00:00,79.20911696517976
2025-07-10 17:00:00,74.07719099305822
2025-07-10 18:00:00,74.78925169070469
2025-07-10 19:00:00,65.06810145104464
2025-07-10 20:00:00,68.95794855741885
2025-07-10 21:00:00,76.45493644518756
2025-07-10 22:00:00,88.11372725023206
2025-07-10 23:00:00,90.77337786423415
2025-07-11 00:00:00,108.1002469448827
2025-07-11 01:00:00,98.66654072892506
2025-07-11 02:00:00,110.1511947471305
2025-07-11 03:00:00,110.2864917467326
2025-07-11 04:00:00,127.5820424873067
2025-07-11 05:00:00,115.9143369549773
2025-07-11 06:00:00,110.1749333387825
2025-07-11 07:00:00,128.8470869004028
2025-07-11 08:00:00,119.8652103844827
2025-07-11 09:00:00,107.3576675971047
2025-07-11 10:00:00,100.1434440013526
2025-07-11 11:00:00,95.33270281653051
2025-07-11 12:00:00,83.71977113312703
2025-07-11 13:00:00,74.40955239416633
2025-07-11 14:00:00,77.4261481238193
2025-07-11 15:00:00,64.52522468412472
2025-07-11 16:00:00,65.38325080442313
2025-07-11 17:00:00,61.07490686516683
2025-07-11 18:00:00,59.44420677663098
2025-07-11 19:00:00,59.31111881047669
2025-07-11 20:00:00,59.4670406993475
2025-07-11 21:00:00,65.95581038997368
2025-07-11 22:00:00,75.27938025818115
2025-07-11 23:00:00,71.45843231700957
2025-07-12 00:00:00,80.14130426475857
2025-07-12 01:00:00,83.00008717081107
2025-07-12 02:00:00,96.8770138495477
2025-07-12 03:00:00,107.6227057038858
2025-07-12 04:00:00,112.4138673121032
2025-07-12 05:00:00,101.874516199908
2025-07-12 06:00:00,115.2737822890957
2025-07-12 07:00:00,112.0864900138719
2025-07-12 08:00:00,115.2753102808168
2025-07-12 09:00:00,109.6576726447996
2025-07-12 10:00:00,94.77163835127611
2025-07-12 11:00:00,98.09919471594065
2025-07-12 12:00:00,85.40512324884219
2025-07-12 13:00:00,77.7698459542053
2025-07-12 14:00:00,80.96518247127929
2025-07-12 15:00:00,70.99298200402187
2025-07-12 16:00:00,61.36295415534155
2025-07-12 17:00:00,55.15425989720489
2025-07-12 18:00:00,61.98884564335269
2025-07-12 19:00:00,60.30850573591594
2025-07-12 20:00:00,63.06445452684816
2025-07-12 21:00:00,66.21754704694942
2025-07-12 22:00:00,73.786551898432
2025-07-12 23:00:00,68.88320720814201
2025-07-13 00:00:00,76.8419976237684
2025-07-13 01:00:00,94.51579425279637
2025-07-13 02:00:00,92.4605928894736
2025-07-13 03:00:00,100.7218061396534
2025-07-13 04:00:00,120.4240119056572
2025-07-13 05:00:00,121.3139182448878
2025-07-13 06:00:00,120.5283785847399
2025-07-13 07:00:00,110.5173886704165
2025-07-13 08:00:00,122.3504370444977
2025-07-13 09:00:00,122.4280367026343
2025-07-13 10:00:00,110.7311618211635
2025-07-13 11:00:00,107.2859838412671
2025-07-13 12:00:00,89.46708509506107
2025-07-13 13:00:00,96.27457012742214
2025-07-13 14:00:00,90.43614604532371
2025-07-13 15:00:00,84.00125864266066
2025-07-13 16:00:00,78.83058150474267
2025-07-13 17:00:00,75.28574095851565
2025-07-13 18:00:00,70.52855530746774
2025-07-13 19:00:00,66.05868508932265
2025-07-13 20:00:00,80.37992071860415
2025-07-13 21:00:00,80.49095658169016
2025-07-13 22:00:00,85.9444263960455
2025-07-13 23:00:00,91.03870529036261
2025-07-14 00:00:00,108.6253681185429
2025-07-14 01:00:00,113.1776266459651
2025-07-14 02:00:00,121.749136937756
2025-07-14 03:00:00,130.3055283371559
2025-07-14 04:00:00,133.8239873006584
2025-07-14 05:00:00,127.9366953605803
2025-07-14 06:00:00,149.7395244649274
2025-07-14 07:00:00,135.9889157982692
2025-07-14 08:00:00,135.0634477440936
2025-07-14 09:00:00,131.3294268409274
2025-07-14 10:00:00,122.0029513222606
2025-07-14 11:00:00,120.6747792287984
2025-07-14 12:00:00,115.7382845281732
2025-07-14 13:00:00,109.8554100186719
2025-07-14 14:00:00,105.4249293999244
2025-07-14 15:00:00,99.31112273697858
2025-07-14 16:00:00,96.2436626440734
2025-07-14 17:00:00,93.17046627848016
2025-07-14 18:00:00,93.663966253328
2025-07-14 19:00:00,82.51967247443145
2025-07-14 20:00:00,99.87328335305364
2025-07-14 21:00:00,95.07702502559802
2025-07-14 22:00:00,113.7828758685798
2025-07-14 23:00:00,118.6475062441463
2025-07-15 00:00:00,134.4481754384358
2025-07-15 01:00:00,139.5256036256335
2025-07-15 02:00:00,134.5486109198396
2025-07-15 03:00:00,144.3477568767647
2025-07-15 04:00:00,157.6947684375561
2025-07-15 05:00:00,145.4212917603549
2025-07-15 06:00:00,138.3104042220746
2025-07-15 07:00:00,151.401235543322
2025-07-15 08:00:00,162.5146010923623
2025-07-15 09:00:00,155.6404058959899
2025-07-15 10:00:00,131.7942507223485
2025-07-15 11:00:00,139.0571684213852
2025-07-15 12:00:00,117.0331694113425
2025-07-15 13:00:00,107.4181382466251
2025-07-15 14:00:00,100.8703857489474
2025-07-15 15:00:00,96.12100888762491
2025-07-15 16:00:00,92.67044483037445
2025-07-15 17:00:00,92.49685724738995
2025-07-15 18:00:00,95.9418976070427
2025-07-15 19:00:00,97.08516984760239
2025-07-15 20:00:00,96.96303455705545
2025-07-15 21:00:00,100.9198490249968
2025-07-15 22:00:00,103.5924183078851
2025-07-15 23:00:00,121.6964655962294
2025-07-16 00:00:00,114.1122903511188
2025-07-16 01:00:00,135.2759373009692
2025-07-16 02:00:00,134.1543144894364
2025-07-16 03:00:00,147.1024594307652
2025-07-16 04:00:00,162.9843291797415
2025-07-16 05:00:00,139.9147992171973
2025-07-16 06:00:00,160.8073426563348
2025-07-16 07:00:00,150.7517900689745
2025-07-16 08:00:00,158.9917409363439
2025-07-16 09:00:00,141.2650250291202
2025-07-16 10:00:00,141.8842193936409
2025-07-16 11:00:00,143.6567134106183
2025-07-16 12:00:00,119.7708545512139
2025-07-16 13:00:00,109.2649039830008
2025-07-16 14:00:00,98.07100324337405
2025-07-16 15:00:00,97.03360607736127
2025-07-16 16:00:00,95.54018739406382
2025-07-16 17:00:00,88.06024080608499
2025-07-16 18:00:00,96.84965931561231
2025-07-16 19:00:00,94.41387130625358
2025-07-16 20:00:00,97.47197776582479
2025-07-16 21:00:00,99.69733269726285
2025-07-16 22:00:00,102.4368581575985
2025-07-16 23:00:00,107.2378877317432
2025-07-17 00:00:00,110.7807188749421
2025-07-17 01:00:00,123.6776514153198
2025-07-17 02:00:00,117.0960762579632
2025-07-17 03:00:00,122.6268079416233
2025-07-17 04:00:00,135.9670057336343
2025-07-17 05:00:00,154.1223269647973
2025-07-17 06:00:00,144.6098520794861
2025-07-17 07:00:00,128.3897354455271
2025-07-17 08:00:00,135.8240616361446
2025-07-17 09:00:00,132.0887371795862
2025-07-17 10:00:00,119.0596654983045
2025-07-17 11:00:00,116.6005568245552
2025-07-17 12:00:00,112.577833528322
2025-07-17 13:00:00,101.1204810271451
2025-07-17 14:00:00,97.69736668260646
2025-07-17 15:00:00,95.38091712776645
2025-07-17 16:00:00,77.45266463722318
2025-07-17 17:00:00,78.27596532559886
2025-07-17 18:00:00,74.02751912998336
2025-07-17 19:00:00,72.64813145315615
2025-07-17 20:00:00,70.37475811333785
2025-07-17 21:00:00,71.98190694767115
2025-07-17 22:00:00,80.632710715255
2025-07-17 23:00:00,86.99531566070915
2025-07-18 00:00:00,84.286007953132
2025-07-18 01:00:00,96.22255749613376
2025-07-18 02:00:00,103.2519568377316
2025-07-18 03:00:00,110.7092823073863
2025-07-18 04:00:00,121.6399312351799
2025-07-18 05:00:00,111.9448969396754
2025-07-18 06:00:00,128.1819673085274
2025-07-18 07:00:00,123.087204729439
2025-07-18 08:00:00,119.8192739379876
2025-07-18 09:00:00,118.9942931471262
2025-07-18 10:00:00,106.2951773913888
2025-07-18 11:00:00,94.24306818978522
2025-07-18 12:00:00,88.117874377959
2025-07-18 13:00:00,93.12560795255075
2025-07-18 14:00:00,77.292172394899
2025-07-18 15:00:00,66.185802819435
2025-07-18 16:00:00,71.2456844636527
2025-07-18 17:00:00,66.59691045958785
2025-07-18 18:00:00,62.32289256987986
2025-07-18 19:00:00,64.34752069224302
2025-07-18 20:00:00,65.89415475016179
2025-07-18 21:00:00,65.52056661795709
2025-07-18 22:00:00,77.68004801482807
2025-07-18 23:00:00,72.66825718342248
2025-07-19 00:00:00,88.37754422381532
2025-07-19 01:00:00,101.5142209829401
2025-07-19 02:00:00,109.8177526317745
2025-07-19 03:00:00,108.6832187408668
2025-07-19 04:00:00,116.5575486927548
2025-07-19 05:00:00,121.697195740798
2025-07-19 06:00:00,116.2990216220703
2025-07-19 07:00:00,122.9791755837817
2025-07-19 08:00:00,125.4589411120875
2025-07-19 09:00:00,117.4230583147455
2025-07-19 10:00:00,100.4266259595213
2025-07-19 11:00:00,107.2654653664661
2025-07-19 12:00:00,98.86481936886304
2025-07-19 13:00:00,89.60056931697609
2025-07-19 14:00:00,73.88091061236618
2025-07-19 15:00:00,67.57088110528579
2025-07-19 16:00:00,61.80367177118081
2025-07-19 17:00:00,68.13523972792184
2025-07-19 18:00:00,57.7147184617754
2025-07-19 19:00:00,57.17117631314476
2025-07-19 20:00:00,59.35564874649325
2025-07-19 21:00:00,63.87276686814372
2025-07-19 22:00:00,76.22057695754427
2025-07-19 23:00:00,84.97858573400151
2025-07-20 00:00:00,87.42342201388892
2025-07-20 01:00:00,94.3209992001508
2025-07-20 02:00:00,101.0845092619863
2025-07-20 03:00:00,117.9479341210897
2025-07-20 04:00:00,117.5595242584743
2025-07-20 05:00:00,122.6894439325372
2025-07-20 06:00:00,130.6020454906719
2025-07-20 07:00:00,130.2107202476044
2025-07-20 08:00:00,134.2137864424702
2025-07-20 09:00:00,132.3911960786581
2025-07-20 10:00:00,115.665518132432
2025-07-20 11:00:00,109.6999140036708
2025-07-20 12:00:00,116.1339511401854
2025-07-20 13:00:00,101.2532495276444
2025-07-20 14:00:00,83.81733727926631
2025-07-20 15:00:00,84.62984151894561
2025-07-20 16:00:00,85.19104083929523
2025-07-20 17:00:00,77.4385428786089
2025-07-20 18:00:00,70.73328415768927
2025-07-20 19:00:00,80.92923308992115
2025-07-20 20:00:00,81.4328805422181
2025-07-20 21:00:00,80.18248821113218
2025-07-20 22:00:00,80.15062206223936
2025-07-20 23:00:00,85.65303160451673
2025-07-21 00:00:00,93.17497108137023
2025-07-21 01:00:00,114.3983666606694
2025-07-21 02:00:00,124.5166972714563
2025-07-21 03:00:00,131.8285144268885
2025-07-21 04:00:00,144.8625742819504
2025-07-21 05:00:00,138.2373689688151
2025-07-21 06:00:00,133.8563512889362
2025-07-21 07:00:00,156.5399998660903
2025-07-21 08:00:00,134.3190519863986
2025-07-21 09:00:00,141.342242269288
2025-07-21 10:00:00,121.1815527903311
2025-07-21 11:00:00,116.265884881163
2025-07-21 12:00:00,121.0604232648093
2025-07-21 13:00:00,111.317199389518
2025-07-21 14:00:00,108.1479815495723
2025-07-21 15:00:00,91.15188641243026
2025-07-21 16:00:00,84.4690746559031
2025-07-21 17:00:00,88.51974394850892
2025-07-21 18:00:00,94.3909804539458
2025-07-21 19:00:00,98.18395303655389
2025-07-21 20:00:00,93.62182316165662
2025-07-21 21:00:00,98.47903237209978
2025-07-21 22:00:00,121.0083025773305
2025-07-21 23:00:00,130.1047723764592
2025-07-22 00:00:00,133.6980467360818
2025-07-22 01:00:00,137.3976185347138
2025-07-22 02:00:00,157.3353252360724
2025-07-22 03:00:00,141.7288177786299
2025-07-22 04:00:00,147.7012274707006
2025-07-22 05:00:00,154.5725035341722
2025-07-22 06:00:00,157.6806673236715
2025-07-22 07:00:00,163.6189896874964
2025-07-22 08:00:00,155.1997090506456
2025-07-22 09:00:00,159.4551771938343
2025-07-22 10:00:00,125.8455403838922
2025-07-22 11:00:00,130.72967207689
2025-07-22 12:00:00,119.9710329689084
2025-07-22 13:00:00,110.6668845054515
2025-07-22 14:00:00,111.5823289752346
2025-07-22 15:00:00,98.3923271620089
2025-07-22 16:00:00,105.7792418762534
2025-07-22 17:00:00,93.48094484542061
2025-07-22 18:00:00,101.5929779683607
2025-07-22 19:00:00,93.07373487696529
2025-07-22 20:00:00,108.9985733381715
2025-07-22 21:00:00,99.8282646630469
2025-07-22 22:00:00,125.6892429278069
2025-07-22 23:00:00,120.7601204912877
2025-07-23 00:00:00,123.1780312284435
2025-07-23 01:00:00,139.0248348979712
2025-07-23 02:00:00,156.0335430799792
2025-07-23 03:00:00,145.7690568725912
2025-07-23 04:00:00,149.306959062798
2025-07-23 05:00:00,164.4267562186268
2025-07-23 06:00:00,169.7573360010246
2025-07-23 07:00:00,140.9343086607907
2025-07-23 08:00:00,144.32268398486
2025-07-23 09:00:00,152.6441699635672
2025-07-23 10:00:00,130.031604002945
2025-07-23 11:00:00,140.3119960384063
2025-07-23 12:00:00,123.9725777242656
2025-07-23 13:00:00,117.6452990351945
2025-07-23 14:00:00,99.29999736690675
2025-07-23 15:00:00,94.93678334594352
2025-07-23 16:00:00,89.5027501685272
2025-07-23 17:00:00,93.12931663032242
2025-07-23 18:00:00,94.6284358814455
2025-07-23 19:00:00,84.24063408562225
2025-07-23 20:00:00,102.3829525919916
2025-07-23 21:00:00,89.86048289868693
2025-07-23 22:00:00,113.9911827531493
2025-07-23 23:00:00,103.2175362533057
2025-07-24 00:00:00,130.040458480383
2025-07-24 01:00:00,136.4845882645907
2025-07-24 02:00:00,142.8033283586854
2025-07-24 03:00:00,127.6219112259474
2025-07-24 04:00:00,141.8676679930171
2025-07-24 05:00:00,151.4672181971569
2025-07-24 06:00:00,147.8151057102068
2025-07-24 07:00:00,149.9767751882309
2025-07-24 08:00:00,151.5152962956631
2025-07-24 09:00:00,141.0794450047206
2025-07-24 10:00:00,130.125867724251
2025-07-24 11:00:00,110.5995832070608
2025-07-24 12:00:00,99.63788710066055
2025-07-24 13:00:00,104.412055602897
2025-07-24 14:00:00,91.37983072213997
2025-07-24 15:00:00,92.7091333041639
2025-07-24 16:00:00,74.11059529707617
2025-07-24 17:00:00,74.09490992653012
2025-07-24 18:00:00,76.71719721923881
2025-07-24 19:00:00,77.16035805732862
2025-07-24 20:00:00,73.5223729890626
2025-07-24 21:00:00,83.99278651166553
2025-07-24 22:00:00,92.05683778448113
2025-07-24 23:00:00,95.06913212941714
2025-07-25 00:00:00,95.48172522477113
2025-07-25 01:00:00,102.3918538609943
2025-07-25 02:00:00,111.2874179281191
2025-07-25 03:00:00,132.5964807528647
2025-07-25 04:00:00,118.5703089340589
2025-07-25 05:00:00,128.1345931972877
2025-07-25 06:00:00,119.9449729221184
2025-07-25 07:00:00,135.2767399789661
2025-07-25 08:00:00,125.3798177661941
2025-07-25 09:00:00,105.7605084814198
2025-07-25 10:00:00,97.73708056532463
2025-07-25 11:00:00,108.9425874444305
2025-07-25 12:00:00,89.71750014719166
2025-07-25 13:00:00,90.93740188408604
2025-07-25 14:00:00,69.6569033208513
2025-07-25 15:00:00,71.36767227636878
2025-07-25 16:00:00,64.1738050025181
2025-07-25 17:00:00,58.48398996919451
2025-07-25 18:00:00,57.88217556634017
2025-07-25 19:00:00,63.87771131631795
2025-07-25 20:00:00,73.9013171489804
2025-07-25 21:00:00,71.70600242712402
2025-07-25 22:00:00,84.94845311925745
2025-07-25 23:00:00,91.22552149160805
2025-07-26 00:00:00,103.6285516776168
2025-07-26 01:00:00,101.7312796022738
2025-07-26 02:00:00,105.0435857822641
2025-07-26 03:00:00,114.1343783797606
2025-07-26 04:00:00,128.059357550212
2025-07-26 05:00:00,119.1610852970166
2025-07-26 06:00:00,112.7591372835686
2025-07-26 07:00:00,112.5404888927305
2025-07-26 08:00:00,123.1404983116533
2025-07-26 09:00:00,108.2869329275718
2025-07-26 10:00:00,103.9050714308254
2025-07-26 11:00:00,94.41833504376555
2025-07-26 12:00:00,79.2550659353628
2025-07-26 13:00:00,82.00499833809583
2025-07-26 14:00:00,78.19453936390737
2025-07-26 15:00:00,66.43078259934697
2025-07-26 16:00:00,60.64454962405024
2025-07-26 17:00:00,63.98903400140351
2025-07-26 18:00:00,60.85659606477915
2025-07-26 19:00:00,72.11804330059478
2025-07-26 20:00:00,67.17936602528178
2025-07-26 21:00:00,77.03938022617507
2025-07-26 22:00:00,90.18308564419868
2025-07-26 23:00:00,83.17838372528192
2025-07-27 00:00:00,93.29833529853666
2025-07-27 01:00:00,116.9072784113422
2025-07-27 02:00:00,107.2688044566531
2025-07-27 03:00:00,122.1170845232999
2025-07-27 04:00:00,114.8124083656953
2025-07-27 05:00:00,132.5738380626496
2025-07-27 06:00:00,124.6900565585216
2025-07-27 07:00:00,130.5336856746826
2025-07-27 08:00:00,114.5740575328884
2025-07-27 09:00:00,117.8811644489568
2025-07-27 10:00:00,109.9536310631126
2025-07-27 11:00:00,103.4574640542266
2025-07-27 12:00:00,108.3082344264697
2025-07-27 13:00:00,97.17975548751949
2025-07-27 14:00:00,87.54651532820863
2025-07-27 15:00:00,90.81122690219547
2025-07-27 16:00:00,78.83396918197685
2025-07-27 17:00:00,74.71950956160235
2025-07-27 18:00:00,83.89964047780178
2025-07-27 19:00:00,79.15560578565842
2025-07-27 20:00:00,80.78273690112589
2025-07-27 21:00:00,81.77545450332227
2025-07-27 22:00:00,85.08758815173739
2025-07-27 23:00:00,105.4518302701124
2025-07-28 00:00:00,103.3152434599874
2025-07-28 01:00:00,108.9012594804378
2025-07-28 02:00:00,123.0358574855649
2025-07-28 03:00:00,137.0224667516685
2025-07-28 04:00:00,147.6486482387579
2025-07-28 05:00:00,145.19074905014
2025-07-28 06:00:00,145.9538647879536
2025-07-28 07:00:00,142.0560236025126
2025-07-28 08:00:00,137.0642642740407
2025-07-28 09:00:00,132.507213408294
2025-07-28 10:00:00,146.3137130656287
2025-07-28 11:00:00,142.3364379380803
2025-07-28 12:00:00,120.7801087204789
2025-07-28 13:00:00,117.6671846098092
2025-07-28 14:00:00,107.1510693962649
2025-07-28 15:00:00,99.78296016087643
2025-07-28 16:00:00,93.006666203645
2025-07-28 17:00:00,104.5569137516372
2025-07-28 18:00:00,104.2461816685053
2025-07-28 19:00:00,86.81418133893595
2025-07-28 20:00:00,91.29980834132294
2025-07-28 21:00:00,95.68410399678956
2025-07-28 22:00:00,96.95297391076119
2025-07-28 23:00:00,103.470964668519
2025-07-29 00:00:00,113.6260215075886
2025-07-29 01:00:00,138.1510470909865
2025-07-29 02:00:00,136.327090459775
2025-07-29 03:00:00,146.9171163260822
2025-07-29 04:00:00,137.145311258982
2025-07-29 05:00:00,141.1405832517437
2025-07-29 06:00:00,167.4394467145112
2025-07-29 07:00:00,155.839351071223
2025-07-29 08:00:00,165.3276470323587
2025-07-29 09:00:00,140.7091367431841
2025-07-29 10:00:00,148.5613490878052
2025-07-29 11:00:00,148.5621826335221
2025-07-29 12:00:00,131.2149114262165
2025-07-29 13:00:00,119.9509264955305
2025-07-29 14:00:00,114.6618879189403
2025-07-29 15:00:00,109.5585176008969
2025-07-29 16:00:00,111.9454421270714
2025-07-29 17:00:00,115.4741758458244
2025-07-29 18:00:00,93.40323174994917
2025-07-29 19:00:00,95.39431475364665
2025-07-29 20:00:00,98.7265823486641
2025-07-29 21:00:00,108.8342577671258
2025-07-29 22:00:00,109.2777615747624
2025-07-29 23:00:00,116.2275874936844
2025-07-30 00:00:00,135.6486837176908
2025-07-30 01:00:00,139.7721424197148
2025-07-30 02:00:00,135.6589078166656
2025-07-30 03:00:00,162.6056538984862
2025-07-30 04:00:00,153.7375126723511
2025-07-30 05:00:00,144.047596645984
2025-07-30 06:00:00,168.5797405598509
2025-07-30 07:00:00,171.5386760826868
2025-07-30 08:00:00,168.9069730157039
2025-07-30 09:00:00,154.3286778300829
2025-07-30 10:00:00,147.154476832242
2025-07-30 11:00:00,148.9420046154419
2025-07-30 12:00:00,128.2672720811359
2025-07-30 13:00:00,119.6613453867707
2025-07-30 14:00:00,123.0847502198644
2025-07-30 15:00:00,99.42366020823842
2025-07-30 16:00:00,106.7872744060848
2025-07-30 17:00:00,104.5391351803924
2025-07-30 18:00:00,101.6278868917176
2025-07-30 19:00:00,94.66733318684449
2025-07-30 20:00:00,100.9401383813354
2025-07-30 21:00:00,97.8833370855361
2025-07-30 22:00:00,97.1490292054746
2025-07-30 23:00:00,122.4652097479961
2025-07-31 00:00:00,127.5156345192002
2025-07-31 01:00:00,138.6865732301317
2025-07-31 02:00:00,125.3066647220623
2025-07-31 03:00:00,141.4429710951511
2025-07-31 04:00:00,138.3877308022629
2025-07-31 05:00:00,154.1665221503775
2025-07-31 06:00:00,156.5699549251628
2025-07-31 07:00:00,160.4784892785225
2025-07-31 08:00:00,137.1698707390179
2025-07-31 09:00:00,138.4537519981681
2025-07-31 10:00:00,129.7295411006972
2025-07-31 11:00:00,131.9580038537962
2025-07-31 12:00:00,118.1253935281379
2025-07-31 13:00:00,111.4232189842424
2025-07-31 14:00:00,93.2691248652464
2025-07-31 15:00:00,98.23845448241138
2025-07-31 16:00:00,95.56158541537286
2025-07-31 17:00:00,85.7424031885674
2025-07-31 18:00:00,80.69939793498735
2025-07-31 19:00:00,78.7621481632334
2025-07-31 20:00:00,78.13278964270685
2025-07-31 21:00:00,89.94348965965177
2025-07-31 22:00:00,78.62363934216296
2025-07-31 23:00:00,82.65376063700663
2025-08-01 00:00:00,107.1786701612668
2025-08-01 01:00:00,96.70034366024207
2025-08-01 02:00:00,106.4958426567531
2025-08-01 03:00:00,112.5684394262429
2025-08-01 04:00:00,131.3119038463294
2025-08-01 05:00:00,120.2883647013223
2025-08-01 06:00:00,123.4125999921164
2025-08-01 07:00:00,133.4919166065848
2025-08-01 08:00:00,127.7786620828033
2025-08-01 09:00:00,127.7063210771218
2025-08-01 10:00:00,127.7443460013399
2025-08-01 11:00:00,110.0498487211651
2025-08-01 12:00:00,109.1904680598563
2025-08-01 13:00:00,87.76991715293074
2025-08-01 14:00:00,86.2620270044077
2025-08-01 15:00:00,78.81505377280222
2025-08-01 16:00:00,73.60504833593865
2025-08-01 17:00:00,69.3072650605944
2025-08-01 18:00:00,61.72000460674913
2025-08-01 19:00:00,67.70420259265804
2025-08-01 20:00:00,70.6637278996266
2025-08-01 21:00:00,76.15396090048313
2025-08-01 22:00:00,84.58688864797521
2025-08-01 23:00:00,84.19515146773608
2025-08-02 00:00:00,94.71923048711065
2025-08-02 01:00:00,113.7067085762119
2025-08-02 02:00:00,114.6497863422893
2025-08-02 03:00:00,107.5388460642969
2025-08-02 04:00:00,116.3353212197443
2025-08-02 05:00:00,120.405114905009
2025-08-02 06:00:00,121.3270194881549
2025-08-02 07:00:00,132.3730557790726
2025-08-02 08:00:00,109.9945780944357
2025-08-02 09:00:00,109.5671107434068
2025-08-02 10:00:00,102.7985770645656
2025-08-02 11:00:00,88.37887898095268
2025-08-02 12:00:00,94.51709109208751
2025-08-02 13:00:00,79.43772678491327
2025-08-02 14:00:00,71.42466639707291
2025-08-02 15:00:00,72.13376288207333
2025-08-02 16:00:00,64.9843311721418
2025-08-02 17:00:00,67.05835508796301
2025-08-02 18:00:00,69.23961887097236
2025-08-02 19:00:00,72.7145733660513
2025-08-02 20:00:00,69.30908174403378
2025-08-02 21:00:00,78.59582840548721
2025-08-02 22:00:00,96.99959813793848
2025-08-02 23:00:00,105.1132308624281
2025-08-03 00:00:00,110.4914558316836
2025-08-03 01:00:00,115.2931404461601
2025-08-03 02:00:00,131.5618756498369
2025-08-03 03:00:00,126.0431010388267
2025-08-03 04:00:00,118.3027415372687
2025-08-03 05:00:00,135.9612592683625
2025-08-03 06:00:00,141.5020967075795
2025-08-03 07:00:00,141.3680657177915
2025-08-03 08:00:00,114.6671177910442
2025-08-03 09:00:00,121.0445113319815
2025-08-03 10:00:00,112.6433790300722
2025-08-03 11:00:00,104.9444084427206
2025-08-03 12:00:00,106.0213371689478
2025-08-03 13:00:00,101.9050782286516
2025-08-03 14:00:00,92.00424211493885
2025-08-03 15:00:00,81.1087722814435
2025-08-03 16:00:00,82.30556915518932
2025-08-03 17:00:00,85.30707547539846
2025-08-03 18:00:00,85.79121988921838
2025-08-03 19:00:00,89.33539617520684
2025-08-03 20:00:00,79.79204312932882
2025-08-03 21:00:00,98.21835882250625
2025-08-03 22:00:00,99.92285725866394
2025-08-03 23:00:00,97.27920021778232
2025-08-04 00:00:00,112.4301922760046
2025-08-04 01:00:00,112.4217616712631
2025-08-04 02:00:00,133.1053357612308
2025-08-04 03:00:00,133.2387686021436
2025-08-04 04:00:00,128.0044721960227
2025-08-04 05:00:00,156.5730636333753
2025-08-04 06:00:00,157.190219681963
2025-08-04 07:00:00,144.6115824092129
2025-08-04 08:00:00,141.9143738186154
2025-08-04 09:00:00,145.8009794113394
2025-08-04 10:00:00,151.5025707512264
2025-08-04 11:00:00,145.4757411127186
2025-08-04 12:00:00,137.755508309341
2025-08-04 13:00:00,128.0625395015102
2025-08-04 14:00:00,124.4587200454583
2025-08-04 15:00:00,108.2609169511924
2025-08-04 16:00:00,102.3316222702371
2025-08-04 17:00:00,90.2391602423648
2025-08-04 18:00:00,88.06500611571035
2025-08-04 19:00:00,105.1159489047309
2025-08-04 20:00:00,96.20642202024568
2025-08-04 21:00:00,97.68872836391738
2025-08-04 22:00:00,118.5906695334662
2025-08-04 23:00:00,121.5817274678629
2025-08-05 00:00:00,120.8224424405181
2025-08-05 01:00:00,135.8661501065982
2025-08-05 02:00:00,134.3821847177653
2025-08-05 03:00:00,136.4681968937467
2025-08-05 04:00:00,158.0279672167233
2025-08-05 05:00:00,154.6513519894324
2025-08-05 06:00:00,163.2399406985218
2025-08-05 07:00:00,148.1551808503876
2025-08-05 08:00:00,163.8192565433046
2025-08-05 09:00:00,159.9166251945984
2025-08-05 10:00:00,137.4964116330089
2025-08-05 11:00:00,154.2822872265854
2025-08-05 12:00:00,124.302565610769
2025-08-05 13:00:00,127.7003250692695
2025-08-05 14:00:00,114.0952739422367
2025-08-05 15:00:00,121.5614520405917
2025-08-05 16:00:00,111.8844828565503
2025-08-05 17:00:00,109.2714668554218
2025-08-05 18:00:00,115.601814703113
2025-08-05 19:00:00,109.5729744478488
2025-08-05 20:00:00,108.2156079228694
2025-08-05 21:00:00,103.3555399357809
2025-08-05 22:00:00,122.3084938469103
2025-08-05 23:00:00,137.1956725955268
2025-08-06 00:00:00,123.7837234734173
2025-08-06 01:00:00,144.6700003308978
2025-08-06 02:00:00,152.5083507086532
2025-08-06 03:00:00,140.7113410398582
2025-08-06 04:00:00,153.2059449207627
2025-08-06 05:00:00,164.350603109736
2025-08-06 06:00:00,175.5242017000446
2025-08-06 07:00:00,163.3602107321653
2025-08-06 08:00:00,170.5406456836655
2025-08-06 09:00:00,146.9243095612882
2025-08-06 10:00:00,135.1976358556467
2025-08-06 11:00:00,134.6343106364756
2025-08-06 12:00:00,125.8067246398762
2025-08-06 13:00:00,120.6961451337844
2025-08-06 14:00:00,131.2511667160159
2025-08-06 15:00:00,112.4897639191992
2025-08-06 16:00:00,98.82785983260331
2025-08-06 17:00:00,109.9547688785675
2025-08-06 18:00:00,97.21513354471257
2025-08-06 19:00:00,90.1520160138985
2025-08-06 20:00:00,105.3327809464122
2025-08-06 21:00:00,109.6832413853619
2025-08-06 22:00:00,101.5257082994603
2025-08-06 23:00:00,105.0047805517767
2025-08-07 00:00:00,113.6372503983002
2025-08-07 01:00:00,119.4048601355237
2025-08-07 02:00:00,121.3969408744778
2025-08-07 03:00:00,127.804290067276
2025-08-07 04:00:00,156.915097723958
2025-08-07 05:00:00,154.8531889151261
2025-08-07 06:00:00,149.1561909342757
2025-08-07 07:00:00,147.6251297286019
2025-08-07 08:00:00,160.8848733281322
2025-08-07 09:00:00,134.0958950393667
2025-08-07 10:00:00,140.2763476749129
2025-08-07 11:00:00,132.9556581937118
2025-08-07 12:00:00,116.2616205436947
2025-08-07 13:00:00,114.2198558568585
2025-08-07 14:00:00,103.2964854975519
2025-08-07 15:00:00,97.1181941361654
2025-08-07 16:00:00,82.40680614257866
2025-08-07 17:00:00,92.61188252684842
2025-08-07 18:00:00,83.43914732273102
2025-08-07 19:00:00,78.80770778476922
2025-08-07 20:00:00,86.99911268557655
2025-08-07 21:00:00,88.84760446319981
2025-08-07 22:00:00,91.13846106754828
2025-08-07 23:00:00,113.2304818838298
2025-08-08 00:00:00,104.537789941715
2025-08-08 01:00:00,107.1337062772351
2025-08-08 02:00:00,135.3047640696803
2025-08-08 03:00:00,119.897300707052
2025-08-08 04:00:00,127.356884211161
2025-08-08 05:00:00,147.7004153037782
2025-08-08 06:00:00,135.1896311515451
2025-08-08 07:00:00,132.9001325020027
2025-08-08 08:00:00,118.2018984824023
2025-08-08 09:00:00,129.605236815569
2025-08-08 10:00:00,123.8536181672343
2025-08-08 11:00:00,108.8798872481958
2025-08-08 12:00:00,103.896618998018
2025-08-08 13:00:00,92.69610976937784
2025-08-08 14:00:00,84.17177106591393
2025-08-08 15:00:00,78.05216581800119
2025-08-08 16:00:00,73.94216553690138
2025-08-08 17:00:00,75.55098871080055
2025-08-08 18:00:00,66.92385416890507
2025-08-08 19:00:00,75.47676079074382
2025-08-08 20:00:00,69.76653251276291
2025-08-08 21:00:00,82.26092193564607
2025-08-08 22:00:00,87.68860078650852
2025-08-08 23:00:00,86.24606414118807
2025-08-09 00:00:00,111.0321886747951
2025-08-09 01:00:00,119.5072930660328
2025-08-09 02:00:00,120.4963549789174
2025-08-09 03:00:00,112.1072720335092
2025-08-09 04:00:00,120.3403072075968
2025-08-09 05:00:00,115.4956968885829
2025-08-09 06:00:00,135.3012494432222
2025-08-09 07:00:00,119.382733639646
2025-08-09 08:00:00,118.7070363976391
2025-08-09 09:00:00,110.3078975531554
2025-08-09 10:00:00,115.4725847674962
2025-08-09 11:00:00,108.8739423615358
2025-08-09 12:00:00,101.2705632982195
2025-08-09 13:00:00,77.90292051591832
2025-08-09 14:00:00,72.45042009185872
2025-08-09 15:00:00,75.81736088755575
2025-08-09 16:00:00,63.46720899183934
2025-08-09 17:00:00,68.54343245908255
2025-08-09 18:00:00,73.38334837341189
2025-08-09 19:00:00,68.24184273939734
2025-08-09 20:00:00,75.96406170825541
2025-08-09 21:00:00,82.55370184616551
2025-08-09 22:00:00,91.35003286655441
2025-08-09 23:00:00,106.3502727087898
2025-08-10 00:00:00,105.6072356913608
2025-08-10 01:00:00,113.3610911511935
2025-08-10 02:00:00,110.7468779798386
2025-08-10 03:00:00,135.0984652562741
2025-08-10 04:00:00,132.3031691679684
2025-08-10 05:00:00,131.6096831043076
2025-08-10 06:00:00,145.9511994749789
2025-08-10 07:00:00,121.0482302296181
2025-08-10 08:00:00,127.3680421999695
2025-08-10 09:00:00,132.8167642192716
2025-08-10 10:00:00,112.3586271480079
2025-08-10 11:00:00,103.3781397618875
2025-08-10 12:00:00,95.89404823376293
2025-08-10 13:00:00,98.2067118704853
2025-08-10 14:00:00,89.48351579659281
2025-08-10 15:00:00,92.02274196250906
2025-08-10 16:00:00,80.20413188448569
2025-08-10 17:00:00,80.89776448400201
2025-08-10 18:00:00,78.66974183177804
2025-08-10 19:00:00,90.11739756114247
2025-08-10 20:00:00,94.50950583809117
2025-08-10 21:00:00,91.82860082818574
2025-08-10 22:00:00,110.2797915463484
2025-08-10 23:00:00,124.4758425271901
2025-08-11 00:00:00,128.7430767029572
2025-08-11 01:00:00,122.210042613378
2025-08-11 02:00:00,148.8429655101055
2025-08-11 03:00:00,154.8505390171199
2025-08-11 04:00:00,155.5563462209749
2025-08-11 05:00:00,137.7333092752436
2025-08-11 06:00:00,150.1804892216657
2025-08-11 07:00:00,158.302032722522
2025-08-11 08:00:00,153.6308786738401
2025-08-11 09:00:00,132.4931216743355
2025-08-11 10:00:00,143.8672858805382
2025-08-11 11:00:00,135.1094591186474
2025-08-11 12:00:00,127.7980735282561
2025-08-11 13:00:00,118.0290904584099
2025-08-11 14:00:00,115.7276444513225
2025-08-11 15:00:00,96.19063589851626
2025-08-11 16:00:00,101.744933489708
2025-08-11 17:00:00,98.26253752264014
2025-08-11 18:00:00,93.89010601798165
2025-08-11 19:00:00,92.17266267749447
2025-08-11 20:00:00,114.9068761351438
2025-08-11 21:00:00,108.6517188598994
2025-08-11 22:00:00,116.4360186133653
2025-08-11 23:00:00,120.9457089091389
2025-08-12 00:00:00,135.9296201641682
2025-08-12 01:00:00,143.2611683468624
2025-08-12 02:00:00,164.971738674467
2025-08-12 03:00:00,171.9048737351836
2025-08-12 04:00:00,172.5596754330927
2025-08-12 05:00:00,156.1282537241053
2025-08-12 06:00:00,178.2296475422939
2025-08-12 07:00:00,163.4252563321427
2025-08-12 08:00:00,167.1986812810464
2025-08-12 09:00:00,147.8501387428422
2025-08-12 10:00:00,157.423234869664
2025-08-12 11:00:00,152.5507388850375
2025-08-12 12:00:00,145.374262636537
2025-08-12 13:00:00,134.6129111152507
2025-08-12 14:00:00,132.7898649053091
2025-08-12 15:00:00,114.5642428012341
2025-08-12 16:00:00,114.7140249386834
2025-08-12 17:00:00,116.9561282163612
2025-08-12 18:00:00,98.82262155861534
2025-08-12 19:00:00,106.613643604363
2025-08-12 20:00:00,123.0366709547004
2025-08-12 21:00:00,111.6644130560108
2025-08-12 22:00:00,125.8817280552648
2025-08-12 23:00:00,129.0336159687843
2025-08-13 00:00:00,147.3281156733119
2025-08-13 01:00:00,142.7344592253959
2025-08-13 02:00:00,157.1843564376829
2025-08-13 03:00:00,161.0677754155886
2025-08-13 04:00:00,166.5534256695541
2025-08-13 05:00:00,155.7224131060853
2025-08-13 06:00:00,179.8398887428544
2025-08-13 07:00:00,163.3507628092865
2025-08-13 08:00:00,161.9719596002212
2025-08-13 09:00:00,161.3316244794181
2025-08-13 10:00:00,145.9719754832208
2025-08-13 11:00:00,144.0298463009925
2025-08-13 12:00:00,141.2357718211839
2025-08-13 13:00:00,131.640499824487
2025-08-13 14:00:00,109.393929348236
2025-08-13 15:00:00,105.8125822692401
2025-08-13 16:00:00,104.6936849125643
2025-08-13 17:00:00,106.757884877164
2025-08-13 18:00:00,98.40382747634239
2025-08-13 19:00:00,108.6286803991406
2025-08-13 20:00:00,106.2088690034341
2025-08-13 21:00:00,118.2302558124208
2025-08-13 22:00:00,119.723912585171
2025-08-13 23:00:00,122.7685525029118
2025-08-14 00:00:00,122.3848261751755
2025-08-14 01:00:00,148.2209197490078
2025-08-14 02:00:00,145.8056439441098
2025-08-14 03:00:00,152.0711333584424
2025-08-14 04:00:00,153.7250906675816
2025-08-14 05:00:00,150.2328470159804
2025-08-14 06:00:00,154.3528584072185
2025-08-14 07:00:00,137.6438191449034
2025-08-14 08:00:00,152.4831163409644
2025-08-14 09:00:00,139.3539980929438
2025-08-14 10:00:00,124.6390605445069
2025-08-14 11:00:00,128.303632203577
2025-08-14 12:00:00,113.3122071424542
2025-08-14 13:00:00,107.7591164627149
2025-08-14 14:00:00,99.79780982813493
2025-08-14 15:00:00,87.45571553762645
2025-08-14 16:00:00,90.24318698071586
2025-08-14 17:00:00,83.2601204877893
2025-08-14 18:00:00,86.54675751571052
2025-08-14 19:00:00,88.76090363510264
2025-08-14 20:00:00,85.14580793869408
2025-08-14 21:00:00,91.62622857661216
2025-08-14 22:00:00,94.09111845350853
2025-08-14 23:00:00,95.34059636861393
2025-08-15 00:00:00,107.8709637094374
2025-08-15 01:00:00,122.4902263631661
2025-08-15 02:00:00,116.8825895867991
2025-08-15 03:00:00,130.732520354476
2025-08-15 04:00:00,126.8657216182198
2025-08-15 05:00:00,122.3645228554976
2025-08-15 06:00:00,147.2731793995454
2025-08-15 07:00:00,148.3115033583101
2025-08-15 08:00:00,123.3078815248353
2025-08-15 09:00:00,119.9446503559309
2025-08-15 10:00:00,128.4983049597966
2025-08-15 11:00:00,111.2864740492651
2025-08-15 12:00:00,109.027035006851
2025-08-15 13:00:00,99.20501933698556
2025-08-15 14:00:00,80.18611298856696
2025-08-15 15:00:00,84.34997409428902
2025-08-15 16:00:00,83.16719073575436
2025-08-15 17:00:00,79.67857969011868
2025-08-15 18:00:00,75.84091455561303
2025-08-15 19:00:00,65.23933998355584
2025-08-15 20:00:00,72.06094313931284
2025-08-15 21:00:00,73.10793270009103
2025-08-15 22:00:00,82.97545230720968
2025-08-15 23:00:00,83.28961048992453
2025-08-16 00:00:00,107.9429368590844
2025-08-16 01:00:00,116.0419393599688
2025-08-16 02:00:00,125.6583782596806
2025-08-16 03:00:00,113.4562062756624
2025-08-16 04:00:00,137.351595582742
2025-08-16 05:00:00,139.1424108598738
2025-08-16 06:00:00,118.6189073277143
2025-08-16 07:00:00,141.2560654627047
2025-08-16 08:00:00,115.2923085770558
2025-08-16 09:00:00,127.7893851965078
2025-08-16 10:00:00,117.23056309991
2025-08-16 11:00:00,120.1285245824622
2025-08-16 12:00:00,106.1693786265297
2025-08-16 13:00:00,97.58119240372439
2025-08-16 14:00:00,84.50972287072258
2025-08-16 15:00:00,86.44453260597979
2025-08-16 16:00:00,69.19678598658174
2025-08-16 17:00:00,70.84111545048528
2025-08-16 18:00:00,73.24074938898926
2025-08-16 19:00:00,79.62118851323588
2025-08-16 20:00:00,74.92898698236313
2025-08-16 21:00:00,83.51678186929072
2025-08-16 22:00:00,87.12925542867008
2025-08-16 23:00:00,93.61309385691628
2025-08-17 00:00:00,107.9404895830424
2025-08-17 01:00:00,111.6736618885191
2025-08-17 02:00:00,131.8659142916527
2025-08-17 03:00:00,135.2828999456084
2025-08-17 04:00:00,144.3410424341687
2025-08-17 05:00:00,134.8845648130923
2025-08-17 06:00:00,136.5336603069537
2025-08-17 07:00:00,133.506623300437
2025-08-17 08:00:00,147.822297639186
2025-08-17 09:00:00,124.4104963664249
2025-08-17 10:00:00,136.9791529033478
2025-08-17 11:00:00,107.6767495639093
2025-08-17 12:00:00,101.2000750830502
2025-08-17 13:00:00,101.746824364545
2025-08-17 14:00:00,93.13948238277919
2025-08-17 15:00:00,100.4146813727464
2025-08-17 16:00:00,97.23570541956875
2025-08-17 17:00:00,87.43494554127308
2025-08-17 18:00:00,86.64956883106223
2025-08-17 19:00:00,99.96098075660849
2025-08-17 20:00:00,87.94914696098851
2025-08-17 21:00:00,95.2620953188784
2025-08-17 22:00:00,107.8230397135685
2025-08-17 23:00:00,119.9227958841203
2025-08-18 00:00:00,138.9351553267186
2025-08-18 01:00:00,126.5274599734026
2025-08-18 02:00:00,156.8820090927626
2025-08-18 03:00:00,159.0028796352518
2025-08-18 04:00:00,146.0555357678568
2025-08-18 05:00:00,170.2583018587083
2025-08-18 06:00:00,171.688828698322
2025-08-18 07:00:00,169.9608900225691
2025-08-18 08:00:00,138.8140415358581
2025-08-18 09:00:00,142.273025652089
2025-08-18 10:00:00,139.1401515153805
2025-08-18 11:00:00,150.8400194816726
2025-08-18 12:00:00,129.1172057535638
2025-08-18 13:00:00,120.0607678304772
2025-08-18 14:00:00,116.5070740048488
2025-08-18 15:00:00,105.4433210601139
2025-08-18 16:00:00,106.0085069712845
2025-08-18 17:00:00,116.1216820524635
2025-08-18 18:00:00,111.4399326598931
2025-08-18 19:00:00,99.30950097783384
2025-08-18 20:00:00,115.2847457877415
2025-08-18 21:00:00,119.5336397668872
2025-08-18 22:00:00,113.2479403533854
2025-08-18 23:00:00,123.2676515575426
2025-08-19 00:00:00,124.2751955138135
2025-08-19 01:00:00,128.6060929748232
2025-08-19 02:00:00,141.3786056987252
2025-08-19 03:00:00,151.173508675512
2025-08-19 04:00:00,165.40608709216
2025-08-19 05:00:00,173.2432888354503
2025-08-19 06:00:00,173.9659799076163
2025-08-19 07:00:00,174.9757434793542
2025-08-19 08:00:00,159.4692583026526
2025-08-19 09:00:00,161.596847703257
2025-08-19 10:00:00,171.4510551063175
2025-08-19 11:00:00,154.5511267983542
2025-08-19 12:00:00,144.1451032395343
2025-08-19 13:00:00,122.9115976216118
2025-08-19 14:00:00,139.9358864656375
2025-08-19 15:00:00,120.5224920358428
2025-08-19 16:00:00,123.1145427244486
2025-08-19 17:00:00,108.53745028127
2025-08-19 18:00:00,119.8739708617671
2025-08-19 19:00:00,116.4872151447303
2025-08-19 20:00:00,109.3925762965998
2025-08-19 21:00:00,110.3138331892686
2025-08-19 22:00:00,124.2862637088818
2025-08-19 23:00:00,139.2466063514484
2025-08-20 00:00:00,135.0223564014124
2025-08-20 01:00:00,137.1668470351504
2025-08-20 02:00:00,168.9129859193348
2025-08-20 03:00:00,158.198523393171
2025-08-20 04:00:00,174.4242346609154
2025-08-20 05:00:00,170.3938212337847
2025-08-20 06:00:00,168.7988216890359
2025-08-20 07:00:00,156.6457268902361
2025-08-20 08:00:00,162.9867841720295
2025-08-20 09:00:00,159.8479971374286
2025-08-20 10:00:00,155.4171183772922
2025-08-20 11:00:00,144.9056868571374
2025-08-20 12:00:00,139.1114828248179
2025-08-20 13:00:00,132.2200182391414
2025-08-20 14:00:00,110.2987200374557
2025-08-20 15:00:00,117.7071591952091
2025-08-20 16:00:00,105.1807290433846
2025-08-20 17:00:00,113.7483958361367
2025-08-20 18:00:00,106.3963577545526
2025-08-20 19:00:00,101.2259426324875
2025-08-20 20:00:00,108.199900507457
2025-08-20 21:00:00,117.7580115266636
2025-08-20 22:00:00,121.9780507226373
2025-08-20 23:00:00,115.1116353493922
2025-08-21 00:00:00,140.8410835844087
2025-08-21 01:00:00,134.7163871802744
2025-08-21 02:00:00,137.7806128766328
2025-08-21 03:00:00,155.6991122609697
2025-08-21 04:00:00,148.1483014082579
2025-08-21 05:00:00,143.3466434332152
2025-08-21 06:00:00,160.0690960374785
2025-08-21 07:00:00,141.1442224872005
2025-08-21 08:00:00,155.6883972994802
2025-08-21 09:00:00,141.2568101873113
2025-08-21 10:00:00,127.9559914756735
2025-08-21 11:00:00,119.4293673519283
2025-08-21 12:00:00,129.2944290697497
2025-08-21 13:00:00,106.2890529789939
2025-08-21 14:00:00,112.9308572142385
2025-08-21 15:00:00,109.8015618190102
2025-08-21 16:00:00,94.86163763540671
2025-08-21 17:00:00,87.03594550511494
2025-08-21 18:00:00,88.1902983513397
2025-08-21 19:00:00,83.14531172311199
2025-08-21 20:00:00,83.1371762914605
2025-08-21 21:00:00,82.70511467092469
2025-08-21 22:00:00,98.01931670301657
2025-08-21 23:00:00,111.0667238133985
2025-08-22 00:00:00,100.6204815242095
2025-08-22 01:00:00,126.8922561079397
2025-08-22 02:00:00,115.2964080708027
2025-08-22 03:00:00,129.4112625176714
2025-08-22 04:00:00,128.0517520847879
2025-08-22 05:00:00,147.1142513420278
2025-08-22 06:00:00,131.184873448587
2025-08-22 07:00:00,136.7792608997361
2025-08-22 08:00:00,136.5765402098265
2025-08-22 09:00:00,145.536904175928
2025-08-22 10:00:00,115.7585149740959
2025-08-22 11:00:00,123.3834288008737
2025-08-22 12:00:00,104.7109877818119
2025-08-22 13:00:00,109.462800130611
2025-08-22 14:00:00,91.12988326459646
2025-08-22 15:00:00,81.69164844373664
2025-08-22 16:00:00,89.7609945853802
2025-08-22 17:00:00,77.18248801052977
2025-08-22 18:00:00,70.37194144598708
2025-08-22 19:00:00,73.20162844297289
2025-08-22 20:00:00,73.81342233951075
2025-08-22 21:00:00,81.42896261845691
2025-08-22 22:00:00,85.50710590321276
2025-08-22 23:00:00,96.66992078292773
2025-08-23 00:00:00,95.63169153293451
2025-08-23 01:00:00,99.34650449202151
2025-08-23 02:00:00,117.7105393572384
2025-08-23 03:00:00,118.7004106121843
2025-08-23 04:00:00,114.15674264475
2025-08-23 05:00:00,133.1216331750168
2025-08-23 06:00:00,137.007869009089
2025-08-23 07:00:00,125.8144381391263
2025-08-23 08:00:00,123.7674779516198
2025-08-23 09:00:00,120.7783650497229
2025-08-23 10:00:00,119.103704357202
2025-08-23 11:00:00,112.2269291458257
2025-08-23 12:00:00,114.3427604707614
2025-08-23 13:00:00,111.0154022222835
2025-08-23 14:00:00,89.01652408887767
2025-08-23 15:00:00,90.82952662938284
2025-08-23 16:00:00,77.99953407095026
2025-08-23 17:00:00,71.32814904426219
2025-08-23 18:00:00,75.05125254719187
2025-08-23 19:00:00,69.9393927339769
2025-08-23 20:00:00,83.95626082954158
2025-08-23 21:00:00,82.53009216843965
2025-08-23 22:00:00,94.60131001655299
2025-08-23 23:00:00,90.6202890334343
2025-08-24 00:00:00,98.54662950446028
2025-08-24 01:00:00,103.7335617829901
2025-08-24 02:00:00,112.9026249332211
2025-08-24 03:00:00,134.9310426877612
2025-08-24 04:00:00,144.4757966037752
2025-08-24 05:00:00,128.1820019580194
2025-08-24 06:00:00,154.1429634041566
2025-08-24 07:00:00,134.6376533261014
2025-08-24 08:00:00,138.4970893567336
2025-08-24 09:00:00,145.597794634062
2025-08-24 10:00:00,138.8851768712601
2025-08-24 11:00:00,124.6251385442375
2025-08-24 12:00:00,128.2461518954107
2025-08-24 13:00:00,104.1401505095201
2025-08-24 14:00:00,96.9197539653536
2025-08-24 15:00:00,103.3269931945159
2025-08-24 16:00:00,91.58595771835144
2025-08-24 17:00:00,87.73358877567046
2025-08-24 18:00:00,86.03663909523254
2025-08-24 19:00:00,82.35126704439675
2025-08-24 20:00:00,96.57068883172916
2025-08-24 21:00:00,92.20896040440469
2025-08-24 22:00:00,101.4751682745889
2025-08-24 23:00:00,105.4786037492061
2025-08-25 00:00:00,110.3798982800247
2025-08-25 01:00:00,113.9894235007546
2025-08-25 02:00:00,136.8481526285627
2025-08-25 03:00:00,130.8393080817954
2025-08-25 04:00:00,158.0981036507687
2025-08-25 05:00:00,145.3937141566726
2025-08-25 06:00:00,156.2645863655502
2025-08-25 07:00:00,163.8602152452162
2025-08-25 08:00:00,166.9923909652739
2025-08-25 09:00:00,144.9623453358938
2025-08-25 10:00:00,137.3654163117745
2025-08-25 11:00:00,140.3683945162239
2025-08-25 12:00:00,134.6964541425134
2025-08-25 13:00:00,139.8669050974329
2025-08-25 14:00:00,132.8859819542144
2025-08-25 15:00:00,106.3369748148794
2025-08-25 16:00:00,103.2139928775978
2025-08-25 17:00:00,112.4615709872267
2025-08-25 18:00:00,112.0142745840589
2025-08-25 19:00:00,103.8829295611918
2025-08-25 20:00:00,115.2232749356121
2025-08-25 21:00:00,124.9261983046937
2025-08-25 22:00:00,115.0464446876337
2025-08-25 23:00:00,128.5887335202356
2025-08-26 00:00:00,151.0646537628669
2025-08-26 01:00:00,152.3408736203808
2025-08-26 02:00:00,157.3173857970357
2025-08-26 03:00:00,156.9355388602943
2025-08-26 04:00:00,169.2773534273432
2025-08-26 05:00:00,177.0312779620022
2025-08-26 06:00:00,173.4428097597273
2025-08-26 07:00:00,164.3257204280793
2025-08-26 08:00:00,167.8956517764076
2025-08-26 09:00:00,156.1724275144614
2025-08-26 10:00:00,158.8396513281925
2025-08-26 11:00:00,146.116871976046
2025-08-26 12:00:00,158.3399769660346
2025-08-26 13:00:00,142.0608138122845
2025-08-26 14:00:00,129.7423998400412
2025-08-26 15:00:00,126.8958835250591
2025-08-26 16:00:00,116.251513496611
2025-08-26 17:00:00,123.2688221298324
2025-08-26 18:00:00,113.2122989099602
2025-08-26 19:00:00,122.5354638204493
2025-08-26 20:00:00,111.336384799155
2025-08-26 21:00:00,131.1697422063168
2025-08-26 22:00:00,142.8897389470352
2025-08-26 23:00:00,124.5668728513267
2025-08-27 00:00:00,133.6958438630118
2025-08-27 01:00:00,138.2440509655775
2025-08-27 02:00:00,170.9199532317685
2025-08-27 03:00:00,177.688031167075
2025-08-27 04:00:00,172.2801330237332
2025-08-27 05:00:00,164.6359836711098
2025-08-27 06:00:00,170.9076174231701
2025-08-27 07:00:00,171.7210248778609
2025-08-27 08:00:00,165.2643486376584
2025-08-27 09:00:00,147.795012102479
2025-08-27 10:00:00,167.0076182269086
2025-08-27 11:00:00,155.8205786939673
2025-08-27 12:00:00,147.6816551690621
2025-08-27 13:00:00,136.6463726185575
2025-08-27 14:00:00,115.5944542511222
2025-08-27 15:00:00,125.0322217966288
2025-08-27 16:00:00,122.7449849989113
2025-08-27 17:00:00,103.5845653997543
2025-08-27 18:00:00,105.8750253849511
2025-08-27 19:00:00,111.8504289663948
2025-08-27 20:00:00,101.5518819164042
2025-08-27 21:00:00,118.8620670820065
2025-08-27 22:00:00,114.1472194718592
2025-08-27 23:00:00,129.6944622655574
2025-08-28 00:00:00,139.9550120863752
2025-08-28 01:00:00,132.7124679951813
2025-08-28 02:00:00,150.9165651127209
2025-08-28 03:00:00,163.2207194469402
2025-08-28 04:00:00,170.679840259404
2025-08-28 05:00:00,148.9424963668534
2025-08-28 06:00:00,164.7990506224313
2025-08-28 07:00:00,155.3301954130419
2025-08-28 08:00:00,154.1462046744252
2025-08-28 09:00:00,134.2656472356327
2025-08-28 10:00:00,151.3877980754166
2025-08-28 11:00:00,143.2922615327941
2025-08-28 12:00:00,132.4796866515292
2025-08-28 13:00:00,112.5625349708427
2025-08-28 14:00:00,118.004012418983
2025-08-28 15:00:00,107.6455961441498
2025-08-28 16:00:00,97.38757267672436
2025-08-28 17:00:00,98.05342070811231
2025-08-28 18:00:00,94.50146757814711
2025-08-28 19:00:00,98.10744798543105
2025-08-28 20:00:00,102.7289314107932
2025-08-28 21:00:00,97.35768367656638
2025-08-28 22:00:00,105.5811855147028
2025-08-28 23:00:00,105.6871416919491
2025-08-29 00:00:00,107.8598579290803
2025-08-29 01:00:00,128.1795791867348
2025-08-29 02:00:00,119.3876546899623
2025-08-29 03:00:00,130.7960407670195
2025-08-29 04:00:00,146.3228459243179
2025-08-29 05:00:00,149.4199836521424
2025-08-29 06:00:00,152.8182964494514
2025-08-29 07:00:00,142.4367333605124
2025-08-29 08:00:00,145.8764674039295
2025-08-29 09:00:00,127.1334749497838
2025-08-29 10:00:00,136.1252683319109
2025-08-29 11:00:00,125.4730272205007
2025-08-29 12:00:00,99.46891017486607
2025-08-29 13:00:00,100.623341667999
2025-08-29 14:00:00,93.02475666287104
2025-08-29 15:00:00,88.36793703460654
2025-08-29 16:00:00,88.35675128772544
2025-08-29 17:00:00,84.51467517976684
2025-08-29 18:00:00,75.71236365882382
2025-08-29 19:00:00,87.49635115565063
2025-08-29 20:00:00,78.5527481305926
2025-08-29 21:00:00,97.36886082813524
2025-08-29 22:00:00,102.4166283721524
2025-08-29 23:00:00,93.06736518654517
2025-08-30 00:00:00,104.2888672854371
2025-08-30 01:00:00,120.7463291201201
2025-08-30 02:00:00,132.529922048573
2025-08-30 03:00:00,141.8829865078398
2025-08-30 04:00:00,121.3542258141604
2025-08-30 05:00:00,148.3521856777047
2025-08-30 06:00:00,141.0208389606985
2025-08-30 07:00:00,128.851490972434
2025-08-30 08:00:00,143.5076084771757
2025-08-30 09:00:00,128.9057373559309
2025-08-30 10:00:00,120.8993241197409
2025-08-30 11:00:00,119.6167038910932
2025-08-30 12:00:00,107.919996888692
2025-08-30 13:00:00,89.20503154166175
2025-08-30 14:00:00,97.74640990493312
2025-08-30 15:00:00,83.37383669973416
2025-08-30 16:00:00,86.68052102108851
2025-08-30 17:00:00,72.5615239397616
2025-08-30 18:00:00,70.624690673169
2025-08-30 19:00:00,72.52902946596122
2025-08-30 20:00:00,87.41843738068422
2025-08-30 21:00:00,91.10565713422297
2025-08-30 22:00:00,88.94555647831389
2025-08-30 23:00:00,96.89252669476426
2025-08-31 00:00:00,102.1570480962363
2025-08-31 01:00:00,115.7636329301721
2025-08-31 02:00:00,123.3571494482275
2025-08-31 03:00:00,131.7505725619512
2025-08-31 04:00:00,151.7880045791066
2025-08-31 05:00:00,142.4891900982324
2025-08-31 06:00:00,146.6507197448188
2025-08-31 07:00:00,149.4503499203491
2025-08-31 08:00:00,130.3789166234099
2025-08-31 09:00:00,126.3017565837338
2025-08-31 10:00:00,126.7684670963402
2025-08-31 11:00:00,132.9474396056971
2025-08-31 12:00:00,108.3706184194341
2025-08-31 13:00:00,106.4597800724377
2025-08-31 14:00:00,110.8266113946399
2025-08-31 15:00:00,92.91751571433868
2025-08-31 16:00:00,100.6767582669058
2025-08-31 17:00:00,94.9084823801664
2025-08-31 18:00:00,89.85557216471362
2025-08-31 19:00:00,95.3881144416893
2025-08-31 20:00:00,100.7886353283682
2025-08-31 21:00:00,106.3087138699175
2025-08-31 22:00:00,120.8190335359981
2025-08-31 23:00:00,116.8349155313875
2025-09-01 00:00:00,121.8104694097688
2025-09-01 01:00:00,125.9926989769323
2025-09-01 02:00:00,153.2973760846415
2025-09-01 03:00:00,143.0102290870526
2025-09-01 04:00:00,173.0537344486848
2025-09-01 05:00:00,162.3516029157449
2025-09-01 06:00:00,176.454316894521
2025-09-01 07:00:00,175.5027124380782
2025-09-01 08:00:00,162.0668553594064
2025-09-01 09:00:00,138.6837152192809
2025-09-01 10:00:00,155.0684712770654
2025-09-01 11:00:00,127.8393629343044
2025-09-01 12:00:00,123.4814000358876
2025-09-01 13:00:00,135.5752248324727
2025-09-01 14:00:00,124.7473622422999
2025-09-01 15:00:00,107.9653828565322
2025-09-01 16:00:00,112.6824570256463
2025-09-01 17:00:00,116.0051144962978
2025-09-01 18:00:00,108.4691003591462
2025-09-01 19:00:00,107.6048418887351
2025-09-01 20:00:00,105.7495930708464
2025-09-01 21:00:00,127.9675564614372
2025-09-01 22:00:00,137.5921674309526
2025-09-01 23:00:00,124.7701022917886
2025-09-02 00:00:00,128.8909425233078
2025-09-02 01:00:00,149.2513931190495
2025-09-02 02:00:00,146.5798601515806
2025-09-02 03:00:00,173.5788068963078
2025-09-02 04:00:00,179.147288025735
2025-09-02 05:00:00,184.393926233133
2025-09-02 06:00:00,164.3452077700372
2025-09-02 07:00:00,172.8848601127677
2025-09-02 08:00:00,184.5780349366795
2025-09-02 09:00:00,178.6178298513306
2025-09-02 10:00:00,158.0681961444186
2025-09-02 11:00:00,144.1478496085653
2025-09-02 12:00:00,134.3731762023171
2025-09-02 13:00:00,140.6475960319621
2025-09-02 14:00:00,123.9192892033026
2025-09-02 15:00:00,120.3076978332596
2025-09-02 16:00:00,116.9929216882592
2025-09-02 17:00:00,108.6013792447707
2025-09-02 18:00:00,126.853369651034
2025-09-02 19:00:00,112.5863846451111
2025-09-02 20:00:00,126.2029142166466
2025-09-02 21:00:00,120.9904627219008
2025-09-02 22:00:00,134.6044818750308
2025-09-02 23:00:00,152.7408941497728
2025-09-03 00:00:00,148.8877410275563
2025-09-03 01:00:00,169.0539245289796
2025-09-03 02:00:00,151.3079375244713
2025-09-03 03:00:00,180.3869405130499
2025-09-03 04:00:00,181.1143046887574
2025-09-03 05:00:00,173.1558320796181
2025-09-03 06:00:00,174.014064311898
2025-09-03 07:00:00,180.1454770731871
2025-09-03 08:00:00,175.6653938359687
2025-09-03 09:00:00,166.180523668576
2025-09-03 10:00:00,153.5044755818081
2025-09-03 11:00:00,147.6228332892726
2025-09-03 12:00:00,132.4954695791234
2025-09-03 13:00:00,120.0313232205916
2025-09-03 14:00:00,126.4822819091068
2025-09-03 15:00:00,116.9764272373412
2025-09-03 16:00:00,120.1164739427449
2025-09-03 17:00:00,108.0185725148979
2025-09-03 18:00:00,100.9839948722594
2025-09-03 19:00:00,109.009628415715
2025-09-03 20:00:00,114.1798283051563
2025-09-03 21:00:00,110.0230945192885
2025-09-03 22:00:00,140.7457225111494
2025-09-03 23:00:00,123.5937288196345
2025-09-04 00:00:00,135.308571967612
2025-09-04 01:00:00,136.1218699746172
2025-09-04 02:00:00,166.6172991605607
2025-09-04 03:00:00,165.0223916024961
2025-09-04 04:00:00,167.245957592821
2025-09-04 05:00:00,165.5184286802556
2025-09-04 06:00:00,171.6811713821602
2025-09-04 07:00:00,154.1086275069664
2025-09-04 08:00:00,170.0426124427223
2025-09-04 09:00:00,141.1536254126094
2025-09-04 10:00:00,142.003940702271
2025-09-04 11:00:00,140.767541504338
2025-09-04 12:00:00,131.7009349505392
2025-09-04 13:00:00,108.3713897922149
2025-09-04 14:00:00,108.3486565687229
2025-09-04 15:00:00,101.3809122791843
2025-09-04 16:00:00,93.84581411202558
2025-09-04 17:00:00,101.8805164820057
2025-09-04 18:00:00,90.18463782295908
2025-09-04 19:00:00,99.67969109848227
2025-09-04 20:00:00,91.73047304227538
2025-09-04 21:00:00,103.7173709854544
2025-09-04 22:00:00,108.6685372094589
2025-09-04 23:00:00,98.98568900936557
2025-09-05 00:00:00,121.4448329396838
2025-09-05 01:00:00,131.4039886005063
2025-09-05 02:00:00,130.4724085489489
2025-09-05 03:00:00,122.5021456747976
2025-09-05 04:00:00,146.0494816455657
2025-09-05 05:00:00,155.4660836734855
2025-09-05 06:00:00,141.0492059678401
2025-09-05 07:00:00,149.6076593902077
2025-09-05 08:00:00,151.3929477653851
2025-09-05 09:00:00,144.6987976961144
2025-09-05 10:00:00,134.260889267444
2025-09-05 11:00:00,125.9718888921101
2025-09-05 12:00:00,116.7768684947949
2025-09-05 13:00:00,101.9006564029886
2025-09-05 14:00:00,106.5123666349202
2025-09-05 15:00:00,104.7299450656141
2025-09-05 16:00:00,98.47119373737499
2025-09-05 17:00:00,91.25759335502951
2025-09-05 18:00:00,89.23676453359514
2025-09-05 19:00:00,75.47816191596179
2025-09-05 20:00:00,84.66874026090808
2025-09-05 21:00:00,92.47833132768594
2025-09-05 22:00:00,85.16775023149967
2025-09-05 23:00:00,94.88548501664043
2025-09-06 00:00:00,100.6101657185122
2025-09-06 01:00:00,116.0004895382215
2025-09-06 02:00:00,113.1844026423054
2025-09-06 03:00:00,136.4003547414691
2025-09-06 04:00:00,121.4866941695101
2025-09-06 05:00:00,128.368713965537
2025-09-06 06:00:00,124.8212741820017
2025-09-06 07:00:00,129.3419255404694
2025-09-06 08:00:00,136.710333402118
2025-09-06 09:00:00,135.2693494384303
2025-09-06 10:00:00,134.5319484373459
2025-09-06 11:00:00,123.4181174050785
2025-09-06 12:00:00,126.5717871174248
2025-09-06 13:00:00,113.8362818679989
2025-09-06 14:00:00,96.76711922491577
2025-09-06 15:00:00,87.30952109152256
2025-09-06 16:00:00,90.20002791857198
2025-09-06 17:00:00,85.75452237661045
2025-09-06 18:00:00,85.82639116656402
2025-09-06 19:00:00,79.99599688173281
2025-09-06 20:00:00,82.4653179832581
2025-09-06 21:00:00,88.95692573419569
2025-09-06 22:00:00,87.31105891840572
2025-09-06 23:00:00,91.6900624927787
2025-09-07 00:00:00,107.8267578199619
2025-09-07 01:00:00,128.6997863042522
2025-09-07 02:00:00,123.5581906898926
2025-09-07 03:00:00,131.2867796567184
2025-09-07 04:00:00,146.2017037974086
2025-09-07 05:00:00,131.2469857393397
2025-09-07 06:00:00,138.4048568963081
2025-09-07 07:00:00,160.3707537072767
2025-09-07 08:00:00,151.0636709390277
2025-09-07 09:00:00,153.4129398826556
2025-09-07 10:00:00,126.3771117784304
2025-09-07 11:00:00,134.107007405811
2025-09-07 12:00:00,130.752348141549
2025-09-07 13:00:00,119.6329221251228
2025-09-07 14:00:00,108.2985878922139
2025-09-07 15:00:00,96.44494317551678
2025-09-07 16:00:00,111.2312448690022
2025-09-07 17:00:00,94.59923449200916
2025-09-07 18:00:00,87.24877030472406
2025-09-07 19:00:00,99.205977564644
2025-09-07 20:00:00,94.30406047182777
2025-09-07 21:00:00,97.20389852201494
2025-09-07 22:00:00,99.44586363168462
2025-09-07 23:00:00,117.7224516542281
2025-09-08 00:00:00,120.9022651177886
2025-09-08 01:00:00,141.4422268238158
2025-09-08 02:00:00,149.3531335267607
2025-09-08 03:00:00,147.8011279917015
2025-09-08 04:00:00,168.3533473246121
2025-09-08 05:00:00,159.8828917254229
2025-09-08 06:00:00,176.0885382565984
2025-09-08 07:00:00,178.2323572160234
2025-09-08 08:00:00,172.8067423914895
2025-09-08 09:00:00,161.5415329863014
2025-09-08 10:00:00,160.1149624053394
2025-09-08 11:00:00,160.0950316354498
2025-09-08 12:00:00,133.505301553324
2025-09-08 13:00:00,137.4122495922568
2025-09-08 14:00:00,132.7785635312547
2025-09-08 15:00:00,116.2400436376734
2025-09-08 16:00:00,121.6804281465631
2025-09-08 17:00:00,106.0358371900319
2025-09-08 18:00:00,114.4021183336131
2025-09-08 19:00:00,119.1666597460488
2025-09-08 20:00:00,130.6513377643346
2025-09-08 21:00:00,138.1705684372825
2025-09-08 22:00:00,144.9611684339934
2025-09-08 23:00:00,152.5133133661301
2025-09-09 00:00:00,147.4022727575212
2025-09-09 01:00:00,162.9458636227833
2025-09-09 02:00:00,176.1354715088682
2025-09-09 03:00:00,159.6431202121639
2025-09-09 04:00:00,185.5493519770912
2025-09-09 05:00:00,181.7375700910254
2025-09-09 06:00:00,188.7012422307546
2025-09-09 07:00:00,179.9776708393778
2025-09-09 08:00:00,172.0463574864419
2025-09-09 09:00:00,178.4567071018878
2025-09-09 10:00:00,153.5055201968588
2025-09-09 11:00:00,170.7766508011327
2025-09-09 12:00:00,159.333271959936
2025-09-09 13:00:00,141.1644025475733
2025-09-09 14:00:00,140.1003637212685
2025-09-09 15:00:00,139.4403905930801
2025-09-09 16:00:00,113.6000782608985
2025-09-09 17:00:00,116.4879445382614
2025-09-09 18:00:00,129.1982320125719
2025-09-09 19:00:00,118.6946335964904
2025-09-09 20:00:00,123.1961888663728
2025-09-09 21:00:00,129.5910082550027
2025-09-09 22:00:00,126.4700926237131
2025-09-09 23:00:00,139.9887973454293
2025-09-10 00:00:00,136.848430348044
2025-09-10 01:00:00,144.3088508611379
2025-09-10 02:00:00,165.6100750401794
2025-09-10 03:00:00,174.7052641185799
2025-09-10 04:00:00,179.3017732907192
2025-09-10 05:00:00,169.8681445730514
2025-09-10 06:00:00,178.9556891854776
2025-09-10 07:00:00,191.946513871503
2025-09-10 08:00:00,168.23081480547
2025-09-10 09:00:00,175.3586910086858
2025-09-10 10:00:00,151.2521551190634
2025-09-10 11:00:00,139.0935734225542
2025-09-10 12:00:00,151.5752562103467
2025-09-10 13:00:00,144.9902882745018
2025-09-10 14:00:00,121.0738979429297
2025-09-10 15:00:00,112.9139914348629
2025-09-10 16:00:00,121.1451784171223
2025-09-10 17:00:00,115.9217288969309
2025-09-10 18:00:00,119.4467563889261
2025-09-10 19:00:00,121.2529054275547
2025-09-10 20:00:00,115.3823586281896
2025-09-10 21:00:00,113.1421025274815
2025-09-10 22:00:00,119.5507853670884
2025-09-10 23:00:00,135.0390467789582
2025-09-11 00:00:00,132.6114819789748
2025-09-11 01:00:00,165.9943318873907
2025-09-11 02:00:00,161.745407182907
2025-09-11 03:00:00,160.830583514104
2025-09-11 04:00:00,168.1380267814651
2025-09-11 05:00:00,177.5460276545392
2025-09-11 06:00:00,178.9245286839559
2025-09-11 07:00:00,167.0026954734984
2025-09-11 08:00:00,154.6770989064737
2025-09-11 09:00:00,142.9550107307336
2025-09-11 10:00:00,134.8633350775628
2025-09-11 11:00:00,143.8706145127574
2025-09-11 12:00:00,129.5975406152177
2025-09-11 13:00:00,114.1300384449919
2025-09-11 14:00:00,123.9370374701789
2025-09-11 15:00:00,98.56780280556568
2025-09-11 16:00:00,106.7288276188271
2025-09-11 17:00:00,108.5002803082221
2025-09-11 18:00:00,89.49521601800348
2025-09-11 19:00:00,90.77514806114537
2025-09-11 20:00:00,104.5902415078229
2025-09-11 21:00:00,101.2081967462625
2025-09-11 22:00:00,106.1701554599038
2025-09-11 23:00:00,115.3041250881253
2025-09-12 00:00:00,126.1694932093916
2025-09-12 01:00:00,133.5451316570743
2025-09-12 02:00:00,133.3192805489091
2025-09-12 03:00:00,140.9215698607264
2025-09-12 04:00:00,133.1648736185047
2025-09-12 05:00:00,161.1421641029055
2025-09-12 06:00:00,134.0917961268501
2025-09-12 07:00:00,132.7548189899459
2025-09-12 08:00:00,146.030795700192
2025-09-12 09:00:00,130.0058341325127
2025-09-12 10:00:00,129.9645082950111
2025-09-12 11:00:00,132.1567853894917
2025-09-12 12:00:00,105.7285630949449
2025-09-12 13:00:00,113.3084523381313
2025-09-12 14:00:00,100.2019627847975
2025-09-12 15:00:00,91.04540738007171
2025-09-12 16:00:00,84.5624365977981
2025-09-12 17:00:00,89.95734463019866
2025-09-12 18:00:00,75.53645030410506
2025-09-12 19:00:00,78.55016597294366
2025-09-12 20:00:00,83.39665268653387
2025-09-12 21:00:00,98.58252368631229
2025-09-12 22:00:00,111.2609323214214
2025-09-12 23:00:00,107.363494414309
2025-09-13 00:00:00,118.9026773840252
2025-09-13 01:00:00,138.5680444549847
2025-09-13 02:00:00,135.0610640441312
2025-09-13 03:00:00,132.0266972199362
2025-09-13 04:00:00,152.8354441040923
2025-09-13 05:00:00,136.2157005663694
2025-09-13 06:00:00,154.5023046403945
2025-09-13 07:00:00,142.7335879374909
2025-09-13 08:00:00,126.8042976222905
2025-09-13 09:00:00,125.3961430967971
2025-09-13 10:00:00,116.1408902773096
2025-09-13 11:00:00,124.4327474498979
2025-09-13 12:00:00,110.338916913233
2025-09-13 13:00:00,98.82187278782862
2025-09-13 14:00:00,102.1898760882375
2025-09-13 15:00:00,94.05520816630629
2025-09-13 16:00:00,87.5862892340697
2025-09-13 17:00:00,82.28204922802274
2025-09-13 18:00:00,86.71248630352808
2025-09-13 19:00:00,79.70411848459692
2025-09-13 20:00:00,100.6576436635333
2025-09-13 21:00:00,92.20870637002702
2025-09-13 22:00:00,101.4253859614794
2025-09-13 23:00:00,117.0090158102764
2025-09-14 00:00:00,122.0463901344192
2025-09-14 01:00:00,140.2909957467212
2025-09-14 02:00:00,137.5181812574536
2025-09-14 03:00:00,136.7055128157382
2025-09-14 04:00:00,160.9993672367254
2025-09-14 05:00:00,140.1794393862336
2025-09-14 06:00:00,164.4241688067969
2025-09-14 07:00:00,159.1069729737488
2025-09-14 08:00:00,147.3992383888418
2025-09-14 09:00:00,139.3871635284452
2025-09-14 10:00:00,128.8276748556886
2025-09-14 11:00:00,130.4240100034002
2025-09-14 12:00:00,110.0117539994237
2025-09-14 13:00:00,114.4617050206522
2025-09-14 14:00:00,100.8467771758421
2025-09-14 15:00:00,113.8969712394061
2025-09-14 16:00:00,92.70914695760374
2025-09-14 17:00:00,100.3455452581541
2025-09-14 18:00:00,97.0028735748644
2025-09-14 19:00:00,101.2635863168931
2025-09-14 20:00:00,116.0233392806502
2025-09-14 21:00:00,108.9043515027073
2025-09-14 22:00:00,108.5173649021257
2025-09-14 23:00:00,127.5783953724744
2025-09-15 00:00:00,131.3032801502285
2025-09-15 01:00:00,154.86190595936
2025-09-15 02:00:00,140.9305302092274
2025-09-15 03:00:00,151.7700969215694
2025-09-15 04:00:00,172.7517764778287
2025-09-15 05:00:00,161.4785158590328
2025-09-15 06:00:00,162.2844901682392
2025-09-15 07:00:00,165.1371228701362
2025-09-15 08:00:00,154.7226805717579
2025-09-15 09:00:00,154.7537854312762
2025-09-15 10:00:00,144.5311931126486
2025-09-15 11:00:00,140.0104273717692
2025-09-15 12:00:00,144.5441006046572
2025-09-15 13:00:00,144.2499641962061
2025-09-15 14:00:00,122.7211523169694
2025-09-15 15:00:00,116.5952956490025
2025-09-15 16:00:00,126.8288238587402
2025-09-15 17:00:00,126.4035395842621
2025-09-15 18:00:00,118.082771920795
2025-09-15 19:00:00,114.942559697151
2025-09-15 20:00:00,126.3306624699373
2025-09-15 21:00:00,123.1578796498392
2025-09-15 22:00:00,146.0439193601009
2025-09-15 23:00:00,147.0249468458869
2025-09-16 00:00:00,164.5359629389969
2025-09-16 01:00:00,168.9015366870243
2025-09-16 02:00:00,175.6274498982194
2025-09-16 03:00:00,172.0618039609266
2025-09-16 04:00:00,162.7330065374626
2025-09-16 05:00:00,180.1610733920869
2025-09-16 06:00:00,187.7167279423766
2025-09-16 07:00:00,193.1460212935366
2025-09-16 08:00:00,183.5723407427287
2025-09-16 09:00:00,175.6062444152475
2025-09-16 10:00:00,162.8832643631798
2025-09-16 11:00:00,143.6081736487511
2025-09-16 12:00:00,141.4219982269628
2025-09-16 13:00:00,130.596687569506
2025-09-16 14:00:00,132.3155434327557
2025-09-16 15:00:00,132.5199221066578
2025-09-16 16:00:00,128.9368285140958
2025-09-16 17:00:00,117.34264217762
2025-09-16 18:00:00,125.0194822998538
2025-09-16 19:00:00,125.5230311025063
2025-09-16 20:00:00,117.5235506968882
2025-09-16 21:00:00,137.1239017156928
2025-09-16 22:00:00,148.2852674936173
2025-09-16 23:00:00,145.3056985905214
2025-09-17 00:00:00,165.6660941273385
2025-09-17 01:00:00,165.5852680048366
2025-09-17 02:00:00,170.004613251902
2025-09-17 03:00:00,164.2757735190821
2025-09-17 04:00:00,182.0258557982233
2025-09-17 05:00:00,188.3787824033533
2025-09-17 06:00:00,186.8877276262078
2025-09-17 07:00:00,191.824057863893
2025-09-17 08:00:00,171.9924428437842
2025-09-17 09:00:00,166.5929932315449
2025-09-17 10:00:00,156.0985758703713
2025-09-17 11:00:00,164.7271839983345
2025-09-17 12:00:00,143.3415850726493
2025-09-17 13:00:00,147.3089649212161
2025-09-17 14:00:00,145.6656509815607
2025-09-17 15:00:00,118.1219756046321
2025-09-17 16:00:00,114.8755397771261
2025-09-17 17:00:00,127.1157217917097
2025-09-17 18:00:00,120.8321738872661
2025-09-17 19:00:00,109.556838312122
2025-09-17 20:00:00,110.1819124197845
2025-09-17 21:00:00,131.9051954941588
2025-09-17 22:00:00,137.1217638757579
2025-09-17 23:00:00,141.8250474558224
2025-09-18 00:00:00,149.1279744978217
2025-09-18 01:00:00,138.666991043299
2025-09-18 02:00:00,150.1555181492203
2025-09-18 03:00:00,156.6469643764164
2025-09-18 04:00:00,159.09931194259
2025-09-18 05:00:00,170.9245606371612
2025-09-18 06:00:00,154.2690630977985
2025-09-18 07:00:00,169.1087624897778
2025-09-18 08:00:00,162.7838220819571
2025-09-18 09:00:00,163.0597400459442
2025-09-18 10:00:00,163.8029734678991
2025-09-18 11:00:00,152.6793097041289
2025-09-18 12:00:00,145.0740043881933
2025-09-18 13:00:00,117.0064138774549
2025-09-18 14:00:00,122.3250765170776
2025-09-18 15:00:00,118.1842146753062
2025-09-18 16:00:00,99.39149488251091
2025-09-18 17:00:00,102.2627388552298
2025-09-18 18:00:00,96.9509507591578
2025-09-18 19:00:00,104.7608799871261
2025-09-18 20:00:00,108.2909713377024
2025-09-18 21:00:00,96.85660871728133
2025-09-18 22:00:00,112.8358519985751
2025-09-18 23:00:00,118.9350178970873
2025-09-19 00:00:00,114.8510184730813
2025-09-19 01:00:00,127.1575699573767
2025-09-19 02:00:00,133.878911415077
2025-09-19 03:00:00,145.6402268350038
2025-09-19 04:00:00,152.8605866085714
2025-09-19 05:00:00,153.7708388206458
2025-09-19 06:00:00,166.6880403388112
2025-09-19 07:00:00,148.0767177642948
2025-09-19 08:00:00,144.4811819080899
2025-09-19 09:00:00,150.5472832756133
2025-09-19 10:00:00,127.4942045841228
2025-09-19 11:00:00,133.6784293596864
2025-09-19 12:00:00,124.5768697136899
2025-09-19 13:00:00,102.343572297473
2025-09-19 14:00:00,100.6511363327608
2025-09-19 15:00:00,89.5162972158394
2025-09-19 16:00:00,94.702981068556
2025-09-19 17:00:00,87.7026649236021
2025-09-19 18:00:00,94.21366143374723
2025-09-19 19:00:00,92.08640403651027
2025-09-19 20:00:00,88.6125876969881
2025-09-19 21:00:00,99.74955426661022
2025-09-19 22:00:00,102.6115704192243
2025-09-19 23:00:00,111.0370914611291
2025-09-20 00:00:00,125.6197840714553
2025-09-20 01:00:00,120.5836435486998
2025-09-20 02:00:00,143.7937245523497
2025-09-20 03:00:00,142.1317898960065
2025-09-20 04:00:00,150.196782508461
2025-09-20 05:00:00,132.9102207922029
2025-09-20 06:00:00,147.7473986699569
2025-09-20 07:00:00,157.1224116690109
2025-09-20 08:00:00,143.7554715584815
2025-09-20 09:00:00,126.5755938327868
2025-09-20 10:00:00,128.6524013598936
2025-09-20 11:00:00,121.4965024628554
2025-09-20 12:00:00,111.4586755793387
2025-09-20 13:00:00,114.6677959756744
2025-09-20 14:00:00,108.4913480055102
2025-09-20 15:00:00,103.1109662625166
2025-09-20 16:00:00,82.12533100505574
2025-09-20 17:00:00,88.36454320916785
2025-09-20 18:00:00,85.26379936513531
2025-09-20 19:00:00,94.68473634317299
2025-09-20 20:00:00,101.4336467368745
2025-09-20 21:00:00,96.98767885480747
2025-09-20 22:00:00,109.8434900419253
2025-09-20 23:00:00,111.5774705255092
2025-09-21 00:00:00,120.9758410394529
2025-09-21 01:00:00,121.4502677417744
2025-09-21 02:00:00,132.3399690010301
2025-09-21 03:00:00,131.9872738309653
2025-09-21 04:00:00,136.2218631142727
2025-09-21 05:00:00,148.8421277572873
2025-09-21 06:00:00,150.8707036182969
2025-09-21 07:00:00,143.8812816457378
2025-09-21 08:00:00,156.2732258897912
2025-09-21 09:00:00,139.014901432996
2025-09-21 10:00:00,147.0868024065305
2025-09-21 11:00:00,128.7407104033758
2025-09-21 12:00:00,116.1085034287211
2025-09-21 13:00:00,125.6891394128267
2025-09-21 14:00:00,105.8497864946463
2025-09-21 15:00:00,100.0832054092552
2025-09-21 16:00:00,100.4805759182671
2025-09-21 17:00:00,96.03181881227677
2025-09-21 18:00:00,92.47031476180115
2025-09-21 19:00:00,96.7685963860164
2025-09-21 20:00:00,116.0820350467075
2025-09-21 21:00:00,122.8066994803655
2025-09-21 22:00:00,113.3940117728346
2025-09-21 23:00:00,130.3064640549675
2025-09-22 00:00:00,125.99780104862
2025-09-22 01:00:00,154.1787316536182
2025-09-22 02:00:00,142.7302636929623
2025-09-22 03:00:00,147.5871009223087
2025-09-22 04:00:00,162.8834763616532
2025-09-22 05:00:00,183.511724513168
2025-09-22 06:00:00,165.794229117146
2025-09-22 07:00:00,167.6909678076452
2025-09-22 08:00:00,167.75020063462
2025-09-22 09:00:00,176.8434235026193
2025-09-22 10:00:00,166.3884211655146
2025-09-22 11:00:00,135.9983236069966
2025-09-22 12:00:00,137.6453350937207
2025-09-22 13:00:00,146.2070353781073
2025-09-22 14:00:00,124.1047916304197
2025-09-22 15:00:00,121.2380912929674
2025-09-22 16:00:00,130.9004402521465
2025-09-22 17:00:00,108.7563666752386
2025-09-22 18:00:00,107.7871399689614
2025-09-22 19:00:00,117.8917931305709
2025-09-22 20:00:00,126.7013205587206
2025-09-22 21:00:00,125.4438416242745
2025-09-22 22:00:00,125.2070605807149
2025-09-22 23:00:00,146.9096889122211
2025-09-23 00:00:00,155.7748265144109
2025-09-23 01:00:00,164.0224434456393
2025-09-23 02:00:00,179.3387788075435
2025-09-23 03:00:00,183.067325986856
2025-09-23 04:00:00,189.4194588396907
2025-09-23 05:00:00,173.2615669779496
2025-09-23 06:00:00,174.8080050744544
2025-09-23 07:00:00,202.0019600678938
2025-09-23 08:00:00,178.8176389315633
2025-09-23 09:00:00,176.7775543609939
2025-09-23 10:00:00,174.5799264457164
2025-09-23 11:00:00,172.716790916383
2025-09-23 12:00:00,167.4411675164748
2025-09-23 13:00:00,157.216838227342
2025-09-23 14:00:00,134.9466597807487
2025-09-23 15:00:00,146.5912396151276
2025-09-23 16:00:00,143.3500678750217
2025-09-23 17:00:00,119.8399664555126
2025-09-23 18:00:00,128.7567506376088
2025-09-23 19:00:00,136.088106617361
2025-09-23 20:00:00,123.5988137342514
2025-09-23 21:00:00,135.6955066056171
2025-09-23 22:00:00,130.4313468764426
2025-09-23 23:00:00,146.2332015186521
2025-09-24 00:00:00,138.6243348621706
2025-09-24 01:00:00,147.8581461122154
2025-09-24 02:00:00,180.6235411605711
2025-09-24 03:00:00,186.0751012640874
2025-09-24 04:00:00,170.560209960693
2025-09-24 05:00:00,195.7262712927905
2025-09-24 06:00:00,168.19192973026
2025-09-24 07:00:00,174.1818599586149
2025-09-24 08:00:00,183.3785379873035
2025-09-24 09:00:00,195.8367557223544
2025-09-24 10:00:00,183.9167737231562
2025-09-24 11:00:00,182.7159011576428
2025-09-24 12:00:00,150.9408942340178
2025-09-24 13:00:00,151.8796058539912
2025-09-24 14:00:00,144.5879138486043
2025-09-24 15:00:00,142.1165270306509
2025-09-24 16:00:00,126.1635960798157
2025-09-24 17:00:00,113.3679197084671
2025-09-24 18:00:00,124.3753027804169
2025-09-24 19:00:00,114.9422138793816
2025-09-24 20:00:00,130.3164759738423
2025-09-24 21:00:00,130.6782052085274
2025-09-24 22:00:00,117.7158433195734
2025-09-24 23:00:00,129.9915937889637
2025-09-25 00:00:00,129.7402242521708
2025-09-25 01:00:00,137.5855100378302
2025-09-25 02:00:00,167.4224628223908
2025-09-25 03:00:00,169.4887669098331
2025-09-25 04:00:00,176.1975812089734
2025-09-25 05:00:00,185.959088795507
2025-09-25 06:00:00,171.831674925401
2025-09-25 07:00:00,154.41881393838
2025-09-25 08:00:00,157.6803522320737
2025-09-25 09:00:00,145.4134781031923
2025-09-25 10:00:00,166.4831186425295
2025-09-25 11:00:00,150.8427920519035
2025-09-25 12:00:00,145.0152755174315
2025-09-25 13:00:00,125.0969949232085
2025-09-25 14:00:00,122.3716752310302
2025-09-25 15:00:00,114.1399003964626
2025-09-25 16:00:00,106.1567274904762
2025-09-25 17:00:00,95.15634706829789
2025-09-25 18:00:00,112.4383921168628
2025-09-25 19:00:00,96.66469045166842
2025-09-25 20:00:00,103.9955283822424
2025-09-25 21:00:00,111.7391246286335
2025-09-25 22:00:00,123.2970944382204
2025-09-25 23:00:00,125.7541160212741
2025-09-26 00:00:00,145.1688634318687
2025-09-26 01:00:00,144.2755908661838
2025-09-26 02:00:00,144.7838044544168
2025-09-26 03:00:00,160.1679694357542
2025-09-26 04:00:00,152.932173438347
2025-09-26 05:00:00,166.230536868629
2025-09-26 06:00:00,143.9596387384161
2025-09-26 07:00:00,145.944535817816
2025-09-26 08:00:00,132.9127053167128
2025-09-26 09:00:00,137.4276579504804
2025-09-26 10:00:00,124.5648211773678
2025-09-26 11:00:00,116.8773913327539
2025-09-26 12:00:00,108.8326630171264
2025-09-26 13:00:00,114.5174831491688
2025-09-26 14:00:00,97.01700677483322
2025-09-26 15:00:00,97.95340660221805
2025-09-26 16:00:00,85.50878797098954
2025-09-26 17:00:00,89.40844101094352
2025-09-26 18:00:00,82.19907952095724
2025-09-26 19:00:00,96.1673295631747
2025-09-26 20:00:00,104.7524222641301
2025-09-26 21:00:00,99.45989604871572
2025-09-26 22:00:00,111.4483193410962
2025-09-26 23:00:00,117.3230033531168
2025-09-27 00:00:00,117.5647875594261
2025-09-27 01:00:00,144.9224769056982
2025-09-27 02:00:00,147.6160375571004
2025-09-27 03:00:00,140.4871216364209
2025-09-27 04:00:00,133.8154266170007
2025-09-27 05:00:00,134.7827404836174
2025-09-27 06:00:00,152.7216479591117
2025-09-27 07:00:00,157.6566421310184
2025-09-27 08:00:00,141.4353214923473
2025-09-27 09:00:00,131.2901854120156
2025-09-27 10:00:00,141.1248231081616
2025-09-27 11:00:00,130.9546593940591
2025-09-27 12:00:00,124.3353657432872
2025-09-27 13:00:00,106.2888696684278
2025-09-27 14:00:00,95.21543919633746
2025-09-27 15:00:00,99.17661372985951
2025-09-27 16:00:00,98.36129651089212
2025-09-27 17:00:00,97.23403403970379
2025-09-27 18:00:00,97.91734162312
2025-09-27 19:00:00,93.07177977979649
2025-09-27 20:00:00,93.46211831262211
2025-09-27 21:00:00,92.42031362789982
2025-09-27 22:00:00,98.46558535996853
2025-09-27 23:00:00,103.6040029480776
2025-09-28 00:00:00,116.1429195825017
2025-09-28 01:00:00,119.5616869046332
2025-09-28 02:00:00,140.7681024519762
2025-09-28 03:00:00,146.2429521436375
2025-09-28 04:00:00,134.608180096404
2025-09-28 05:00:00,152.4289314009322
2025-09-28 06:00:00,141.4677187375052
2025-09-28 07:00:00,165.0928636663918
2025-09-28 08:00:00,141.8277154822684
2025-09-28 09:00:00,143.3146624172164
2025-09-28 10:00:00,146.6824497014322
2025-09-28 11:00:00,144.1154057687308
2025-09-28 12:00:00,144.9537849875338
2025-09-28 13:00:00,125.869775800788
2025-09-28 14:00:00,120.6294468907293
2025-09-28 15:00:00,114.2610852975452
2025-09-28 16:00:00,117.0364793542931
2025-09-28 17:00:00,105.51851449383
2025-09-28 18:00:00,102.4668165916627
2025-09-28 19:00:00,108.3986430131564
2025-09-28 20:00:00,100.892756090055
2025-09-28 21:00:00,108.4045851360286
2025-09-28 22:00:00,129.652610514607
2025-09-28 23:00:00,122.3076459330477
2025-09-29 00:00:00,143.44446974414
2025-09-29 01:00:00,130.3817802494151
2025-09-29 02:00:00,160.4803940376334
2025-09-29 03:00:00,149.0458541363587
2025-09-29 04:00:00,148.9524349065519
2025-09-29 05:00:00,179.430384004939
2025-09-29 06:00:00,182.1396506639842
2025-09-29 07:00:00,190.797284149801
2025-09-29 08:00:00,177.110473491621
2025-09-29 09:00:00,174.4707196297636
2025-09-29 10:00:00,170.3376998674275
2025-09-29 11:00:00,150.2174495019191
2025-09-29 12:00:00,155.7096430977529
2025-09-29 13:00:00,154.8881304179392
2025-09-29 14:00:00,134.9424241651507
2025-09-29 15:00:00,140.5693701855117
2025-09-29 16:00:00,124.5519633864189
2025-09-29 17:00:00,132.1578598603075
2025-09-29 18:00:00,134.2691310267306
2025-09-29 19:00:00,128.5938253458752
2025-09-29 20:00:00,136.8079862739628
2025-09-29 21:00:00,127.534308954593
2025-09-29 22:00:00,123.4992306648113
2025-09-29 23:00:00,143.0476698601599
2025-09-30 00:00:00,159.455714242555
2025-09-30 01:00:00,153.5313129242229
2025-09-30 02:00:00,162.6793008734364
2025-09-30 03:00:00,182.26668731492
2025-09-30 04:00:00,191.8937919937622
2025-09-30 05:00:00,178.6801152272113
2025-09-30 06:00:00,192.3165037550939
2025-09-30 07:00:00,183.5663096377259
2025-09-30 08:00:00,171.7051419294239
2025-09-30 09:00:00,179.0060734111726
2025-09-30 10:00:00,187.9160176782386
2025-09-30 11:00:00,163.1851254839754
2025-09-30 12:00:00,160.7977295497435
2025-09-30 13:00:00,158.9758252848916
2025-09-30 14:00:00,145.5539775695267
2025-09-30 15:00:00,135.5563371154535
2025-09-30 16:00:00,125.6414153461378
2025-09-30 17:00:00,123.5386314379773
2025-09-30 18:00:00,135.7874807891408
2025-09-30 19:00:00,122.4266314389939
2025-09-30 20:00:00,141.9607503641327
2025-09-30 21:00:00,146.341320545198
2025-09-30 22:00:00,138.2173139617248
2025-09-30 23:00:00,146.6528302516844
2025-10-01 00:00:00,154.4040037189706
2025-10-01 01:00:00,183.4870676616393
2025-10-01 02:00:00,192.3899744841482
2025-10-01 03:00:00,165.7185889361462
2025-10-01 04:00:00,200.5238167494317
2025-10-01 05:00:00,191.1954268446146
2025-10-01 06:00:00,205.7976178794659
2025-10-01 07:00:00,199.3095262556749
2025-10-01 08:00:00,185.8548696199199
2025-10-01 09:00:00,190.7114944272505
2025-10-01 10:00:00,180.0118066988076
2025-10-01 11:00:00,150.0597206587694
2025-10-01 12:00:00,150.4858068670648
2025-10-01 13:00:00,161.2937683077982
2025-10-01 14:00:00,138.8155868566802
2025-10-01 15:00:00,134.0458660408869
2025-10-01 16:00:00,115.6349685771407
2025-10-01 17:00:00,115.5242391273652
2025-10-01 18:00:00,127.5031646523139
2025-10-01 19:00:00,133.4690193382504
2025-10-01 20:00:00,125.244852992594
2025-10-01 21:00:00,136.7199158910518
2025-10-01 22:00:00,136.409155231948
2025-10-01 23:00:00,145.7040905958005
2025-10-02 00:00:00,155.0825752199785
2025-10-02 01:00:00,139.0609874987732
2025-10-02 02:00:00,172.3955070932052
2025-10-02 03:00:00,153.174570345457
2025-10-02 04:00:00,162.9882773908694
2025-10-02 05:00:00,156.5196713066978
2025-10-02 06:00:00,165.5433931793488
2025-10-02 07:00:00,158.7255452096263
2025-10-02 08:00:00,179.4004171588886
2025-10-02 09:00:00,170.7189626098656
2025-10-02 10:00:00,168.1250985601356
2025-10-02 11:00:00,138.8506711889953
2025-10-02 12:00:00,145.0079860963008
2025-10-02 13:00:00,121.6926850170395
2025-10-02 14:00:00,138.2528677572813
2025-10-02 15:00:00,122.8404603359524
2025-10-02 16:00:00,110.4288343764919
2025-10-02 17:00:00,108.2018929332319
2025-10-02 18:00:00,103.2561382949806
2025-10-02 19:00:00,99.20128767294098
2025-10-02 20:00:00,97.45777579080257
2025-10-02 21:00:00,101.3708197693879
2025-10-02 22:00:00,123.3246679240982
2025-10-02 23:00:00,128.1816777155913
2025-10-03 00:00:00,125.4339297316617
2025-10-03 01:00:00,142.3814213773294
2025-10-03 02:00:00,153.0015305396255
2025-10-03 03:00:00,143.8881935525865
2025-10-03 04:00:00,141.0772958729954
2025-10-03 05:00:00,167.84554405739
2025-10-03 06:00:00,151.3014312185551
2025-10-03 07:00:00,155.9947097336299
2025-10-03 08:00:00,147.5232290069447
2025-10-03 09:00:00,155.818126380123
2025-10-03 10:00:00,150.4366981010997
2025-10-03 11:00:00,148.3891822027437
2025-10-03 12:00:00,120.5444239370622
2025-10-03 13:00:00,112.2205018322258
2025-10-03 14:00:00,109.1382077040204
2025-10-03 15:00:00,113.3271238230953
2025-10-03 16:00:00,102.6154403078211
2025-10-03 17:00:00,100.1755425826467
2025-10-03 18:00:00,95.05449557024646
2025-10-03 19:00:00,99.39192964747654
2025-10-03 20:00:00,85.57228581361983
2025-10-03 21:00:00,103.0727101080926
2025-10-03 22:00:00,97.74056342729217
2025-10-03 23:00:00,119.4424727675288
2025-10-04 00:00:00,110.7983124482299
2025-10-04 01:00:00,125.5652567147326
2025-10-04 02:00:00,127.1420772299305
2025-10-04 03:00:00,144.418172187094
2025-10-04 04:00:00,153.0634195403659
2025-10-04 05:00:00,144.6584109015672
2025-10-04 06:00:00,150.8585443090202
2025-10-04 07:00:00,159.2438248491846
2025-10-04 08:00:00,155.1758258709567
2025-10-04 09:00:00,138.4477185265133
2025-10-04 10:00:00,145.2135397536166
2025-10-04 11:00:00,119.9207998108987
2025-10-04 12:00:00,108.6840108531884
2025-10-04 13:00:00,115.4474456995224
2025-10-04 14:00:00,107.9748054576046
2025-10-04 15:00:00,106.4563077272531
2025-10-04 16:00:00,88.42443516419924
2025-10-04 17:00:00,91.87044932071755
2025-10-04 18:00:00,86.59617474820094
2025-10-04 19:00:00,96.14251037684573
2025-10-04 20:00:00,85.33546621604229
2025-10-04 21:00:00,95.57823259412784
2025-10-04 22:00:00,110.7301938243402
2025-10-04 23:00:00,114.6586043375691
2025-10-05 00:00:00,116.2435629506619
2025-10-05 01:00:00,137.1460855930582
2025-10-05 02:00:00,140.5308122078967
2025-10-05 03:00:00,157.9797057084428
2025-10-05 04:00:00,148.1866690811679
2025-10-05 05:00:00,150.296522651814
2025-10-05 06:00:00,159.5462043597635
2025-10-05 07:00:00,164.4095942649551
2025-10-05 08:00:00,157.2303028656912
2025-10-05 09:00:00,133.8129437392575
2025-10-05 10:00:00,150.2617314595376
2025-10-05 11:00:00,127.7440181040078
2025-10-05 12:00:00,129.9262190041862
2025-10-05 13:00:00,122.8407279344066
2025-10-05 14:00:00,119.5680461251206
2025-10-05 15:00:00,111.1751111367341
2025-10-05 16:00:00,110.2814344039028
2025-10-05 17:00:00,98.08915754359298
2025-10-05 18:00:00,102.0605811245791
2025-10-05 19:00:00,98.24087804934447
2025-10-05 20:00:00,112.1897741826949
2025-10-05 21:00:00,116.4910151901646
2025-10-05 22:00:00,125.3992334843456
2025-10-05 23:00:00,133.9457705547966
2025-10-06 00:00:00,148.6295009448015
2025-10-06 01:00:00,143.8815788622462
2025-10-06 02:00:00,173.6247148567833
2025-10-06 03:00:00,173.9230715990871
2025-10-06 04:00:00,160.2240850436554
2025-10-06 05:00:00,183.1519897836903
2025-10-06 06:00:00,172.3275182350305
2025-10-06 07:00:00,163.6144624081349
2025-10-06 08:00:00,175.6709180802423
2025-10-06 09:00:00,168.3463172763414
2025-10-06 10:00:00,151.9975596620956
2025-10-06 11:00:00,149.493607522499
2025-10-06 12:00:00,134.8032852948595
2025-10-06 13:00:00,128.0653487899448
2025-10-06 14:00:00,118.3285140741951
2025-10-06 15:00:00,112.8496018706198
2025-10-06 16:00:00,128.9559241811758
2025-10-06 17:00:00,114.8459299416242
2025-10-06 18:00:00,125.1121034797395
2025-10-06 19:00:00,131.1406725417481
2025-10-06 20:00:00,126.8665223977762
2025-10-06 21:00:00,131.3235540064607
2025-10-06 22:00:00,128.1554981811402
2025-10-06 23:00:00,150.9950409898227
2025-10-07 00:00:00,159.5541893395044
2025-10-07 01:00:00,157.7088905100765
2025-10-07 02:00:00,162.717006850099
2025-10-07 03:00:00,175.6817003143731
2025-10-07 04:00:00,178.868638074272
2025-10-07 05:00:00,167.3492534709365
2025-10-07 06:00:00,176.5810479256265
2025-10-07 07:00:00,185.8876341039568
2025-10-07 08:00:00,174.8231633409312
2025-10-07 09:00:00,183.0270570022481
2025-10-07 10:00:00,173.8561116594511
2025-10-07 11:00:00,166.7973872698516
2025-10-07 12:00:00,167.1214412699758
2025-10-07 13:00:00,136.8970085778605
2025-10-07 14:00:00,146.6289539722581
2025-10-07 15:00:00,143.4279830244695
2025-10-07 16:00:00,138.2103937732096
2025-10-07 17:00:00,136.5561239374666
2025-10-07 18:00:00,129.4042134969717
2025-10-07 19:00:00,130.5219475212205
2025-10-07 20:00:00,134.7597029225171
2025-10-07 21:00:00,141.5108172062159
2025-10-07 22:00:00,139.953241992158
2025-10-07 23:00:00,140.9419430060679
2025-10-08 00:00:00,156.0688854896724
2025-10-08 01:00:00,173.9185297971707
2025-10-08 02:00:00,152.1027737534111
2025-10-08 03:00:00,177.6247505226205
2025-10-08 04:00:00,173.0227036040043
2025-10-08 05:00:00,173.5650595662034
2025-10-08 06:00:00,201.6355642607649
2025-10-08 07:00:00,170.5884712595831
2025-10-08 08:00:00,162.6669559281343
2025-10-08 09:00:00,191.4968796421577
2025-10-08 10:00:00,181.3091771316068
2025-10-08 11:00:00,170.4612799202932
2025-10-08 12:00:00,161.9570168190212
2025-10-08 13:00:00,154.1912249543458
2025-10-08 14:00:00,137.5808794301731
2025-10-08 15:00:00,122.9822072791398
2025-10-08 16:00:00,118.6419969806098
2025-10-08 17:00:00,126.2475185839348
2025-10-08 18:00:00,116.48267529009
2025-10-08 19:00:00,116.3924022106403
2025-10-08 20:00:00,130.953651239873
2025-10-08 21:00:00,132.7078154422233
2025-10-08 22:00:00,135.7963247128608
2025-10-08 23:00:00,149.8264630441594
2025-10-09 00:00:00,153.2353670885863
2025-10-09 01:00:00,143.6625517680168
2025-10-09 02:00:00,169.4796548707127
2025-10-09 03:00:00,170.6973429426059
2025-10-09 04:00:00,186.6474123494914
2025-10-09 05:00:00,158.0273007070839
2025-10-09 06:00:00,184.1715116714674
2025-10-09 07:00:00,180.6170264083206
2025-10-09 08:00:00,166.2793269050258
2025-10-09 09:00:00,156.0854777152636
2025-10-09 10:00:00,137.1699865961133
2025-10-09 11:00:00,136.6964751342935
2025-10-09 12:00:00,124.723258756506
2025-10-09 13:00:00,133.2462897090571
2025-10-09 14:00:00,111.1711176117452
2025-10-09 15:00:00,102.0433162892319
2025-10-09 16:00:00,104.4769498886237
2025-10-09 17:00:00,101.4255987794969
2025-10-09 18:00:00,99.41434066063493
2025-10-09 19:00:00,112.5719508307512
2025-10-09 20:00:00,104.2898668590962
2025-10-09 21:00:00,104.4926992478765
2025-10-09 22:00:00,110.029225694698
2025-10-09 23:00:00,135.6533098456109
2025-10-10 00:00:00,129.5131166732065
2025-10-10 01:00:00,142.523235674033
2025-10-10 02:00:00,151.0172768844328
2025-10-10 03:00:00,160.8568157679508
2025-10-10 04:00:00,154.5693046690764
2025-10-10 05:00:00,164.4125959471537
2025-10-10 06:00:00,152.8532390697889
2025-10-10 07:00:00,156.4106471478188
2025-10-10 08:00:00,158.0629849875097
2025-10-10 09:00:00,145.8890036444753
2025-10-10 10:00:00,140.1723138625574
2025-10-10 11:00:00,124.5942355500416
2025-10-10 12:00:00,121.4207350114472
2025-10-10 13:00:00,110.9659917005461
2025-10-10 14:00:00,99.13773609441861
2025-10-10 15:00:00,100.0332092673237
2025-10-10 16:00:00,97.43300125141377
2025-10-10 17:00:00,91.73944400032889
2025-10-10 18:00:00,85.37887583743255
2025-10-10 19:00:00,90.66591269472418
2025-10-10 20:00:00,87.91845479561387
2025-10-10 21:00:00,93.67778785018427
2025-10-10 22:00:00,93.31849494376897
2025-10-10 23:00:00,107.176771459354
2025-10-11 00:00:00,121.1756864688119
2025-10-11 01:00:00,116.6157089525304
2025-10-11 02:00:00,135.6568406939962
2025-10-11 03:00:00,145.3530497263851
2025-10-11 04:00:00,145.8473269093178
2025-10-11 05:00:00,148.6999405394253
2025-10-11 06:00:00,138.8266303178177
2025-10-11 07:00:00,138.2019981831264
2025-10-11 08:00:00,154.3299483785938
2025-10-11 09:00:00,138.9012635606859
2025-10-11 10:00:00,130.6854294379249
2025-10-11 11:00:00,127.0956046563361
2025-10-11 12:00:00,123.5466278692866
2025-10-11 13:00:00,110.0352820800281
2025-10-11 14:00:00,113.9428305298579
2025-10-11 15:00:00,104.0387094379488
2025-10-11 16:00:00,103.4981347769389
2025-10-11 17:00:00,87.43504769810707
2025-10-11 18:00:00,84.16936539978529
2025-10-11 19:00:00,81.92514720019322
2025-10-11 20:00:00,95.55957191881176
2025-10-11 21:00:00,100.187534988082
2025-10-11 22:00:00,96.28596673707953
2025-10-11 23:00:00,99.38384352785434
2025-10-12 00:00:00,104.7001162436792
2025-10-12 01:00:00,128.4093005454612
2025-10-12 02:00:00,118.0790342838472
2025-10-12 03:00:00,146.6335587633526
2025-10-12 04:00:00,140.9537016714597
2025-10-12 05:00:00,139.2468829677462
2025-10-12 06:00:00,140.0975228728938
2025-10-12 07:00:00,160.0890646290966
2025-10-12 08:00:00,151.9651030665943
2025-10-12 09:00:00,145.4135716643644
2025-10-12 10:00:00,132.3098450057986
2025-10-12 11:00:00,133.4227824666233
2025-10-12 12:00:00,125.6965168530817
2025-10-12 13:00:00,135.5446737815601
2025-10-12 14:00:00,124.5805683635695
2025-10-12 15:00:00,114.5034263922182
2025-10-12 16:00:00,113.0228658540421
2025-10-12 17:00:00,97.07826133685293
2025-10-12 18:00:00,111.5531338153513
2025-10-12 19:00:00,108.3673670224806
2025-10-12 20:00:00,98.89561614615255
2025-10-12 21:00:00,100.4521958593479
2025-10-12 22:00:00,109.8644392401437
2025-10-12 23:00:00,129.1925812956569
2025-10-13 00:00:00,135.9403776737078
2025-10-13 01:00:00,140.3755497728848
2025-10-13 02:00:00,160.8807285546806
2025-10-13 03:00:00,168.4659214727009
2025-10-13 04:00:00,175.4492884781621
2025-10-13 05:00:00,159.5310462731196
2025-10-13 06:00:00,167.0489566119774
2025-10-13 07:00:00,153.9056457115881
2025-10-13 08:00:00,165.3082847571657
2025-10-13 09:00:00,151.5839301842099
2025-10-13 10:00:00,152.1786362625761
2025-10-13 11:00:00,164.722024500537
2025-10-13 12:00:00,142.6977526521823
2025-10-13 13:00:00,150.8003589067777
2025-10-13 14:00:00,142.1811401400411
2025-10-13 15:00:00,126.5780864295127
2025-10-13 16:00:00,129.8083350367916
2025-10-13 17:00:00,112.848183535842
2025-10-13 18:00:00,114.669032855516
2025-10-13 19:00:00,129.7568760308156
2025-10-13 20:00:00,122.6272770884054
2025-10-13 21:00:00,138.094139414055
2025-10-13 22:00:00,129.6323328632972
2025-10-13 23:00:00,149.1134559564186
2025-10-14 00:00:00,141.8952440739199
2025-10-14 01:00:00,141.5754586116628
2025-10-14 02:00:00,153.3794368453541
2025-10-14 03:00:00,180.4009055513111
2025-10-14 04:00:00,165.4332531949542
2025-10-14 05:00:00,179.0527017007944
2025-10-14 06:00:00,200.4126202019839
2025-10-14 07:00:00,179.3456752745819
2025-10-14 08:00:00,173.8771469221987
2025-10-14 09:00:00,161.6571736021242
2025-10-14 10:00:00,170.7798208419938
2025-10-14 11:00:00,161.004805024336
2025-10-14 12:00:00,152.4238656035149
2025-10-14 13:00:00,149.1740414239546
2025-10-14 14:00:00,152.4632840317287
2025-10-14 15:00:00,140.4684639122017
2025-10-14 16:00:00,132.3446447990548
2025-10-14 17:00:00,133.3468735191551
2025-10-14 18:00:00,126.3149414933926
2025-10-14 19:00:00,124.0864204056531
2025-10-14 20:00:00,131.5614430460178
2025-10-14 21:00:00,127.8257127598007
2025-10-14 22:00:00,132.4258515765403
2025-10-14 23:00:00,128.7193095724382
2025-10-15 00:00:00,153.1410612454034
2025-10-15 01:00:00,147.9442131042441
2025-10-15 02:00:00,156.8073389749996
2025-10-15 03:00:00,175.3354616222382
2025-10-15 04:00:00,176.7833737588658
2025-10-15 05:00:00,197.791368504202
2025-10-15 06:00:00,170.6889598867047
2025-10-15 07:00:00,166.4943285377206
2025-10-15 08:00:00,167.7032560344294
2025-10-15 09:00:00,181.8404519197778
2025-10-15 10:00:00,152.1735509223808
2025-10-15 11:00:00,162.1669989495918
2025-10-15 12:00:00,139.6705302696505
2025-10-15 13:00:00,136.2197419013308
2025-10-15 14:00:00,121.6754833257901
2025-10-15 15:00:00,128.7414784140487
2025-10-15 16:00:00,117.7118347842261
2025-10-15 17:00:00,114.7115182227693
2025-10-15 18:00:00,116.1065822693749
2025-10-15 19:00:00,119.4111347709988
2025-10-15 20:00:00,116.2451435988833
2025-10-15 21:00:00,135.8703744303641
2025-10-15 22:00:00,137.4951647008082
2025-10-15 23:00:00,126.4944700920947
2025-10-16 00:00:00,155.2910401896486
2025-10-16 01:00:00,154.2371072062311
2025-10-16 02:00:00,144.2021403933181
2025-10-16 03:00:00,177.9091126164318
2025-10-16 04:00:00,182.4729657921988
2025-10-16 05:00:00,165.3127117776488
2025-10-16 06:00:00,170.6101412911819
2025-10-16 07:00:00,168.914762719029
2025-10-16 08:00:00,155.1623219963336
2025-10-16 09:00:00,145.2603333491936
2025-10-16 10:00:00,145.1053655380086
2025-10-16 11:00:00,146.1891761447002
2025-10-16 12:00:00,126.7218199254773
2025-10-16 13:00:00,111.8497349281611
2025-10-16 14:00:00,119.7411054608012
2025-10-16 15:00:00,101.438029013655
2025-10-16 16:00:00,98.49088140585214
2025-10-16 17:00:00,97.69708781988517
2025-10-16 18:00:00,92.58025882195857
2025-10-16 19:00:00,99.20496266557171
2025-10-16 20:00:00,104.5134623420315
2025-10-16 21:00:00,110.4426921229938
2025-10-16 22:00:00,117.5401241536805
2025-10-16 23:00:00,117.6798096185491
2025-10-17 00:00:00,134.6022390001722
2025-10-17 01:00:00,137.4433087576242
2025-10-17 02:00:00,133.3325261898904
2025-10-17 03:00:00,146.3508924214025
2025-10-17 04:00:00,161.4068678259694
2025-10-17 05:00:00,149.6059779822288
2025-10-17 06:00:00,142.797852487607
2025-10-17 07:00:00,138.0341508426255
2025-10-17 08:00:00,153.3646620540817
2025-10-17 09:00:00,137.7333724935697
2025-10-17 10:00:00,126.5356371603103
2025-10-17 11:00:00,112.8919190050598
2025-10-17 12:00:00,114.1733404850643
2025-10-17 13:00:00,109.7328744883396
2025-10-17 14:00:00,107.0385436829833
2025-10-17 15:00:00,88.26947630657102
2025-10-17 16:00:00,86.60320940239266
2025-10-17 17:00:00,91.12046459673313
2025-10-17 18:00:00,78.95101924182158
2025-10-17 19:00:00,92.22368494915051
2025-10-17 20:00:00,86.44611876655131
2025-10-17 21:00:00,89.30482403241885
2025-10-17 22:00:00,99.34049071256679
2025-10-17 23:00:00,93.42208049938974
2025-10-18 00:00:00,114.3928210048482
2025-10-18 01:00:00,119.8159440216669
2025-10-18 02:00:00,121.9848641135814
2025-10-18 03:00:00,136.3267225897261
2025-10-18 04:00:00,139.1208222618534
2025-10-18 05:00:00,132.8283292762689
2025-10-18 06:00:00,141.7107854554029
2025-10-18 07:00:00,144.6128793828327
2025-10-18 08:00:00,133.5950762948821
2025-10-18 09:00:00,122.4639944931941
2025-10-18 10:00:00,119.5586613612075
2025-10-18 11:00:00,111.9139291925004
2025-10-18 12:00:00,100.3198357736718
2025-10-18 13:00:00,93.53996104538116
2025-10-18 14:00:00,89.59997651100203
2025-10-18 15:00:00,93.22548451644731
2025-10-18 16:00:00,89.40108171996664
2025-10-18 17:00:00,83.64601772777655
2025-10-18 18:00:00,79.58119656691662
2025-10-18 19:00:00,84.03232087185182
2025-10-18 20:00:00,94.34025369374007
2025-10-18 21:00:00,96.96860184043636
2025-10-18 22:00:00,111.8901993278077
2025-10-18 23:00:00,122.5763000120395
2025-10-19 00:00:00,113.6091134599185
2025-10-19 01:00:00,123.145312691968
2025-10-19 02:00:00,146.6138015546422
2025-10-19 03:00:00,147.0413622932158
2025-10-19 04:00:00,148.9352254661258
2025-10-19 05:00:00,146.9087176652727
2025-10-19 06:00:00,153.3202679566583
2025-10-19 07:00:00,147.6333231699272
2025-10-19 08:00:00,148.5807474980363
2025-10-19 09:00:00,140.7104150035829
2025-10-19 10:00:00,122.3615373257076
2025-10-19 11:00:00,134.1661740017384
2025-10-19 12:00:00,121.9681732147896
2025-10-19 13:00:00,121.2864363182193
2025-10-19 14:00:00,112.4291210934589
2025-10-19 15:00:00,109.0975886897041
2025-10-19 16:00:00,104.8764407704697
2025-10-19 17:00:00,106.9680041404135
2025-10-19 18:00:00,88.44186588904527
2025-10-19 19:00:00,101.8187379618415
2025-10-19 20:00:00,97.12288484587695
2025-10-19 21:00:00,105.4603778185072
2025-10-19 22:00:00,117.2270955484096
2025-10-19 23:00:00,112.6652378846021
2025-10-20 00:00:00,116.9083241354158
2025-10-20 01:00:00,129.679404658985
2025-10-20 02:00:00,129.705139064003
2025-10-20 03:00:00,144.0712189285891
2025-10-20 04:00:00,154.241481255595
2025-10-20 05:00:00,174.6921453919577
2025-10-20 06:00:00,165.4540894397491
2025-10-20 07:00:00,149.5733322882787
2025-10-20 08:00:00,179.9052508513564
2025-10-20 09:00:00,157.3005242016385
2025-10-20 10:00:00,140.6147597887275
2025-10-20 11:00:00,161.3643907712251
2025-10-20 12:00:00,137.9212269371637
2025-10-20 13:00:00,123.7986648975775
2025-10-20 14:00:00,129.7355239458155
2025-10-20 15:00:00,129.3529662841927
2025-10-20 16:00:00,118.7755187428461
2025-10-20 17:00:00,120.8575939183509
2025-10-20 18:00:00,113.0439835309823
2025-10-20 19:00:00,122.8456580775049
2025-10-20 20:00:00,122.6730560021311
2025-10-20 21:00:00,132.2579160027778
2025-10-20 22:00:00,135.5452884208439
2025-10-20 23:00:00,139.9886351727785
2025-10-21 00:00:00,155.514272144706
2025-10-21 01:00:00,154.1729084291881
2025-10-21 02:00:00,176.9874696435429
2025-10-21 03:00:00,174.1341554293637
2025-10-21 04:00:00,159.2948789068118
2025-10-21 05:00:00,191.406862859726
2025-10-21 06:00:00,161.5031826303728
2025-10-21 07:00:00,186.50732369274
2025-10-21 08:00:00,157.1983741287694
2025-10-21 09:00:00,171.6561634694483
2025-10-21 10:00:00,162.6901157909557
2025-10-21 11:00:00,165.9100777284145
2025-10-21 12:00:00,145.6195199348649
2025-10-21 13:00:00,148.4967353424726
2025-10-21 14:00:00,119.0632831519944
2025-10-21 15:00:00,128.9727690626477
2025-10-21 16:00:00,126.7401065767821
2025-10-21 17:00:00,129.1593092103189
2025-10-21 18:00:00,118.3803996061455
2025-10-21 19:00:00,131.3157728989137
2025-10-21 20:00:00,119.1089702154204
2025-10-21 21:00:00,143.2256332001287
2025-10-21 22:00:00,144.9154283312651
2025-10-21 23:00:00,145.2360277699112
2025-10-22 00:00:00,151.1819425175959
2025-10-22 01:00:00,170.1981594783269
2025-10-22 02:00:00,163.6026041582786
2025-10-22 03:00:00,185.6459553591328
2025-10-22 04:00:00,180.1249706353005
2025-10-22 05:00:00,166.8448767284299
2025-10-22 06:00:00,185.9271400217079
2025-10-22 07:00:00,160.3736853943836
2025-10-22 08:00:00,171.5383209905274
2025-10-22 09:00:00,160.430707504035
2025-10-22 10:00:00,158.7165772160414
2025-10-22 11:00:00,150.0828701215919
2025-10-22 12:00:00,155.4834686103313
2025-10-22 13:00:00,129.7740374673353
2025-10-22 14:00:00,128.5546855247768
2025-10-22 15:00:00,115.6181246866418
2025-10-22 16:00:00,124.4237242067183
2025-10-22 17:00:00,114.472997208664
2025-10-22 18:00:00,113.9142606750568
2025-10-22 19:00:00,103.6417782896566
2025-10-22 20:00:00,124.5846914200809
2025-10-22 21:00:00,120.5323623790036
2025-10-22 22:00:00,126.8716757474611
2025-10-22 23:00:00,132.4490388997768
2025-10-23 00:00:00,134.9826950687636
2025-10-23 01:00:00,147.4436473444378
2025-10-23 02:00:00,134.2324805407522
2025-10-23 03:00:00,161.0486710853352
2025-10-23 04:00:00,162.539530775773
2025-10-23 05:00:00,166.7557662158679
2025-10-23 06:00:00,162.1289740926814
2025-10-23 07:00:00,153.6839632240367
2025-10-23 08:00:00,150.7589567183411
2025-10-23 09:00:00,169.2831039336915
2025-10-23 10:00:00,140.6152920125449
2025-10-23 11:00:00,139.869706246359
2025-10-23 12:00:00,124.6432996429723
2025-10-23 13:00:00,117.7091124704653
2025-10-23 14:00:00,126.0644441247533
2025-10-23 15:00:00,108.0672977702087
2025-10-23 16:00:00,107.3441850893414
2025-10-23 17:00:00,106.5703690849325
2025-10-23 18:00:00,100.1972505050405
2025-10-23 19:00:00,91.81392437138061
2025-10-23 20:00:00,91.3385098917051
2025-10-23 21:00:00,109.1250543806642
2025-10-23 22:00:00,104.7900010785554
2025-10-23 23:00:00,119.4463312122548
2025-10-24 00:00:00,108.981042770137
2025-10-24 01:00:00,139.8145656826928
2025-10-24 02:00:00,140.0789107025182
2025-10-24 03:00:00,143.9841988079161
2025-10-24 04:00:00,135.9455768366379
2025-10-24 05:00:00,138.4604939437555
2025-10-24 06:00:00,138.8766264984429
2025-10-24 07:00:00,135.359793716388
2025-10-24 08:00:00,139.4440472173204
2025-10-24 09:00:00,149.0855053978185
2025-10-24 10:00:00,127.0737081654873
2025-10-24 11:00:00,127.1031823095573
2025-10-24 12:00:00,127.3542751998489
2025-10-24 13:00:00,101.3308993487471
2025-10-24 14:00:00,110.0593428017617
2025-10-24 15:00:00,103.7402255512588
2025-10-24 16:00:00,96.75642123210716
2025-10-24 17:00:00,77.54918674745804
2025-10-24 18:00:00,86.02053690178089
2025-10-24 19:00:00,81.50573655768197
2025-10-24 20:00:00,84.87936421738945
2025-10-24 21:00:00,82.80805726380777
2025-10-24 22:00:00,82.1429909303365
2025-10-24 23:00:00,96.65960374092491
2025-10-25 00:00:00,113.2808624630994
2025-10-25 01:00:00,101.8570404567877
2025-10-25 02:00:00,115.9225828021188
2025-10-25 03:00:00,114.3862941822079
2025-10-25 04:00:00,136.1915585995819
2025-10-25 05:00:00,137.7998151544458
2025-10-25 06:00:00,132.9616775824641
2025-10-25 07:00:00,136.0676641543666
2025-10-25 08:00:00,136.3987245782577
2025-10-25 09:00:00,142.7328122892711
2025-10-25 10:00:00,140.9458898237968
2025-10-25 11:00:00,115.0071889438057
2025-10-25 12:00:00,118.3010975426084
2025-10-25 13:00:00,100.1495845472668
2025-10-25 14:00:00,108.9185955072983
2025-10-25 15:00:00,99.89783087430665
2025-10-25 16:00:00,85.02999172363599
2025-10-25 17:00:00,76.79311565951045
2025-10-25 18:00:00,82.65180844283267
2025-10-25 19:00:00,85.99669450348631
2025-10-25 20:00:00,80.822360652298
2025-10-25 21:00:00,83.07505715036167
2025-10-25 22:00:00,96.29664473461946
2025-10-25 23:00:00,104.4409433245196
2025-10-26 00:00:00,116.2963238062949
2025-10-26 01:00:00,106.5217912976063
2025-10-26 02:00:00,110.7128796721996
2025-10-26 03:00:00,117.9020495321165
2025-10-26 04:00:00,126.1988346794315
2025-10-26 05:00:00,153.515517636563
2025-10-26 06:00:00,152.8345403869257
2025-10-26 07:00:00,138.0107819838339
2025-10-26 08:00:00,134.1673853346784
2025-10-26 09:00:00,152.4614896450037
2025-10-26 10:00:00,149.3619740799499
2025-10-26 11:00:00,122.1258607626805
2025-10-26 12:00:00,132.2028901464102
2025-10-26 13:00:00,106.1326118798391
2025-10-26 14:00:00,107.3038539366905
2025-10-26 15:00:00,102.6328478762253
2025-10-26 16:00:00,87.5175135069723
2025-10-26 17:00:00,96.84905496675883
2025-10-26 18:00:00,88.65524229205117
2025-10-26 19:00:00,99.50260654909412
2025-10-26 20:00:00,93.87393430108298
2025-10-26 21:00:00,109.5449501746641
2025-10-26 22:00:00,107.7011667532418
2025-10-26 23:00:00,107.5032758332496
2025-10-27 00:00:00,129.1624982127441
2025-10-27 01:00:00,127.7843351221481
2025-10-27 02:00:00,143.1886758958639
2025-10-27 03:00:00,163.353358432021
2025-10-27 04:00:00,155.1821117791017
2025-10-27 05:00:00,145.9079572353218
2025-10-27 06:00:00,147.7921768905746
2025-10-27 07:00:00,176.3175830560648
2025-10-27 08:00:00,174.6521865407137
2025-10-27 09:00:00,160.8443156617185
2025-10-27 10:00:00,136.1256490734617
2025-10-27 11:00:00,143.614952081868
2025-10-27 12:00:00,129.239015590713
2025-10-27 13:00:00,134.5788104032137
2025-10-27 14:00:00,131.3899948872181
2025-10-27 15:00:00,114.3898588476119
2025-10-27 16:00:00,108.4655901340948
2025-10-27 17:00:00,106.4322718954015
2025-10-27 18:00:00,110.6714455369786
2025-10-27 19:00:00,112.6826058809029
2025-10-27 20:00:00,105.0504138715762
2025-10-27 21:00:00,125.3176727244904
2025-10-27 22:00:00,121.6792219862564
2025-10-27 23:00:00,123.2200554182428
2025-10-28 00:00:00,135.8266144339997
2025-10-28 01:00:00,165.6595993513684
2025-10-28 02:00:00,167.2502752507501
2025-10-28 03:00:00,180.7686976562787
2025-10-28 04:00:00,181.4113236050901
2025-10-28 05:00:00,183.2984164061194
2025-10-28 06:00:00,166.2933536304562
2025-10-28 07:00:00,178.5463432048747
2025-10-28 08:00:00,158.6777787820023
2025-10-28 09:00:00,156.9765875642403
2025-10-28 10:00:00,171.0547380879895
2025-10-28 11:00:00,158.0728373016619
2025-10-28 12:00:00,136.4355565264458
2025-10-28 13:00:00,146.9206104027366
2025-10-28 14:00:00,127.8346627686002
2025-10-28 15:00:00,122.833017982705
2025-10-28 16:00:00,122.4294712315839
2025-10-28 17:00:00,112.5352500903903
2025-10-28 18:00:00,115.1589830508613
2025-10-28 19:00:00,115.3117300135942
2025-10-28 20:00:00,110.4813746653288
2025-10-28 21:00:00,129.4232051259465
2025-10-28 22:00:00,124.5166433000271
2025-10-28 23:00:00,140.7507403072038
2025-10-29 00:00:00,139.6310762660655
2025-10-29 01:00:00,150.218801305906
2025-10-29 02:00:00,168.0160325269046
2025-10-29 03:00:00,154.4741563280119
2025-10-29 04:00:00,158.6623369355097
2025-10-29 05:00:00,184.7695401619383
2025-10-29 06:00:00,191.0372622578978
2025-10-29 07:00:00,181.0405448253242
2025-10-29 08:00:00,157.6219185399068
2025-10-29 09:00:00,179.4528223906315
2025-10-29 10:00:00,165.6666609507792
2025-10-29 11:00:00,158.0271714241301
2025-10-29 12:00:00,152.8120607144259
2025-10-29 13:00:00,128.0877098122871
2025-10-29 14:00:00,114.3727638216474
2025-10-29 15:00:00,109.6597877394352
2025-10-29 16:00:00,122.3417928239154
2025-10-29 17:00:00,122.0910504346915
2025-10-29 18:00:00,101.3639728718112
2025-10-29 19:00:00,112.132537042327
2025-10-29 20:00:00,110.0101426095978
2025-10-29 21:00:00,128.4455195559915
2025-10-29 22:00:00,134.7289409093588
2025-10-29 23:00:00,140.8990689357892
2025-10-30 00:00:00,154.0795466779075
2025-10-30 01:00:00,163.3476205449199
2025-10-30 02:00:00,153.352949317533
2025-10-30 03:00:00,148.3155199518915
2025-10-30 04:00:00,148.4722811984109
2025-10-30 05:00:00,153.3530733250794
2025-10-30 06:00:00,151.9997255920725
2025-10-30 07:00:00,160.0906775741681
2025-10-30 08:00:00,142.9933877217174
2025-10-30 09:00:00,133.4961666457525
2025-10-30 10:00:00,135.827907071254
2025-10-30 11:00:00,118.9593478223023
2025-10-30 12:00:00,122.7652545402758
2025-10-30 13:00:00,107.7289096123128
2025-10-30 14:00:00,113.0339518051894
2025-10-30 15:00:00,106.5589900047527
2025-10-30 16:00:00,106.2137244974611
2025-10-30 17:00:00,99.52282897732594
2025-10-30 18:00:00,88.60178727290135
2025-10-30 19:00:00,89.81183730670111
2025-10-30 20:00:00,103.5937984288892
2025-10-30 21:00:00,107.4763624859717
2025-10-30 22:00:00,106.7681924245539
2025-10-30 23:00:00,115.3581745219679
2025-10-31 00:00:00,125.4806298266402
2025-10-31 01:00:00,135.5819771960511
2025-10-31 02:00:00,123.8736243938054
2025-10-31 03:00:00,149.1461005817002
2025-10-31 04:00:00,136.2035632961474
2025-10-31 05:00:00,149.2528781741443
2025-10-31 06:00:00,142.5204610838495
2025-10-31 07:00:00,154.1298024618616
2025-10-31 08:00:00,141.7318411457016
2025-10-31 09:00:00,130.5006423241556
2025-10-31 10:00:00,133.5884852388855
2025-10-31 11:00:00,118.4479711258975
2025-10-31 12:00:00,103.1373570727185
2025-10-31 13:00:00,105.1365889826521
2025-10-31 14:00:00,94.21573171490765
2025-10-31 15:00:00,90.36373845753016
2025-10-31 16:00:00,88.90498568145566
2025-10-31 17:00:00,83.40854437886821
2025-10-31 18:00:00,75.20951823541138
2025-10-31 19:00:00,80.63068759621083
2025-10-31 20:00:00,90.39955068009982
2025-10-31 21:00:00,95.1595927686542
2025-10-31 22:00:00,97.43002217641818
2025-10-31 23:00:00,99.44960939671928
2025-11-01 00:00:00,101.7300325820033
2025-11-01 01:00:00,114.658141917275
2025-11-01 02:00:00,116.9985030771718
2025-11-01 03:00:00,120.5852751017052
2025-11-01 04:00:00,126.6983504955503
2025-11-01 05:00:00,134.8872458918805
2025-11-01 06:00:00,124.6223883476879
2025-11-01 07:00:00,143.1882009132765
2025-11-01 08:00:00,123.0437365253092
2025-11-01 09:00:00,133.162758392754
2025-11-01 10:00:00,119.6902860157688
2025-11-01 11:00:00,120.7098704796892
2025-11-01 12:00:00,110.9940303051729
2025-11-01 13:00:00,94.70478105186443
2025-11-01 14:00:00,98.66118746555767
2025-11-01 15:00:00,82.24992516460878
2025-11-01 16:00:00,83.03387917884854
2025-11-01 17:00:00,71.96199716523317
2025-11-01 18:00:00,76.40524311353224
2025-11-01 19:00:00,74.34948456390426
2025-11-01 20:00:00,77.61960268691118
2025-11-01 21:00:00,83.43029401861158
2025-11-01 22:00:00,91.33229436525751
2025-11-01 23:00:00,92.54186901000314
2025-11-02 00:00:00,100.9203603230208
2025-11-02 01:00:00,119.4619361212972
2025-11-02 02:00:00,123.4683883586492
2025-11-02 03:00:00,120.4006841992878
2025-11-02 04:00:00,132.1890361599175
2025-11-02 05:00:00,136.8453102004946
2025-11-02 06:00:00,149.9002227816065
2025-11-02 07:00:00,141.7702624094558
2025-11-02 08:00:00,131.2931218679545
2025-11-02 09:00:00,139.21612205468
2025-11-02 10:00:00,137.0573114241898
2025-11-02 11:00:00,121.3556584421295
2025-11-02 12:00:00,111.9194909761025
2025-11-02 13:00:00,104.3673145382984
2025-11-02 14:00:00,100.6033408707329
2025-11-02 15:00:00,91.7495641440545
2025-11-02 16:00:00,93.81030688339271
2025-11-02 17:00:00,92.49759251252486
2025-11-02 18:00:00,99.94280899153839
2025-11-02 19:00:00,86.98404448481934
2025-11-02 20:00:00,93.49536976969685
2025-11-02 21:00:00,98.00184226291084
2025-11-02 22:00:00,107.0464387566506
2025-11-02 23:00:00,109.7595203816331
2025-11-03 00:00:00,125.8074682932154
2025-11-03 01:00:00,135.2134631045026
2025-11-03 02:00:00,137.3567171815828
2025-11-03 03:00:00,148.2079485896713
2025-11-03 04:00:00,142.4835701511818
2025-11-03 05:00:00,151.3550485429341
2025-11-03 06:00:00,166.8347593944997
2025-11-03 07:00:00,148.41066769091
2025-11-03 08:00:00,141.4388085172953
2025-11-03 09:00:00,164.0290593174672
2025-11-03 10:00:00,136.5450244191822
2025-11-03 11:00:00,148.0603006316265
2025-11-03 12:00:00,124.8023735257214
2025-11-03 13:00:00,125.5834210582072
2025-11-03 14:00:00,110.6674293132494
2025-11-03 15:00:00,105.7443688022956
2025-11-03 16:00:00,101.0544848265592
2025-11-03 17:00:00,117.5787250290849
2025-11-03 18:00:00,111.1475076284007
2025-11-03 19:00:00,102.7633783002624
2025-11-03 20:00:00,124.2313168054238
2025-11-03 21:00:00,129.894782701662
2025-11-03 22:00:00,139.6741846840927
2025-11-03 23:00:00,145.6623215661303
2025-11-04 00:00:00,134.332088298685
2025-11-04 01:00:00,162.0098604774684
2025-11-04 02:00:00,148.2185301946265
2025-11-04 03:00:00,170.0116546819657
2025-11-04 04:00:00,157.1492480006452
2025-11-04 05:00:00,156.8814952403265
2025-11-04 06:00:00,181.9722863375647
2025-11-04 07:00:00,182.606177598304
2025-11-04 08:00:00,169.033138097701
2025-11-04 09:00:00,179.2123148563192
2025-11-04 10:00:00,161.6729295406274
2025-11-04 11:00:00,146.9188159041277
2025-11-04 12:00:00,154.4786970739828
2025-11-04 13:00:00,141.3675902624511
2025-11-04 14:00:00,136.2663632736406
2025-11-04 15:00:00,125.7635219409859
2025-11-04 16:00:00,118.7602325493581
2025-11-04 17:00:00,117.1919506856021
2025-11-04 18:00:00,112.2193800251124
2025-11-04 19:00:00,116.0157212404459
2025-11-04 20:00:00,111.1063100170115
2025-11-04 21:00:00,113.5262819479528
2025-11-04 22:00:00,134.918836952784
2025-11-04 23:00:00,124.8835614580595
2025-11-05 00:00:00,144.1009861537939
2025-11-05 01:00:00,150.5063240882215
2025-11-05 02:00:00,147.5398665202431
2025-11-05 03:00:00,161.8736822953564
2025-11-05 04:00:00,169.5562912844816
2025-11-05 05:00:00,184.752203799239
2025-11-05 06:00:00,178.0051662664262
2025-11-05 07:00:00,159.0076152998936
2025-11-05 08:00:00,162.3561325741852
2025-11-05 09:00:00,155.3353886976224
2025-11-05 10:00:00,172.1985264637265
2025-11-05 11:00:00,164.0819555638275
2025-11-05 12:00:00,139.7196551630005
2025-11-05 13:00:00,127.120757651971
2025-11-05 14:00:00,115.5584157291359
2025-11-05 15:00:00,125.3278990789783
2025-11-05 16:00:00,112.955126882319
2025-11-05 17:00:00,101.1196064617258
2025-11-05 18:00:00,107.280504883957
2025-11-05 19:00:00,112.8556375953419
2025-11-05 20:00:00,117.7346109202148
2025-11-05 21:00:00,126.0230860393402
2025-11-05 22:00:00,130.0111502600909
2025-11-05 23:00:00,120.7907125936393
2025-11-06 00:00:00,132.9172301546306
2025-11-06 01:00:00,154.6260970130458
2025-11-06 02:00:00,160.0443989621151
2025-11-06 03:00:00,154.7513620247051
2025-11-06 04:00:00,154.3043226215381
2025-11-06 05:00:00,148.8893832957645
2025-11-06 06:00:00,163.4615086974765
2025-11-06 07:00:00,166.8534004095013
2025-11-06 08:00:00,149.2093117526596
2025-11-06 09:00:00,144.6286249313451
2025-11-06 10:00:00,137.0790782571408
2025-11-06 11:00:00,129.014831829919
2025-11-06 12:00:00,119.2705752632148
2025-11-06 13:00:00,116.5357933785572
2025-11-06 14:00:00,102.3691928388319
2025-11-06 15:00:00,95.21165196861244
2025-11-06 16:00:00,90.41649330590863
2025-11-06 17:00:00,84.15540301952836
2025-11-06 18:00:00,98.16472200983924
2025-11-06 19:00:00,88.52815639485655
2025-11-06 20:00:00,85.95167392244937
2025-11-06 21:00:00,91.1514752406042
2025-11-06 22:00:00,93.85645349785048
2025-11-06 23:00:00,103.0675793887537
2025-11-07 00:00:00,127.40875917656
2025-11-07 01:00:00,123.6397988687263
2025-11-07 02:00:00,117.9311868626459
2025-11-07 03:00:00,128.7785791968125
2025-11-07 04:00:00,134.8335523057552
2025-11-07 05:00:00,141.9567292419058
2025-11-07 06:00:00,150.6422307546299
2025-11-07 07:00:00,128.5920954472338
2025-11-07 08:00:00,126.5555942187002
2025-11-07 09:00:00,140.7104868776997
2025-11-07 10:00:00,124.4017505731982
2025-11-07 11:00:00,108.9687587656528
2025-11-07 12:00:00,96.57416980865499
2025-11-07 13:00:00,98.38003572963967
2025-11-07 14:00:00,86.64504379122991
2025-11-07 15:00:00,85.53647366556504
2025-11-07 16:00:00,75.45847336350923
2025-11-07 17:00:00,78.47351559019782
2025-11-07 18:00:00,77.75400349462821
2025-11-07 19:00:00,77.45385817375765
2025-11-07 20:00:00,76.79035023807728
2025-11-07 21:00:00,84.72245004436814
2025-11-07 22:00:00,92.6536984640402
2025-11-07 23:00:00,91.38607990435483
2025-11-08 00:00:00,112.5998483538912
2025-11-08 01:00:00,119.290462099607
2025-11-08 02:00:00,127.5288667847766
2025-11-08 03:00:00,129.3553345069014
2025-11-08 04:00:00,119.9287111370678
2025-11-08 05:00:00,141.7369107822319
2025-11-08 06:00:00,123.3711046096324
2025-11-08 07:00:00,140.4397383053079
2025-11-08 08:00:00,118.0089854485741
2025-11-08 09:00:00,133.07541061485
2025-11-08 10:00:00,105.6778504730258
2025-11-08 11:00:00,104.9831886089996
2025-11-08 12:00:00,109.1014716297787
2025-11-08 13:00:00,95.21713249338596
2025-11-08 14:00:00,90.56636423964027
2025-11-08 15:00:00,81.44361789150591
2025-11-08 16:00:00,84.56648317161269
2025-11-08 17:00:00,74.10468816386809
2025-11-08 18:00:00,70.3500989557698
2025-11-08 19:00:00,82.7712699106646
2025-11-08 20:00:00,72.89010530975831
2025-11-08 21:00:00,89.60161241324545
2025-11-08 22:00:00,94.55762670299539
2025-11-08 23:00:00,109.2196615557483
2025-11-09 00:00:00,107.0100233915032
2025-11-09 01:00:00,127.1537463301309
2025-11-09 02:00:00,116.8045732202807
2025-11-09 03:00:00,139.2124738604729
2025-11-09 04:00:00,130.0578846700979
2025-11-09 05:00:00,132.2559511428531
2025-11-09 06:00:00,139.9419700884195
2025-11-09 07:00:00,142.3248410731951
2025-11-09 08:00:00,144.1984358784074
2025-11-09 09:00:00,143.3025230148571
2025-11-09 10:00:00,119.1388995347999
2025-11-09 11:00:00,117.3375280939428
2025-11-09 12:00:00,108.7173467199404
2025-11-09 13:00:00,92.6020462343538
2025-11-09 14:00:00,104.6941935411151
2025-11-09 15:00:00,96.14618840641751
2025-11-09 16:00:00,93.68526615686199
2025-11-09 17:00:00,90.4029177693905
2025-11-09 18:00:00,89.95728575967021
2025-11-09 19:00:00,86.76894608482861
2025-11-09 20:00:00,96.37904195910022
2025-11-09 21:00:00,93.62746682333342
2025-11-09 22:00:00,119.0810211571017
2025-11-09 23:00:00,120.8130560481216
2025-11-10 00:00:00,122.0171128467127
2025-11-10 01:00:00,125.848088276458
2025-11-10 02:00:00,146.9684678123129
2025-11-10 03:00:00,160.8850921847792
2025-11-10 04:00:00,142.0559658282779
2025-11-10 05:00:00,149.1928860102058
2025-11-10 06:00:00,165.4333620643892
2025-11-10 07:00:00,158.9502726892223
2025-11-10 08:00:00,139.3088655410115
2025-11-10 09:00:00,133.7007127498806
2025-11-10 10:00:00,127.697659924661
2025-11-10 11:00:00,139.7753012220163
2025-11-10 12:00:00,120.2972396450685
2025-11-10 13:00:00,124.0872266877534
2025-11-10 14:00:00,108.5954521981081
2025-11-10 15:00:00,115.3490182771034
2025-11-10 16:00:00,103.7294223489573
2025-11-10 17:00:00,109.8583265674814
2025-11-10 18:00:00,110.5921684098567
2025-11-10 19:00:00,107.4585794909783
2025-11-10 20:00:00,111.5483533944452
2025-11-10 21:00:00,118.62550421922
2025-11-10 22:00:00,134.0403225857908
2025-11-10 23:00:00,128.5768113454718
2025-11-11 00:00:00,140.9062931601597
2025-11-11 01:00:00,150.4375768756123
2025-11-11 02:00:00,156.9469290932129
2025-11-11 03:00:00,157.23157676054
2025-11-11 04:00:00,151.4383902412733
2025-11-11 05:00:00,153.946327416381
2025-11-11 06:00:00,184.6521906563127
2025-11-11 07:00:00,181.1144789878427
2025-11-11 08:00:00,180.2053452788264
2025-11-11 09:00:00,168.435094433481
2025-11-11 10:00:00,157.6149715493715
2025-11-11 11:00:00,159.7442474436059
2025-11-11 12:00:00,140.5822896069976
2025-11-11 13:00:00,120.3799694109122
2025-11-11 14:00:00,124.8911398973443
2025-11-11 15:00:00,128.425991439571
2025-11-11 16:00:00,125.8315468810382
2025-11-11 17:00:00,113.3307955262752
2025-11-11 18:00:00,103.5250054669906
2025-11-11 19:00:00,109.3112337718769
2025-11-11 20:00:00,123.17761026199
2025-11-11 21:00:00,123.6653901921476
2025-11-11 22:00:00,121.9275756133424
2025-11-11 23:00:00,140.5519164880901
2025-11-12 00:00:00,130.4391676351524
2025-11-12 01:00:00,156.9869342379622
2025-11-12 02:00:00,144.8338922084216
2025-11-12 03:00:00,145.3258865845941
2025-11-12 04:00:00,168.0378386936059
2025-11-12 05:00:00,183.8153172245669
2025-11-12 06:00:00,153.3906338542974
2025-11-12 07:00:00,158.518976619689
2025-11-12 08:00:00,159.8013267804407
2025-11-12 09:00:00,147.1763902727611
2025-11-12 10:00:00,163.6923761471142
2025-11-12 11:00:00,153.3903546906049
2025-11-12 12:00:00,132.6620687862175
2025-11-12 13:00:00,126.9440202766432
2025-11-12 14:00:00,117.4109949518976
2025-11-12 15:00:00,124.9484223409629
2025-11-12 16:00:00,102.8405877147212
2025-11-12 17:00:00,112.8873929096584
2025-11-12 18:00:00,99.52860440827737
2025-11-12 19:00:00,93.68027978190891
2025-11-12 20:00:00,104.8963810636154
2025-11-12 21:00:00,112.8674783511064
2025-11-12 22:00:00,116.4462373558766
2025-11-12 23:00:00,118.1382928836938
2025-11-13 00:00:00,114.0100268151021
2025-11-13 01:00:00,129.1230466962425
2025-11-13 02:00:00,129.2520564151228
2025-11-13 03:00:00,157.0892284905673
2025-11-13 04:00:00,145.0711287394375
2025-11-13 05:00:00,151.5752431491906
2025-11-13 06:00:00,159.3283124120817
2025-11-13 07:00:00,165.4189204081227
2025-11-13 08:00:00,149.0931827359632
2025-11-13 09:00:00,154.0754268132015
2025-11-13 10:00:00,153.0860410186592
2025-11-13 11:00:00,132.9497744160082
2025-11-13 12:00:00,129.2373770760514
2025-11-13 13:00:00,109.39090735393
2025-11-13 14:00:00,116.2436526077304
2025-11-13 15:00:00,97.34325271985955
2025-11-13 16:00:00,104.5127127887159
2025-11-13 17:00:00,94.54722178164731
2025-11-13 18:00:00,91.16008500208909
2025-11-13 19:00:00,92.43044663758045
2025-11-13 20:00:00,90.97163072544977
2025-11-13 21:00:00,97.25493046297692
2025-11-13 22:00:00,89.71360942654043
2025-11-13 23:00:00,92.7186908882179
2025-11-14 00:00:00,109.2102302333951
2025-11-14 01:00:00,123.6219151056235
2025-11-14 02:00:00,119.8075086881867
2025-11-14 03:00:00,121.9151201930175
2025-11-14 04:00:00,124.0660432322946
2025-11-14 05:00:00,129.9712709844226
2025-11-14 06:00:00,147.5487842288872
2025-11-14 07:00:00,131.1855726852821
2025-11-14 08:00:00,144.5830405438723
2025-11-14 09:00:00,137.9833798832044
2025-11-14 10:00:00,134.6171414164943
2025-11-14 11:00:00,112.8876038275593
2025-11-14 12:00:00,101.029830241436
2025-11-14 13:00:00,93.32861397910615
2025-11-14 14:00:00,90.94855512720787
2025-11-14 15:00:00,82.64267377654713
2025-11-14 16:00:00,69.56475041872385
2025-11-14 17:00:00,78.39226193789668
2025-11-14 18:00:00,77.52315870142195
2025-11-14 19:00:00,81.08923922969058
2025-11-14 20:00:00,76.16234117572677
2025-11-14 21:00:00,76.04694010835415
2025-11-14 22:00:00,98.27886805322527
2025-11-14 23:00:00,88.23793162825652
2025-11-15 00:00:00,99.79283916338811
2025-11-15 01:00:00,104.8840577872219
2025-11-15 02:00:00,129.7352828863611
2025-11-15 03:00:00,121.9650731076332
2025-11-15 04:00:00,119.0307027578834
2025-11-15 05:00:00,140.9784479328247
2025-11-15 06:00:00,139.1859547076706
2025-11-15 07:00:00,130.9008303001132
2025-11-15 08:00:00,129.5441019863368
2025-11-15 09:00:00,112.9048309427298
2025-11-15 10:00:00,116.3559281503414
2025-11-15 11:00:00,110.0619006358612
2025-11-15 12:00:00,96.50722968842359
2025-11-15 13:00:00,87.80461815642624
2025-11-15 14:00:00,80.49587801315961
2025-11-15 15:00:00,71.72496322545186
2025-11-15 16:00:00,78.17807666511206
2025-11-15 17:00:00,68.65232818679114
2025-11-15 18:00:00,73.5155178541905
2025-11-15 19:00:00,80.31110785097208
2025-11-15 20:00:00,72.12921796282814
2025-11-15 21:00:00,89.0023208202113
2025-11-15 22:00:00,89.95649019975107
2025-11-15 23:00:00,90.92032144927566
2025-11-16 00:00:00,111.4909300232235
2025-11-16 01:00:00,108.9676753625264
2025-11-16 02:00:00,119.1929032171579
2025-11-16 03:00:00,117.5760016547305
2025-11-16 04:00:00,121.8667517203314
2025-11-16 05:00:00,123.080744588442
2025-11-16 06:00:00,146.9853336687631
2025-11-16 07:00:00,132.525141675874
2025-11-16 08:00:00,133.1334625726276
2025-11-16 09:00:00,131.9022512107564
2025-11-16 10:00:00,117.131803351092
2025-11-16 11:00:00,112.9135159120807
2025-11-16 12:00:00,100.5018213743013
2025-11-16 13:00:00,104.732484881834
2025-11-16 14:00:00,88.67335235899228
2025-11-16 15:00:00,90.4846551442276
2025-11-16 16:00:00,90.85894250312862
2025-11-16 17:00:00,86.08002913266616
2025-11-16 18:00:00,85.2616058791581
2025-11-16 19:00:00,88.96395370952169
2025-11-16 20:00:00,91.90784073667956
2025-11-16 21:00:00,104.3099630375622
2025-11-16 22:00:00,104.9050925339785
2025-11-16 23:00:00,113.182099393
2025-11-17 00:00:00,123.7747068704949
2025-11-17 01:00:00,141.2367488508266
2025-11-17 02:00:00,128.6840865302648
2025-11-17 03:00:00,153.5279194325877
2025-11-17 04:00:00,161.4346668612063
2025-11-17 05:00:00,144.3754820812152
2025-11-17 06:00:00,142.8079324111767
2025-11-17 07:00:00,147.326525692911
2025-11-17 08:00:00,146.370966842735
2025-11-17 09:00:00,134.4134689458305
2025-11-17 10:00:00,125.6292999440606
2025-11-17 11:00:00,125.9543185030048
2025-11-17 12:00:00,114.582499226019
2025-11-17 13:00:00,118.4493544321519
2025-11-17 14:00:00,109.7711309118039
2025-11-17 15:00:00,108.4689379056303
2025-11-17 16:00:00,101.2455009362139
2025-11-17 17:00:00,98.50820799948978
2025-11-17 18:00:00,98.51516094280069
2025-11-17 19:00:00,110.5640581124822
2025-11-17 20:00:00,106.7305814259886
2025-11-17 21:00:00,109.6866348810419
2025-11-17 22:00:00,123.0106923105783
2025-11-17 23:00:00,116.404169863686
2025-11-18 00:00:00,131.5727187988828
2025-11-18 01:00:00,131.5363416247077
2025-11-18 02:00:00,146.8258265555103
2025-11-18 03:00:00,152.8397720126559
2025-11-18 04:00:00,169.3785090562221
2025-11-18 05:00:00,149.7756582862301
2025-11-18 06:00:00,181.7413312829227
2025-11-18 07:00:00,174.9639218812518
2025-11-18 08:00:00,161.2219577503397
2025-11-18 09:00:00,159.3084783183369
2025-11-18 10:00:00,151.7901132932824
2025-11-18 11:00:00,134.3149402336229
2025-11-18 12:00:00,126.798808152486
2025-11-18 13:00:00,132.6816332430911
2025-11-18 14:00:00,118.2360042411871
2025-11-18 15:00:00,118.8842385172769
2025-11-18 16:00:00,105.275631079132
2025-11-18 17:00:00,108.0576700064702
2025-11-18 18:00:00,111.5810134850836
2025-11-18 19:00:00,115.9197291773942
2025-11-18 20:00:00,121.4820201118821
2025-11-18 21:00:00,117.6805876478904
2025-11-18 22:00:00,132.3339448843299
2025-11-18 23:00:00,146.6266560350259
2025-11-19 00:00:00,129.891951601144
2025-11-19 01:00:00,162.1257573987682
2025-11-19 02:00:00,143.3917365618447
2025-11-19 03:00:00,147.5977481562546
2025-11-19 04:00:00,169.6631666208687
2025-11-19 05:00:00,167.2472564846984
2025-11-19 06:00:00,167.8528316842977
2025-11-19 07:00:00,177.1363671298343
2025-11-19 08:00:00,149.1511885472777
2025-11-19 09:00:00,141.5499264698091
2025-11-19 10:00:00,155.3648950880307
2025-11-19 11:00:00,139.9194577386424
2025-11-19 12:00:00,127.0104184205291
2025-11-19 13:00:00,133.0757045536764
2025-11-19 14:00:00,110.1732563785701
2025-11-19 15:00:00,109.2622594094912
2025-11-19 16:00:00,108.6310410456951
2025-11-19 17:00:00,102.8328371244893
2025-11-19 18:00:00,94.88697285584442
2025-11-19 19:00:00,103.2008502838217
2025-11-19 20:00:00,109.2999154059891
2025-11-19 21:00:00,107.4909176214375
2025-11-19 22:00:00,127.0235463984347
2025-11-19 23:00:00,130.4339703008639
2025-11-20 00:00:00,132.0146456991077
2025-11-20 01:00:00,145.5499943893912
2025-11-20 02:00:00,135.1562337007586
2025-11-20 03:00:00,136.8223288003998
2025-11-20 04:00:00,142.6230369610961
2025-11-20 05:00:00,146.9440995595347
2025-11-20 06:00:00,150.6896954734621
2025-11-20 07:00:00,142.4360819408619
2025-11-20 08:00:00,135.0722510122292
2025-11-20 09:00:00,137.0826918511868
2025-11-20 10:00:00,123.4351391869344
2025-11-20 11:00:00,112.317965702135
2025-11-20 12:00:00,102.7021483914039
2025-11-20 13:00:00,97.73760346374925
2025-11-20 14:00:00,96.72539698937388
2025-11-20 15:00:00,86.50650418259669
2025-11-20 16:00:00,93.98311393988679
2025-11-20 17:00:00,86.47612702006549
2025-11-20 18:00:00,88.77084681179932
2025-11-20 19:00:00,87.90096037323171
2025-11-20 20:00:00,99.8344749918069
2025-11-20 21:00:00,87.47765259221734
2025-11-20 22:00:00,106.11429904299
2025-11-20 23:00:00,111.1086958741835
2025-11-21 00:00:00,125.1360869970285
2025-11-21 01:00:00,121.3089660995505
2025-11-21 02:00:00,131.9953299173075
2025-11-21 03:00:00,124.6200768693799
2025-11-21 04:00:00,129.8378500851745
2025-11-21 05:00:00,130.8897215598041
2025-11-21 06:00:00,148.5355917922398
2025-11-21 07:00:00,125.3363307297622
2025-11-21 08:00:00,137.474020479678
2025-11-21 09:00:00,116.6844359137414
2025-11-21 10:00:00,112.722988431621
2025-11-21 11:00:00,99.63569124335655
2025-11-21 12:00:00,101.0569426618631
2025-11-21 13:00:00,94.76716813378644
2025-11-21 14:00:00,82.27486161318038
2025-11-21 15:00:00,71.74743664169408
2025-11-21 16:00:00,74.39099512509063
2025-11-21 17:00:00,65.23428604122601
2025-11-21 18:00:00,66.04911700718111
2025-11-21 19:00:00,73.59589785308974
2025-11-21 20:00:00,71.08401041288255
2025-11-21 21:00:00,74.51199374898243
2025-11-21 22:00:00,77.51913231162398
2025-11-21 23:00:00,83.40484184525751
2025-11-22 00:00:00,102.7896803134826
2025-11-22 01:00:00,91.86974794771326
2025-11-22 02:00:00,99.48102028383592
2025-11-22 03:00:00,111.4933681668406
2025-11-22 04:00:00,128.4900103128228
2025-11-22 05:00:00,115.8022244673811
2025-11-22 06:00:00,127.3077229374986
2025-11-22 07:00:00,131.5016858513814
2025-11-22 08:00:00,133.8342736665879
2025-11-22 09:00:00,119.3626238044516
2025-11-22 10:00:00,120.4106076409352
2025-11-22 11:00:00,101.8847059308861
2025-11-22 12:00:00,99.68112272872888
2025-11-22 13:00:00,84.62219756698896
2025-11-22 14:00:00,85.16568607232298
2025-11-22 15:00:00,77.20408452682328
2025-11-22 16:00:00,65.99906853104274
2025-11-22 17:00:00,62.15585468708437
2025-11-22 18:00:00,64.4032903095853
2025-11-22 19:00:00,75.67353561824918
2025-11-22 20:00:00,76.28783554043108
2025-11-22 21:00:00,86.86154604817892
2025-11-22 22:00:00,99.59260299192634
2025-11-22 23:00:00,96.81037826809182
2025-11-23 00:00:00,111.9930221660897
2025-11-23 01:00:00,126.6191607777657
2025-11-23 02:00:00,129.0218909755961
2025-11-23 03:00:00,138.5417904441844
2025-11-23 04:00:00,138.7046512742473
2025-11-23 05:00:00,138.8011526625167
2025-11-23 06:00:00,125.3434359759677
2025-11-23 07:00:00,121.1437468723
2025-11-23 08:00:00,124.683190980898
2025-11-23 09:00:00,112.1121756798135
2025-11-23 10:00:00,111.4912254008323
2025-11-23 11:00:00,115.5112800153295
2025-11-23 12:00:00,92.27728325049871
2025-11-23 13:00:00,91.57388362791296
2025-11-23 14:00:00,81.54205974878401
2025-11-23 15:00:00,84.27823046245757
2025-11-23 16:00:00,85.85587364753609
2025-11-23 17:00:00,82.53918989746411
2025-11-23 18:00:00,83.87397577346117
2025-11-23 19:00:00,90.10961256115601
2025-11-23 20:00:00,88.7221632607276
2025-11-23 21:00:00,87.90598808214776
2025-11-23 22:00:00,98.56563569396181
2025-11-23 23:00:00,113.8838685973444
2025-11-24 00:00:00,112.5904364396625
2025-11-24 01:00:00,129.7979334569754
2025-11-24 02:00:00,142.8509582032645
2025-11-24 03:00:00,144.8010640289991
2025-11-24 04:00:00,156.881164819455
2025-11-24 05:00:00,158.554011675751
2025-11-24 06:00:00,164.3570201538721
2025-11-24 07:00:00,141.8300391429187
2025-11-24 08:00:00,151.825439029335
2025-11-24 09:00:00,145.3899050490333
2025-11-24 10:00:00,140.4243668639394
2025-11-24 11:00:00,131.649575510345
2025-11-24 12:00:00,129.6440384038318
2025-11-24 13:00:00,130.09314152439
2025-11-24 14:00:00,120.6600504235851
2025-11-24 15:00:00,109.6547433772131
2025-11-24 16:00:00,104.4459374570772
2025-11-24 17:00:00,106.4646340429121
2025-11-24 18:00:00,91.79845265246126
2025-11-24 19:00:00,98.27968360010608
2025-11-24 20:00:00,94.10373063877591
2025-11-24 21:00:00,102.0491797116585
2025-11-24 22:00:00,107.1930409021303
2025-11-24 23:00:00,114.2474735593534
2025-11-25 00:00:00,122.2091673904587
2025-11-25 01:00:00,136.6492289361709
2025-11-25 02:00:00,142.3333746047272
2025-11-25 03:00:00,143.6747390018798
2025-11-25 04:00:00,143.9213335207407
2025-11-25 05:00:00,159.7479843758257
2025-11-25 06:00:00,176.9697877912274
2025-11-25 07:00:00,178.6209544119187
2025-11-25 08:00:00,166.1920075484435
2025-11-25 09:00:00,163.0863518656624
2025-11-25 10:00:00,148.9459268652216
2025-11-25 11:00:00,147.5329044458118
2025-11-25 12:00:00,137.7073825807428
2025-11-25 13:00:00,124.460944515677
2025-11-25 14:00:00,125.4663890015873
2025-11-25 15:00:00,115.5545340207486
2025-11-25 16:00:00,110.2547453711052
2025-11-25 17:00:00,99.395873233336
2025-11-25 18:00:00,97.05169507615494
2025-11-25 19:00:00,113.5535079146102
2025-11-25 20:00:00,100.9684540393563
2025-11-25 21:00:00,111.272690192998
2025-11-25 22:00:00,123.5977966195181
2025-11-25 23:00:00,123.1981240078362
2025-11-26 00:00:00,140.8903832290806
2025-11-26 01:00:00,149.4533104036775
2025-11-26 02:00:00,149.3156093457751
2025-11-26 03:00:00,144.0048690892528
2025-11-26 04:00:00,155.0958076073527
2025-11-26 05:00:00,155.9188836499854
2025-11-26 06:00:00,161.6986658174075
2025-11-26 07:00:00,149.4040943097146
2025-11-26 08:00:00,148.3839706961145
2025-11-26 09:00:00,139.7520653212072
2025-11-26 10:00:00,139.0692215792668
2025-11-26 11:00:00,138.557876779705
2025-11-26 12:00:00,130.0118899502951
2025-11-26 13:00:00,116.0091025683064
2025-11-26 14:00:00,123.2172305033273
2025-11-26 15:00:00,102.4928252236556
2025-11-26 16:00:00,104.8132049633223
2025-11-26 17:00:00,102.7925492539033
2025-11-26 18:00:00,94.61735055338501
2025-11-26 19:00:00,98.88673454240033
2025-11-26 20:00:00,96.09925074924091
2025-11-26 21:00:00,115.401916204364
2025-11-26 22:00:00,121.6282878811309
2025-11-26 23:00:00,111.8479626137188
2025-11-27 00:00:00,117.922923907219
2025-11-27 01:00:00,144.5846773554236
2025-11-27 02:00:00,149.8814040533529
2025-11-27 03:00:00,152.836059792312
2025-11-27 04:00:00,139.5446035667806
2025-11-27 05:00:00,148.7010993506726
2025-11-27 06:00:00,157.8507978891676
2025-11-27 07:00:00,141.1948161111339
2025-11-27 08:00:00,131.240403060403
2025-11-27 09:00:00,130.2350961495914
2025-11-27 10:00:00,117.9909641237857
2025-11-27 11:00:00,129.7974760897663
2025-11-27 12:00:00,103.4325131608555
2025-11-27 13:00:00,105.9886384954579
2025-11-27 14:00:00,92.8639726870498
2025-11-27 15:00:00,87.5240847308011
2025-11-27 16:00:00,90.2139732627608
2025-11-27 17:00:00,86.251379851791
2025-11-27 18:00:00,87.78660649876002
2025-11-27 19:00:00,75.38300761891576
2025-11-27 20:00:00,76.28759271767626
2025-11-27 21:00:00,81.67184525901003
2025-11-27 22:00:00,94.50107570378087
2025-11-27 23:00:00,90.05977205390823
2025-11-28 00:00:00,98.93707819390664
2025-11-28 01:00:00,107.5701972528349
2025-11-28 02:00:00,115.5980032306602
2025-11-28 03:00:00,123.8461218190451
2025-11-28 04:00:00,122.2592202284793
2025-11-28 05:00:00,126.4257293731512
2025-11-28 06:00:00,126.8399084714754
2025-11-28 07:00:00,120.2279737542769
2025-11-28 08:00:00,122.6691762495696
2025-11-28 09:00:00,126.6593049951269
2025-11-28 10:00:00,104.6308924186176
2025-11-28 11:00:00,109.8709358311083
2025-11-28 12:00:00,97.8036004107711
2025-11-28 13:00:00,84.47383223864513
2025-11-28 14:00:00,85.89058520499488
2025-11-28 15:00:00,74.6323891987494
2025-11-28 16:00:00,74.6949002437502
2025-11-28 17:00:00,65.9366315732037
2025-11-28 18:00:00,66.62709634515056
2025-11-28 19:00:00,70.62766700814193
2025-11-28 20:00:00,69.26288632350817
2025-11-28 21:00:00,73.60798740354156
2025-11-28 22:00:00,73.46210600347767
2025-11-28 23:00:00,91.27686908739813
2025-11-29 00:00:00,98.93346609069106
2025-11-29 01:00:00,95.55673233277818
2025-11-29 02:00:00,99.1806668319154
2025-11-29 03:00:00,123.6463819072424
2025-11-29 04:00:00,120.3319613521371
2025-11-29 05:00:00,113.0456087193586
2025-11-29 06:00:00,122.7516575354332
2025-11-29 07:00:00,110.8880998722309
2025-11-29 08:00:00,117.4982169582595
2025-11-29 09:00:00,115.2259912227576
2025-11-29 10:00:00,101.1147360993179
2025-11-29 11:00:00,100.7563761447953
2025-11-29 12:00:00,100.3126002118541
2025-11-29 13:00:00,82.4331539012603
2025-11-29 14:00:00,71.58843530089793
2025-11-29 15:00:00,76.37810094910365
2025-11-29 16:00:00,66.6062284767143
2025-11-29 17:00:00,67.43448436318154
2025-11-29 18:00:00,59.46594707526111
2025-11-29 19:00:00,63.40108559601443
2025-11-29 20:00:00,69.36256434896299
2025-11-29 21:00:00,83.67946520681308
2025-11-29 22:00:00,80.56614862212373
2025-11-29 23:00:00,94.73186975393284
2025-11-30 00:00:00,103.0698666247775
2025-11-30 01:00:00,116.2162554616262
2025-11-30 02:00:00,122.1912845452846
2025-11-30 03:00:00,119.3895581661721
2025-11-30 04:00:00,129.8056938448671
2025-11-30 05:00:00,136.4390758476091
2025-11-30 06:00:00,118.7984864650747
2025-11-30 07:00:00,121.8120326395128
2025-11-30 08:00:00,123.647806279379
2025-11-30 09:00:00,120.5621321184214
2025-11-30 10:00:00,120.7270849237124
2025-11-30 11:00:00,101.50859113985
2025-11-30 12:00:00,108.2696767584326
2025-11-30 13:00:00,104.5498067002358
2025-11-30 14:00:00,85.46202141664521
2025-11-30 15:00:00,80.1942476310328
2025-11-30 16:00:00,84.88807503925246
2025-11-30 17:00:00,78.28921190384807
2025-11-30 18:00:00,75.76228534054034
2025-11-30 19:00:00,82.14003352433743
2025-11-30 20:00:00,81.23815723940612
2025-11-30 21:00:00,84.6826855408652
2025-11-30 22:00:00,105.3612380939258
2025-11-30 23:00:00,113.9867326496761
2025-12-01 00:00:00,115.1699326364348
2025-12-01 01:00:00,113.9001266324456
2025-12-01 02:00:00,118.1191568977306
2025-12-01 03:00:00,141.3056186401696
2025-12-01 04:00:00,146.8118741702466
2025-12-01 05:00:00,148.1062965268585
2025-12-01 06:00:00,154.5560803558951
2025-12-01 07:00:00,133.6785638175782
2025-12-01 08:00:00,147.9766667353582
2025-12-01 09:00:00,141.3575834806504
2025-12-01 10:00:00,139.1795449562309
2025-12-01 11:00:00,117.8620855613894
2025-12-01 12:00:00,129.6206710923452
2025-12-01 13:00:00,123.5175169252802
2025-12-01 14:00:00,117.3828975260349
2025-12-01 15:00:00,100.2913066369303
2025-12-01 16:00:00,104.481076893545
2025-12-01 17:00:00,99.53682304213
2025-12-01 18:00:00,86.12579977167317
2025-12-01 19:00:00,101.5035759301288
2025-12-01 20:00:00,97.36824029742232
2025-12-01 21:00:00,110.6400629798348
2025-12-01 22:00:00,104.5690201584577
2025-12-01 23:00:00,123.7736378440638
2025-12-02 00:00:00,124.7352072373468
2025-12-02 01:00:00,126.8490524463096
2025-12-02 02:00:00,145.7017896318872
2025-12-02 03:00:00,144.0581695378252
2025-12-02 04:00:00,156.6545553574821
2025-12-02 05:00:00,166.2594861026354
2025-12-02 06:00:00,168.0824104696491
2025-12-02 07:00:00,171.65444089159
2025-12-02 08:00:00,160.1621582544684
2025-12-02 09:00:00,146.8915348825712
2025-12-02 10:00:00,152.2114743825029
2025-12-02 11:00:00,158.7514061068496
2025-12-02 12:00:00,136.769220600285
2025-12-02 13:00:00,129.5453966571183
2025-12-02 14:00:00,114.6109791240519
2025-12-02 15:00:00,114.6093099941118
2025-12-02 16:00:00,111.7554149848561
2025-12-02 17:00:00,99.65698620796358
2025-12-02 18:00:00,99.90912415628182
2025-12-02 19:00:00,97.23744510619994
2025-12-02 20:00:00,96.76506820657367
2025-12-02 21:00:00,102.1438193851357
2025-12-02 22:00:00,120.4129115712007
2025-12-02 23:00:00,109.767323498197
2025-12-03 00:00:00,133.3281908724448
2025-12-03 01:00:00,139.930373176392
2025-12-03 02:00:00,148.1734225350429
2025-12-03 03:00:00,141.3299434642509
2025-12-03 04:00:00,146.559031404578
2025-12-03 05:00:00,169.1491992336781
2025-12-03 06:00:00,168.1933090374285
2025-12-03 07:00:00,171.4670154617542
2025-12-03 08:00:00,144.2820431264184
2025-12-03 09:00:00,151.2937464866727
2025-12-03 10:00:00,155.0492174831351
2025-12-03 11:00:00,150.6828141219441
2025-12-03 12:00:00,122.9826301156001
2025-12-03 13:00:00,134.5926785783599
2025-12-03 14:00:00,110.5060864633285
2025-12-03 15:00:00,102.5866263105865
2025-12-03 16:00:00,101.5144759957253
2025-12-03 17:00:00,93.83842830641349
2025-12-03 18:00:00,88.16655816279271
2025-12-03 19:00:00,87.83507985873523
2025-12-03 20:00:00,90.29931127000846
2025-12-03 21:00:00,94.60736280268988
2025-12-03 22:00:00,99.12897026339641
2025-12-03 23:00:00,114.8821930742415
2025-12-04 00:00:00,110.4728893009952
2025-12-04 01:00:00,116.1565778260562
2025-12-04 02:00:00,120.4700821992133
2025-12-04 03:00:00,147.2170008475531
2025-12-04 04:00:00,130.9380250259402
2025-12-04 05:00:00,139.719199278598
2025-12-04 06:00:00,144.0512655252194
2025-12-04 07:00:00,134.2455347235899
2025-12-04 08:00:00,142.4190917582044
2025-12-04 09:00:00,132.5484715371705
2025-12-04 10:00:00,126.1061042357754
2025-12-04 11:00:00,110.3368176577651
2025-12-04 12:00:00,105.248956598274
2025-12-04 13:00:00,97.44951572685856
2025-12-04 14:00:00,96.16310405491006
2025-12-04 15:00:00,88.53896829918872
2025-12-04 16:00:00,85.99698035943398
2025-12-04 17:00:00,83.85484639474163
2025-12-04 18:00:00,85.22578625997774
2025-12-04 19:00:00,78.52313104471308
2025-12-04 20:00:00,76.30370723980174
2025-12-04 21:00:00,92.13861628094058
2025-12-04 22:00:00,98.91630146258952
2025-12-04 23:00:00,95.56451477970066
2025-12-05 00:00:00,110.949541510896
2025-12-05 01:00:00,115.4213312614727
2025-12-05 02:00:00,124.404442692108
2025-12-05 03:00:00,136.0464326310313
2025-12-05 04:00:00,119.5258571750544
2025-12-05 05:00:00,121.1005864188431
2025-12-05 06:00:00,125.4470519357205
2025-12-05 07:00:00,126.7458070145724
2025-12-05 08:00:00,118.6792233004022
2025-12-05 09:00:00,127.2664485002806
2025-12-05 10:00:00,114.3761145915163
2025-12-05 11:00:00,114.447060732427
2025-12-05 12:00:00,97.04612236781348
2025-12-05 13:00:00,95.27427094423086
2025-12-05 14:00:00,86.10781785266117
2025-12-05 15:00:00,76.5196851220636
2025-12-05 16:00:00,74.36742947442875
2025-12-05 17:00:00,65.7822161794276
2025-12-05 18:00:00,69.53186983853503
2025-12-05 19:00:00,66.75042955750568
2025-12-05 20:00:00,61.82216176184803
2025-12-05 21:00:00,71.6981535065221
2025-12-05 22:00:00,74.262286999945
2025-12-05 23:00:00,78.52344349561787
2025-12-06 00:00:00,81.91096305984931
2025-12-06 01:00:00,92.22963049272998
2025-12-06 02:00:00,104.1123434007041
2025-12-06 03:00:00,105.3970489688435
2025-12-06 04:00:00,109.3728040385542
2025-12-06 05:00:00,126.6540170983087
2025-12-06 06:00:00,125.5921258900715
2025-12-06 07:00:00,127.9278383828217
2025-12-06 08:00:00,128.2731768288825
2025-12-06 09:00:00,126.7700537961621
2025-12-06 10:00:00,112.5825171288865
2025-12-06 11:00:00,110.698199041514
2025-12-06 12:00:00,103.853116651383
2025-12-06 13:00:00,88.86940251331838
2025-12-06 14:00:00,75.27513143713942
2025-12-06 15:00:00,75.50527172162575
2025-12-06 16:00:00,65.59181731018036
2025-12-06 17:00:00,67.19965100519138
2025-12-06 18:00:00,68.33699423988256
2025-12-06 19:00:00,66.60680425079593
2025-12-06 20:00:00,67.98399182297142
2025-12-06 21:00:00,62.20670350499613
2025-12-06 22:00:00,72.93977183943221
2025-12-06 23:00:00,87.69899727536259
2025-12-07 00:00:00,91.43522395444903
2025-12-07 01:00:00,95.92683567924672
2025-12-07 02:00:00,100.6064995889564
2025-12-07 03:00:00,104.8375693966711
2025-12-07 04:00:00,115.1131894802881
2025-12-07 05:00:00,115.5967162465556
2025-12-07 06:00:00,117.8898559570988
2025-12-07 07:00:00,118.6093701294056
2025-12-07 08:00:00,113.7761982817486
2025-12-07 09:00:00,131.8528752366235
2025-12-07 10:00:00,127.9415565915405
2025-12-07 11:00:00,113.4086603452202
2025-12-07 12:00:00,94.40969613490128
2025-12-07 13:00:00,99.93924760301881
2025-12-07 14:00:00,89.68474012827912
2025-12-07 15:00:00,84.01726258734203
2025-12-07 16:00:00,75.00458534230603
2025-12-07 17:00:00,82.76503249000518
2025-12-07 18:00:00,75.87275106441278
2025-12-07 19:00:00,80.4181402032702
2025-12-07 20:00:00,77.8047732153051
2025-12-07 21:00:00,89.64664147032254
2025-12-07 22:00:00,81.62171183752523
2025-12-07 23:00:00,99.50137923124251
2025-12-08 00:00:00,108.9707431073807
2025-12-08 01:00:00,104.0356825772298
2025-12-08 02:00:00,124.214755791261
2025-12-08 03:00:00,142.8307678262559
2025-12-08 04:00:00,141.970369350175
2025-12-08 05:00:00,141.9205593667502
2025-12-08 06:00:00,129.4391670428248
2025-12-08 07:00:00,130.2460332585401
2025-12-08 08:00:00,144.782911282381
2025-12-08 09:00:00,145.7517564400656
2025-12-08 10:00:00,131.5243756578285
2025-12-08 11:00:00,113.5474871395468
2025-12-08 12:00:00,127.4991055564078
2025-12-08 13:00:00,100.6998340561039
2025-12-08 14:00:00,112.64441993992
2025-12-08 15:00:00,88.68850453488602
2025-12-08 16:00:00,100.9174598666262
2025-12-08 17:00:00,99.06693654432846
2025-12-08 18:00:00,93.72710966808748
2025-12-08 19:00:00,98.52271472273333
2025-12-08 20:00:00,100.5308723109643
2025-12-08 21:00:00,108.6830778736896
2025-12-08 22:00:00,119.1359693863015
2025-12-08 23:00:00,118.7191811652433
2025-12-09 00:00:00,122.8916610501179
2025-12-09 01:00:00,122.1550326080033
2025-12-09 02:00:00,152.6556762370741
2025-12-09 03:00:00,160.6655815476185
2025-12-09 04:00:00,158.1765666812034
2025-12-09 05:00:00,164.6858055094189
2025-12-09 06:00:00,165.4933301554734
2025-12-09 07:00:00,169.7566411925458
2025-12-09 08:00:00,142.0106584606953
2025-12-09 09:00:00,135.5402924294598
2025-12-09 10:00:00,127.711592028541
2025-12-09 11:00:00,139.9411167976134
2025-12-09 12:00:00,119.407712460706
2025-12-09 13:00:00,126.0572445879207
2025-12-09 14:00:00,121.7920656965102
2025-12-09 15:00:00,97.2423474818879
2025-12-09 16:00:00,98.75977564473168
2025-12-09 17:00:00,97.437234964404
2025-12-09 18:00:00,95.8314514296628
2025-12-09 19:00:00,110.8585425720122
2025-12-09 20:00:00,97.83323509725838
2025-12-09 21:00:00,108.7943229641343
2025-12-09 22:00:00,120.6766083511574
2025-12-09 23:00:00,113.6565325059833
2025-12-10 00:00:00,131.6614687989427
2025-12-10 01:00:00,138.8580517741903
2025-12-10 02:00:00,147.2415001600678
2025-12-10 03:00:00,164.5294169806089
2025-12-10 04:00:00,153.8403258473193
2025-12-10 05:00:00,155.9508387664531
2025-12-10 06:00:00,164.3187578804607
2025-12-10 07:00:00,146.5000567508845
2025-12-10 08:00:00,154.2307516119783
2025-12-10 09:00:00,150.0514124032495
2025-12-10 10:00:00,151.7558284768598
2025-12-10 11:00:00,141.4713501034202
2025-12-10 12:00:00,132.8883774131332
2025-12-10 13:00:00,106.7570838184136
2025-12-10 14:00:00,114.8417843442886
2025-12-10 15:00:00,104.8431677493155
2025-12-10 16:00:00,94.63383354723055
2025-12-10 17:00:00,94.01616489153913
2025-12-10 18:00:00,94.57048655783696
2025-12-10 19:00:00,96.67884955553194
2025-12-10 20:00:00,86.69411450611443
2025-12-10 21:00:00,100.3023689360456
2025-12-10 22:00:00,95.40549634928892
2025-12-10 23:00:00,106.5520846559916
2025-12-11 00:00:00,109.0004698409518
2025-12-11 01:00:00,112.248158848014
2025-12-11 02:00:00,129.8886527024781
2025-12-11 03:00:00,127.1213909347666
2025-12-11 04:00:00,150.0109963868888
2025-12-11 05:00:00,153.7789800006108
2025-12-11 06:00:00,139.4940342877633
2025-12-11 07:00:00,148.5727796700332
2025-12-11 08:00:00,146.1478102404306
2025-12-11 09:00:00,124.2672059053093
2025-12-11 10:00:00,123.8029440930718
2025-12-11 11:00:00,119.8068476754475
2025-12-11 12:00:00,117.4222615622932
2025-12-11 13:00:00,101.1433255375028
2025-12-11 14:00:00,105.7825334927996
2025-12-11 15:00:00,84.80169054645805
2025-12-11 16:00:00,89.22689995871484
2025-12-11 17:00:00,79.77332380032266
2025-12-11 18:00:00,78.26487702460278
2025-12-11 19:00:00,69.10545271271783
2025-12-11 20:00:00,79.26499190183215
2025-12-11 21:00:00,77.69551456309118
2025-12-11 22:00:00,88.35926998671803
2025-12-11 23:00:00,91.54477414890063
2025-12-12 00:00:00,95.39090950486194
2025-12-12 01:00:00,99.37323635046022
2025-12-12 02:00:00,118.2453445127463
2025-12-12 03:00:00,113.9027095822272
2025-12-12 04:00:00,115.4729663381821
2025-12-12 05:00:00,116.8470125258148
2025-12-12 06:00:00,116.2805317940958
2025-12-12 07:00:00,113.8702920377187
2025-12-12 08:00:00,118.1093634833777
2025-12-12 09:00:00,131.3475761698782
2025-12-12 10:00:00,119.690244213377
2025-12-12 11:00:00,101.4245969879267
2025-12-12 12:00:00,102.6843321351013
2025-12-12 13:00:00,89.87698892894548
2025-12-12 14:00:00,76.94466373139728
2025-12-12 15:00:00,80.65690014682032
2025-12-12 16:00:00,74.60271654572871
2025-12-12 17:00:00,68.81516449206197
2025-12-12 18:00:00,59.53879781653443
2025-12-12 19:00:00,58.76475137393297
2025-12-12 20:00:00,66.94467439504452
2025-12-12 21:00:00,61.17685267981221
2025-12-12 22:00:00,68.87578354442843
2025-12-12 23:00:00,81.91652836222116
2025-12-13 00:00:00,89.40851996443583
2025-12-13 01:00:00,98.76463074464203
2025-12-13 02:00:00,106.6182251076812
2025-12-13 03:00:00,113.9793763053864
2025-12-13 04:00:00,109.5268635757583
2025-12-13 05:00:00,104.7547147262052
2025-12-13 06:00:00,113.5589999502588
2025-12-13 07:00:00,115.0541740147439
2025-12-13 08:00:00,104.4197223527141
2025-12-13 09:00:00,100.0462978889141
2025-12-13 10:00:00,100.4301706940176
2025-12-13 11:00:00,104.5594828748836
2025-12-13 12:00:00,91.49007821130911
2025-12-13 13:00:00,79.81393150436935
2025-12-13 14:00:00,81.67280750966843
2025-12-13 15:00:00,68.46155694201681
2025-12-13 16:00:00,63.95233126474868
2025-12-13 17:00:00,63.2594833164896
2025-12-13 18:00:00,56.51499115108251
2025-12-13 19:00:00,56.26099335935291
2025-12-13 20:00:00,70.89838341357301
2025-12-13 21:00:00,73.53944608326569
2025-12-13 22:00:00,73.05074194538089
2025-12-13 23:00:00,87.88518266781261
2025-12-14 00:00:00,91.26494914661457
2025-12-14 01:00:00,96.05504066837524
2025-12-14 02:00:00,106.9535207416383
2025-12-14 03:00:00,105.5106168409511
2025-12-14 04:00:00,124.5109808395589
2025-12-14 05:00:00,125.1037360413123
2025-12-14 06:00:00,116.6990192516434
2025-12-14 07:00:00,128.5248839097764
2025-12-14 08:00:00,117.9684124658228
2025-12-14 09:00:00,127.7322569704549
2025-12-14 10:00:00,109.3508702419289
2025-12-14 11:00:00,105.9865973258419
2025-12-14 12:00:00,95.32399032226958
2025-12-14 13:00:00,99.89462263366234
2025-12-14 14:00:00,77.48636180276014
2025-12-14 15:00:00,74.64010079214391
2025-12-14 16:00:00,82.8483519216295
2025-12-14 17:00:00,74.37857209333403
2025-12-14 18:00:00,71.85759991937196
2025-12-14 19:00:00,74.8835929356762
2025-12-14 20:00:00,79.68427611382833
2025-12-14 21:00:00,76.75093524567193
2025-12-14 22:00:00,85.91634916751093
2025-12-14 23:00:00,89.40752312810719
2025-12-15 00:00:00,106.7391200526952
2025-12-15 01:00:00,121.9638428630437
2025-12-15 02:00:00,119.5643090537227
2025-12-15 03:00:00,131.0680396318862
2025-12-15 04:00:00,123.0887664543395
2025-12-15 05:00:00,127.348701072847
2025-12-15 06:00:00,143.8625347519252
2025-12-15 07:00:00,145.5103892530929
2025-12-15 08:00:00,149.0948343250365
2025-12-15 09:00:00,128.1629895149059
2025-12-15 10:00:00,142.6544509855837
2025-12-15 11:00:00,121.7153907909663
2025-12-15 12:00:00,125.4462352147474
2025-12-15 13:00:00,118.9305364492219
2025-12-15 14:00:00,104.967890419426
2025-12-15 15:00:00,98.56574103989628
2025-12-15 16:00:00,99.09535634938025
2025-12-15 17:00:00,88.23707384844272
2025-12-15 18:00:00,84.32176776083702
2025-12-15 19:00:00,81.81746691356342
2025-12-15 20:00:00,85.16960571307861
2025-12-15 21:00:00,91.84337940305794
2025-12-15 22:00:00,95.25556915154183
2025-12-15 23:00:00,119.6465117456401
2025-12-16 00:00:00,121.1518232974393
2025-12-16 01:00:00,126.8996574338467
2025-12-16 02:00:00,141.3793495559217
2025-12-16 03:00:00,131.1190150363762
2025-12-16 04:00:00,135.1008484867697
2025-12-16 05:00:00,153.3983246018447
2025-12-16 06:00:00,146.990602819103
2025-12-16 07:00:00,153.0005081079375
2025-12-16 08:00:00,146.105025103817
2025-12-16 09:00:00,146.2442846855512
2025-12-16 10:00:00,154.2967827945138
2025-12-16 11:00:00,139.562306107
2025-12-16 12:00:00,126.6693703336204
2025-12-16 13:00:00,117.2435533042997
2025-12-16 14:00:00,113.9059483706077
2025-12-16 15:00:00,115.8635456575111
2025-12-16 16:00:00,105.1321714757352
2025-12-16 17:00:00,101.8414016446396
2025-12-16 18:00:00,87.21891212291563
2025-12-16 19:00:00,101.7642009147468
2025-12-16 20:00:00,97.04931539709462
2025-12-16 21:00:00,103.2354702747339
2025-12-16 22:00:00,96.68658420756354
2025-12-16 23:00:00,106.9356026367028
2025-12-17 00:00:00,110.4694597794383
2025-12-17 01:00:00,136.8487995296859
2025-12-17 02:00:00,129.8344313933983
2025-12-17 03:00:00,144.1992518787642
2025-12-17 04:00:00,139.1658883510541
2025-12-17 05:00:00,166.1240763636801
2025-12-17 06:00:00,144.7994003633984
2025-12-17 07:00:00,144.5097700941838
2025-12-17 08:00:00,159.1146630100554
2025-12-17 09:00:00,140.1549316991444
2025-12-17 10:00:00,142.9079745941138
2025-12-17 11:00:00,130.2671990994586
2025-12-17 12:00:00,122.2618576011438
2025-12-17 13:00:00,123.8273285017327
2025-12-17 14:00:00,108.6271331945517
2025-12-17 15:00:00,99.6355352147163
2025-12-17 16:00:00,99.29853820816874
2025-12-17 17:00:00,90.0395618542186
2025-12-17 18:00:00,93.78801279325249
2025-12-17 19:00:00,87.54821236293643
2025-12-17 20:00:00,82.71876542041905
2025-12-17 21:00:00,96.85398139282604
2025-12-17 22:00:00,108.8891348961656
2025-12-17 23:00:00,114.08959708314
2025-12-18 00:00:00,112.9493205292244
2025-12-18 01:00:00,132.2503224321819
2025-12-18 02:00:00,115.9968729968974
2025-12-18 03:00:00,131.1189145065961
2025-12-18 04:00:00,148.5833144588622
2025-12-18 05:00:00,144.457027809589
2025-12-18 06:00:00,129.6896875583994
2025-12-18 07:00:00,148.5765489060071
2025-12-18 08:00:00,148.3961724307249
2025-12-18 09:00:00,122.2783113220689
2025-12-18 10:00:00,130.79620119312
2025-12-18 11:00:00,121.5731779398819
2025-12-18 12:00:00,111.834929826815
2025-12-18 13:00:00,110.44902797294
2025-12-18 14:00:00,94.74506497204804
2025-12-18 15:00:00,80.10124090749129
2025-12-18 16:00:00,80.48255282616543
2025-12-18 17:00:00,76.64757159097128
2025-12-18 18:00:00,70.68495098095431
2025-12-18 19:00:00,64.6740576709548
2025-12-18 20:00:00,73.3775508800609
2025-12-18 21:00:00,73.77460843028605
2025-12-18 22:00:00,84.50112579882342
2025-12-18 23:00:00,83.29791826082023
2025-12-19 00:00:00,96.33960107092355
2025-12-19 01:00:00,92.40373959207211
2025-12-19 02:00:00,96.9556559660698
2025-12-19 03:00:00,102.2950367305038
2025-12-19 04:00:00,119.985051483725
2025-12-19 05:00:00,123.655745685134
2025-12-19 06:00:00,128.1959040639788
2025-12-19 07:00:00,119.4093025395686
2025-12-19 08:00:00,107.4007064007722
2025-12-19 09:00:00,105.4841420207245
2025-12-19 10:00:00,111.0969043590413
2025-12-19 11:00:00,94.24382800584895
2025-12-19 12:00:00,94.751399855933
2025-12-19 13:00:00,80.10847624059552
2025-12-19 14:00:00,76.49028398837675
2025-12-19 15:00:00,65.25951210760954
2025-12-19 16:00:00,56.58201705708151
2025-12-19 17:00:00,58.36522759172766
2025-12-19 18:00:00,57.21489702825012
2025-12-19 19:00:00,62.09841890054106
2025-12-19 20:00:00,60.35760179826392
2025-12-19 21:00:00,70.72066880604284
2025-12-19 22:00:00,68.73484411292459
2025-12-19 23:00:00,86.20483749719946
2025-12-20 00:00:00,86.05993042617324
2025-12-20 01:00:00,95.82142380755359
2025-12-20 02:00:00,107.3250761630998
2025-12-20 03:00:00,98.81557468112375
2025-12-20 04:00:00,101.3001053046414
2025-12-20 05:00:00,121.4910439832879
2025-12-20 06:00:00,106.2199166423584
2025-12-20 07:00:00,108.6279200451972
2025-12-20 08:00:00,108.6985570400564
2025-12-20 09:00:00,102.9163025753275
2025-12-20 10:00:00,109.6789072107613
2025-12-20 11:00:00,99.18966994605482
2025-12-20 12:00:00,84.05175581870073
2025-12-20 13:00:00,80.05407750432151
2025-12-20 14:00:00,75.45495574716543
2025-12-20 15:00:00,61.2551157549851
2025-12-20 16:00:00,56.57726676199323
2025-12-20 17:00:00,56.39292841769807
2025-12-20 18:00:00,52.13394635305844
2025-12-20 19:00:00,54.81384680117299
2025-12-20 20:00:00,57.34127242174795
2025-12-20 21:00:00,62.0698328285572
2025-12-20 22:00:00,70.97004358354741
2025-12-20 23:00:00,80.97568226223031
2025-12-21 00:00:00,81.38894116835401
2025-12-21 01:00:00,86.48964078158951
2025-12-21 02:00:00,100.0810061410339
2025-12-21 03:00:00,109.9484326956731
2025-12-21 04:00:00,109.2843802916515
2025-12-21 05:00:00,124.3944292112035
2025-12-21 06:00:00,123.5763575099779
2025-12-21 07:00:00,121.4900119155016
2025-12-21 08:00:00,111.0551623738347
2025-12-21 09:00:00,120.6243194550917
2025-12-21 10:00:00,108.0844296469083
2025-12-21 11:00:00,99.8473633907087
2025-12-21 12:00:00,94.24411773345875
2025-12-21 13:00:00,82.07569217842217
2025-12-21 14:00:00,77.4500038785458
2025-12-21 15:00:00,81.29632545900635
2025-12-21 16:00:00,77.02382590751556
2025-12-21 17:00:00,64.45739883217838
2025-12-21 18:00:00,74.11180881302347
2025-12-21 19:00:00,71.123803911751
2025-12-21 20:00:00,79.93918386944247
2025-12-21 21:00:00,84.84652224592631
2025-12-21 22:00:00,85.21862376659205
2025-12-21 23:00:00,98.61494582182883
2025-12-22 00:00:00,96.92485456993435
2025-12-22 01:00:00,121.8741252677265
2025-12-22 02:00:00,116.1884998168532
2025-12-22 03:00:00,123.2290631122499
2025-12-22 04:00:00,135.4128820954188
2025-12-22 05:00:00,142.2436649073644
2025-12-22 06:00:00,129.4726983488619
2025-12-22 07:00:00,126.3446445612049
2025-12-22 08:00:00,147.382272119622
2025-12-22 09:00:00,143.7407399838087
2025-12-22 10:00:00,127.3629780443563
2025-12-22 11:00:00,129.1829210823698
2025-12-22 12:00:00,118.4148943484232
2025-12-22 13:00:00,111.2553293219511
2025-12-22 14:00:00,103.3211152573391
2025-12-22 15:00:00,87.82776107573258
2025-12-22 16:00:00,86.56822304079611
2025-12-22 17:00:00,94.60096215583674
2025-12-22 18:00:00,81.11171888091842
2025-12-22 19:00:00,87.17884862765962
2025-12-22 20:00:00,81.04629492427956
2025-12-22 21:00:00,89.08067730260316
2025-12-22 22:00:00,97.26126467901629
2025-12-22 23:00:00,98.20690245322429
2025-12-23 00:00:00,108.8304520952952
2025-12-23 01:00:00,110.5030859489122
2025-12-23 02:00:00,140.3173034265515
2025-12-23 03:00:00,140.6809333402328
2025-12-23 04:00:00,157.0606056672487
2025-12-23 05:00:00,144.7189427266299
2025-12-23 06:00:00,163.8785208142618
2025-12-23 07:00:00,140.8893721618855
2025-12-23 08:00:00,143.0442161733474
2025-12-23 09:00:00,151.0126062691094
2025-12-23 10:00:00,154.9873517647875
2025-12-23 11:00:00,126.791784387561
2025-12-23 12:00:00,127.6186400985101
2025-12-23 13:00:00,129.5771459426127
2025-12-23 14:00:00,113.6127185476082
2025-12-23 15:00:00,102.4465873388248
2025-12-23 16:00:00,92.55859784967632
2025-12-23 17:00:00,103.4708308091097
2025-12-23 18:00:00,96.67710755054233
2025-12-23 19:00:00,101.4545310191481
2025-12-23 20:00:00,95.13071898448595
2025-12-23 21:00:00,104.4471782239128
2025-12-23 22:00:00,113.0205259789527
2025-12-23 23:00:00,103.6277595885283
2025-12-24 00:00:00,113.2658099156556
2025-12-24 01:00:00,121.1595521899425
2025-12-24 02:00:00,120.3779876794735
2025-12-24 03:00:00,126.1661208678311
2025-12-24 04:00:00,142.4107001291979
2025-12-24 05:00:00,149.5045341596201
2025-12-24 06:00:00,138.9059836319326
2025-12-24 07:00:00,152.3208976698881
2025-12-24 08:00:00,147.9197195295914
2025-12-24 09:00:00,149.7956395924121
2025-12-24 10:00:00,142.2741795513297
2025-12-24 11:00:00,143.3686810656851
2025-12-24 12:00:00,127.0574457562008
2025-12-24 13:00:00,106.0701402877844
2025-12-24 14:00:00,115.3193752554754
2025-12-24 15:00:00,108.0988778678655
2025-12-24 16:00:00,89.44043830633481
2025-12-24 17:00:00,93.000785675314
2025-12-24 18:00:00,83.71255868032019
2025-12-24 19:00:00,86.30003391265654
2025-12-24 20:00:00,80.4593710602789
2025-12-24 21:00:00,89.11637351310262
2025-12-24 22:00:00,89.54307159954766
2025-12-24 23:00:00,108.0746737032299
2025-12-25 00:00:00,107.607919189183
2025-12-25 01:00:00,117.212006027439
2025-12-25 02:00:00,130.2352691994962
2025-12-25 03:00:00,122.6949812709926
2025-12-25 04:00:00,124.6441091264393
2025-12-25 05:00:00,127.4821928802985
2025-12-25 06:00:00,138.5379157686292
2025-12-25 07:00:00,124.3294693452143
2025-12-25 08:00:00,121.6342230241697
2025-12-25 09:00:00,119.0138365849736
2025-12-25 10:00:00,133.7598759249847
2025-12-25 11:00:00,112.4074760141881
2025-12-25 12:00:00,110.1713247089134
2025-12-25 13:00:00,103.1979480785003
2025-12-25 14:00:00,88.65948175608872
2025-12-25 15:00:00,86.26244491441798
2025-12-25 16:00:00,71.2298445622389
2025-12-25 17:00:00,66.4781624342258
2025-12-25 18:00:00,69.57263199739903
2025-12-25 19:00:00,68.06549820285447
2025-12-25 20:00:00,74.05910603451757
2025-12-25 21:00:00,77.44674380185565
2025-12-25 22:00:00,79.41598318807998
2025-12-25 23:00:00,84.33027004155994
2025-12-26 00:00:00,95.65650253197816
2025-12-26 01:00:00,94.92773902840898
2025-12-26 02:00:00,107.3569415404404
2025-12-26 03:00:00,110.3969292466986
2025-12-26 04:00:00,116.1103041305013
2025-12-26 05:00:00,108.8733385402275
2025-12-26 06:00:00,120.8639221023416
2025-12-26 07:00:00,112.2395490623902
2025-12-26 08:00:00,112.3249075565583
2025-12-26 09:00:00,109.6024755682
2025-12-26 10:00:00,112.0105695540139
2025-12-26 11:00:00,94.76247230662682
2025-12-26 12:00:00,97.12227987603315
2025-12-26 13:00:00,83.03758556571067
2025-12-26 14:00:00,78.66061755287318
2025-12-26 15:00:00,66.8656171469889
2025-12-26 16:00:00,64.27489620948214
2025-12-26 17:00:00,56.01948955549069
2025-12-26 18:00:00,50.29467254703383
2025-12-26 19:00:00,51.42555100684231
2025-12-26 20:00:00,60.58628700072556
2025-12-26 21:00:00,62.19684799632609
2025-12-26 22:00:00,73.77131879114177
2025-12-26 23:00:00,73.07697583398814
2025-12-27 00:00:00,87.14737752496659
2025-12-27 01:00:00,93.58843880375677
2025-12-27 02:00:00,93.57071957528237
2025-12-27 03:00:00,100.8844807104104
2025-12-27 04:00:00,112.2948109517872
2025-12-27 05:00:00,121.4891333800727
2025-12-27 06:00:00,107.2815901412328
2025-12-27 07:00:00,115.0580622395555
2025-12-27 08:00:00,116.3150255532559
2025-12-27 09:00:00,104.6318624498137
2025-12-27 10:00:00,95.60531857071156
2025-12-27 11:00:00,97.98145438504912
2025-12-27 12:00:00,77.91544962133716
2025-12-27 13:00:00,74.81391717315705
2025-12-27 14:00:00,70.53543562860644
2025-12-27 15:00:00,64.72700106699602
2025-12-27 16:00:00,55.83641315380115
2025-12-27 17:00:00,52.75262523901727
2025-12-27 18:00:00,51.1312986233517
2025-12-27 19:00:00,48.74869573296977
2025-12-27 20:00:00,54.78548078195728
2025-12-27 21:00:00,60.57054120512073
2025-12-27 22:00:00,62.28799845367377
2025-12-27 23:00:00,63.32947451044139
2025-12-28 00:00:00,82.39627562721248
2025-12-28 01:00:00,92.88738764702745
2025-12-28 02:00:00,98.7136045026173
2025-12-28 03:00:00,106.2774466298674
2025-12-28 04:00:00,107.3504075300519
2025-12-28 05:00:00,114.1498814385709
2025-12-28 06:00:00,120.7535346307175
2025-12-28 07:00:00,119.1519852053474
2025-12-28 08:00:00,114.0282248866457
2025-12-28 09:00:00,108.4943686361727
2025-12-28 10:00:00,110.588484540332
2025-12-28 11:00:00,94.97955035330483
2025-12-28 12:00:00,94.3353802282332
2025-12-28 13:00:00,89.60077041211969
2025-12-28 14:00:00,70.42842181280233
2025-12-28 15:00:00,75.46602573112214
2025-12-28 16:00:00,61.48596174818535
2025-12-28 17:00:00,58.0321193364897
2025-12-28 18:00:00,68.70097472963468
2025-12-28 19:00:00,70.98957939722855
2025-12-28 20:00:00,76.04560542802487
2025-12-28 21:00:00,73.71681941777925
2025-12-28 22:00:00,84.54762104322423
2025-12-28 23:00:00,89.33538896572136
2025-12-29 00:00:00,104.1858104511936
2025-12-29 01:00:00,102.9338603778652
2025-12-29 02:00:00,126.5587474120813
2025-12-29 03:00:00,121.6215107830161
2025-12-29 04:00:00,136.3115261244691
2025-12-29 05:00:00,124.8002527320661
2025-12-29 06:00:00,123.7830676262099
2025-12-29 07:00:00,129.982126725306
2025-12-29 08:00:00,133.7528190986255
2025-12-29 09:00:00,111.7562422051309
2025-12-29 10:00:00,127.547147911708
2025-12-29 11:00:00,114.3889752304872
2025-12-29 12:00:00,101.4594951040485
2025-12-29 13:00:00,96.72891538547472
2025-12-29 14:00:00,93.87083280866499
2025-12-29 15:00:00,86.87568893168458
2025-12-29 16:00:00,87.86065099476922
2025-12-29 17:00:00,74.06374816639104
2025-12-29 18:00:00,81.50108883579921
2025-12-29 19:00:00,86.48744470424577
2025-12-29 20:00:00,83.53656279658752
2025-12-29 21:00:00,86.08002285762937
2025-12-29 22:00:00,103.8033462697417
2025-12-29 23:00:00,99.01570495119554
2025-12-30 00:00:00,124.439724791778
2025-12-30 01:00:00,135.2310285242619
2025-12-30 02:00:00,129.277285663986
2025-12-30 03:00:00,143.9359456118789
2025-12-30 04:00:00,157.7598117433726
2025-12-30 05:00:00,150.8931289762702
2025-12-30 06:00:00,145.2154706027204
2025-12-30 07:00:00,149.2389843175218
2025-12-30 08:00:00,131.9209856172011
2025-12-30 09:00:00,134.5044589034297
2025-12-30 10:00:00,140.0342982322551
2025-12-30 11:00:00,113.1200157523205
2025-12-30 12:00:00,109.0497239232986
2025-12-30 13:00:00,107.0374384628501
2025-12-30 14:00:00,98.60399504136537
2025-12-30 15:00:00,94.03923448252023
2025-12-30 16:00:00,99.89750066655786
2025-12-30 17:00:00,98.48556829960457
2025-12-30 18:00:00,95.2520670328361
2025-12-30 19:00:00,94.4162493086145
2025-12-30 20:00:00,90.0475171761596
2025-12-30 21:00:00,99.26891427689402
2025-12-30 22:00:00,119.6702714945364
2025-12-30 23:00:00,119.4873668465135
2025-12-31 00:00:00,114.6589268719697
2025-12-31 01:00:00,138.9892565895747
2025-12-31 02:00:00,152.7947729060066
2025-12-31 03:00:00,158.2212375221099
2025-12-31 04:00:00,157.4492839594558
2025-12-31 05:00:00,158.6160789887589
2025-12-31 06:00:00,149.11019130376
2025-12-31 07:00:00,154.9789773580818
2025-12-31 08:00:00,150.856680365454
2025-12-31 09:00:00,142.2040532913732
2025-12-31 10:00:00,124.6697518476143
2025-12-31 11:00:00,117.1759464068743
2025-12-31 12:00:00,109.7657186604464
2025-12-31 13:00:00,117.7175926748847
2025-12-31 14:00:00,103.4143826091461
2025-12-31 15:00:00,102.5641797827501
2025-12-31 16:00:00,87.72007339395051
2025-12-31 17:00:00,77.74359609175022
2025-12-31 18:00:00,89.4643203486091
2025-12-31 19:00:00,83.16769443483612
2025-12-31 20:00:00,85.80165318998095
2025-12-31 21:00:00,80.80219099691908
2025-12-31 22:00:00,90.16585492485386
2025-12-31 23:00:00,88.53338119062063
2026-01-01 00:00:00,103.8472397733002
2026-01-01 01:00:00,119.8070626870752
2026-01-01 02:00:00,109.4419649762447
2026-01-01 03:00:00,122.0737030493201
2026-01-01 04:00:00,138.4277694590306
2026-01-01 05:00:00,145.8375123776627
2026-01-01 06:00:00,121.3468653875765
2026-01-01 07:00:00,138.1341592596962
2026-01-01 08:00:00,123.6377163869262
2026-01-01 09:00:00,131.0573187516063
2026-01-01 10:00:00,114.9830358165575
2026-01-01 11:00:00,102.4029530401729
2026-01-01 12:00:00,110.5941715746068
2026-01-01 13:00:00,87.14840024826368
2026-01-01 14:00:00,88.30878983903277
2026-01-01 15:00:00,81.54304763652789
2026-01-01 16:00:00,77.17810022316118
2026-01-01 17:00:00,63.47470916101344
2026-01-01 18:00:00,69.23485835050965
2026-01-01 19:00:00,66.92957620464628
2026-01-01 20:00:00,74.37689366824743
2026-01-01 21:00:00,79.86136174496426
2026-01-01 22:00:00,86.21405436512167
2026-01-01 23:00:00,92.78702749861127
2026-01-02 00:00:00,86.02856250692975
2026-01-02 01:00:00,103.4325324983083
2026-01-02 02:00:00,115.8186977583974
2026-01-02 03:00:00,114.2658945109914
2026-01-02 04:00:00,108.1063291483139
2026-01-02 05:00:00,107.3633194759844
2026-01-02 06:00:00,115.4984680460054
2026-01-02 07:00:00,123.2254642139074
2026-01-02 08:00:00,106.9718032320288
2026-01-02 09:00:00,112.448804641529
2026-01-02 10:00:00,94.35730845626559
2026-01-02 11:00:00,97.37854060363581
2026-01-02 12:00:00,82.05987077276566
2026-01-02 13:00:00,80.60012709002841
2026-01-02 14:00:00,71.68148186303704
2026-01-02 15:00:00,59.64817753210494
2026-01-02 16:00:00,61.3320587929906
2026-01-02 17:00:00,50.54797103769047
2026-01-02 18:00:00,57.63555146577043
2026-01-02 19:00:00,50.62959666977522
2026-01-02 20:00:00,61.39848658610238
2026-01-02 21:00:00,60.73633345150436
2026-01-02 22:00:00,69.41766424002137
2026-01-02 23:00:00,78.6315797820649
2026-01-03 00:00:00,81.58047695133558
2026-01-03 01:00:00,99.09191125783956
2026-01-03 02:00:00,105.4289071801874
2026-01-03 03:00:00,114.5536305766168
2026-01-03 04:00:00,114.659066732626
2026-01-03 05:00:00,101.6548435254859
2026-01-03 06:00:00,100.5370041027455
2026-01-03 07:00:00,119.2715569873153
2026-01-03 08:00:00,95.23738735740098
2026-01-03 09:00:00,107.1506159765122
2026-01-03 10:00:00,91.90173477749606
2026-01-03 11:00:00,81.5075083719787
2026-01-03 12:00:00,71.76617106138141
2026-01-03 13:00:00,73.91617378055084
2026-01-03 14:00:00,69.95361827647622
2026-01-03 15:00:00,52.62753857988032
2026-01-03 16:00:00,60.54930855462769
2026-01-03 17:00:00,53.26477979499639
2026-01-03 18:00:00,53.9101888805227
2026-01-03 19:00:00,57.24934943231099
2026-01-03 20:00:00,62.24824291607657
2026-01-03 21:00:00,73.62405425683771
2026-01-03 22:00:00,80.14820353001699
2026-01-03 23:00:00,79.7207554640008
2026-01-04 00:00:00,90.46664866448513
2026-01-04 01:00:00,103.9749937765989
2026-01-04 02:00:00,109.1956941979009
2026-01-04 03:00:00,115.6579503357372
2026-01-04 04:00:00,113.4086873022425
2026-01-04 05:00:00,122.50326594223
2026-01-04 06:00:00,114.8468910280216
2026-01-04 07:00:00,112.156405313617
2026-01-04 08:00:00,105.7648898686007
2026-01-04 09:00:00,100.9466770802625
2026-01-04 10:00:00,104.6628285100869
2026-01-04 11:00:00,91.77628357253023
2026-01-04 12:00:00,90.8240144196961
2026-01-04 13:00:00,82.10281013211586
2026-01-04 14:00:00,76.00184099325259
2026-01-04 15:00:00,75.8338608114102
2026-01-04 16:00:00,72.87056019414122
2026-01-04 17:00:00,70.39877129792917
2026-01-04 18:00:00,66.83054766158374
2026-01-04 19:00:00,69.81555954192952
2026-01-04 20:00:00,78.3778269103641
2026-01-04 21:00:00,70.58405490854058
2026-01-04 22:00:00,75.82059293807886
2026-01-04 23:00:00,97.22013351851511
2026-01-05 00:00:00,93.94431977203962
2026-01-05 01:00:00,117.1795785046677
2026-01-05 02:00:00,117.978128714538
2026-01-05 03:00:00,122.6384501729743
2026-01-05 04:00:00,130.6210470881846
2026-01-05 05:00:00,139.6654823050439
2026-01-05 06:00:00,143.7395422158779
2026-01-05 07:00:00,129.329801496338
2026-01-05 08:00:00,148.3139775862944
2026-01-05 09:00:00,134.9452891808921
2026-01-05 10:00:00,123.8239988188812
2026-01-05 11:00:00,110.2280649842403
2026-01-05 12:00:00,116.7206158754686
2026-01-05 13:00:00,108.8649658691136
2026-01-05 14:00:00,99.93270337386949
2026-01-05 15:00:00,96.45222809759832
2026-01-05 16:00:00,93.6149098040722
2026-01-05 17:00:00,78.61705853425009
2026-01-05 18:00:00,81.57418351953726
2026-01-05 19:00:00,87.16975282186621
2026-01-05 20:00:00,85.90754858578808
2026-01-05 21:00:00,93.74838404508198
2026-01-05 22:00:00,115.4998156177552
2026-01-05 23:00:00,117.9763170277771
2026-01-06 00:00:00,117.0469727980211
2026-01-06 01:00:00,130.5664463646486
2026-01-06 02:00:00,147.6458185991369
2026-01-06 03:00:00,148.163053095132
2026-01-06 04:00:00,147.5994972892211
2026-01-06 05:00:00,142.2075906386096
2026-01-06 06:00:00,156.0669388783161
2026-01-06 07:00:00,162.9484896481597
2026-01-06 08:00:00,133.2063824636859
2026-01-06 09:00:00,136.7541539392245
2026-01-06 10:00:00,146.7392838851766
2026-01-06 11:00:00,141.0928410556769
2026-01-06 12:00:00,114.6292947818886
2026-01-06 13:00:00,110.7140718992181
2026-01-06 14:00:00,111.0295668465393
2026-01-06 15:00:00,107.7593082128204
2026-01-06 16:00:00,101.0350860305868
2026-01-06 17:00:00,100.5867788670414
2026-01-06 18:00:00,95.54269081442291
2026-01-06 19:00:00,94.74605405021087
2026-01-06 20:00:00,92.64872154756733
2026-01-06 21:00:00,105.0850650505007
2026-01-06 22:00:00,96.9709908502012
2026-01-06 23:00:00,107.2403973573138
2026-01-07 00:00:00,110.5853194697606
2026-01-07 01:00:00,136.1081006256948
2026-01-07 02:00:00,134.4985586974366
2026-01-07 03:00:00,134.7526102072636
2026-01-07 04:00:00,152.0232915626603
2026-01-07 05:00:00,149.2461055030996
2026-01-07 06:00:00,136.0741723872613
2026-01-07 07:00:00,156.2012530452128
2026-01-07 08:00:00,154.0265882967595
2026-01-07 09:00:00,146.9352570180779
2026-01-07 10:00:00,139.4650730012716
2026-01-07 11:00:00,123.3659147163462
2026-01-07 12:00:00,116.6249333681065
2026-01-07 13:00:00,104.8075127984344
2026-01-07 14:00:00,105.3972039406151
2026-01-07 15:00:00,86.8751161236746
2026-01-07 16:00:00,90.46645842327548
2026-01-07 17:00:00,91.64798193315495
2026-01-07 18:00:00,78.04681782077232
2026-01-07 19:00:00,81.56922898773831
2026-01-07 20:00:00,93.16207898111695
2026-01-07 21:00:00,98.3878735463992
2026-01-07 22:00:00,109.6053860050625
2026-01-07 23:00:00,101.6196882503971
2026-01-08 00:00:00,107.0227256881753
2026-01-08 01:00:00,123.0631177764619
2026-01-08 02:00:00,116.7137193108539
2026-01-08 03:00:00,141.6495446192413
2026-01-08 04:00:00,142.0380012151833
2026-01-08 05:00:00,135.9803438729936
2026-01-08 06:00:00,147.288750565162
2026-01-08 07:00:00,146.5099117577818
2026-01-08 08:00:00,141.3713406309892
2026-01-08 09:00:00,131.6223565878882
2026-01-08 10:00:00,112.0046102859319
2026-01-08 11:00:00,103.4084161054986
2026-01-08 12:00:00,110.9631590694716
2026-01-08 13:00:00,86.94770002404616
2026-01-08 14:00:00,85.39238943204487
2026-01-08 15:00:00,86.34638774333061
2026-01-08 16:00:00,72.10250304727907
2026-01-08 17:00:00,70.65707063138211
2026-01-08 18:00:00,61.34737949598865
2026-01-08 19:00:00,64.41856137710208
2026-01-08 20:00:00,73.54439289706427
2026-01-08 21:00:00,70.40650594814433
2026-01-08 22:00:00,78.60916875338644
2026-01-08 23:00:00,74.74859773072258
2026-01-09 00:00:00,95.49450948681634
2026-01-09 01:00:00,94.50706009899717
2026-01-09 02:00:00,105.2543307175807
2026-01-09 03:00:00,105.5780800277071
2026-01-09 04:00:00,106.2939645505804
2026-01-09 05:00:00,108.6259242466666
2026-01-09 06:00:00,118.3106091728984
2026-01-09 07:00:00,108.8859908226624
2026-01-09 08:00:00,117.7861508562352
2026-01-09 09:00:00,116.5976460561983
2026-01-09 10:00:00,112.7560308014825
2026-01-09 11:00:00,92.42416083831476
2026-01-09 12:00:00,95.77319600721859
2026-01-09 13:00:00,72.33769745087288
2026-01-09 14:00:00,72.50270467662668
2026-01-09 15:00:00,62.6052208299604
2026-01-09 16:00:00,56.96129465637708
2026-01-09 17:00:00,52.8732777927312
2026-01-09 18:00:00,52.05314874587617
2026-01-09 19:00:00,58.96734291053522
2026-01-09 20:00:00,65.73000697772119
2026-01-09 21:00:00,62.93725493512798
2026-01-09 22:00:00,67.26530948221617
2026-01-09 23:00:00,78.38828678820218
2026-01-10 00:00:00,80.19675043163838
2026-01-10 01:00:00,95.53192007080055
2026-01-10 02:00:00,103.3814964159599
2026-01-10 03:00:00,111.9104563075767
2026-01-10 04:00:00,108.4710529408599
2026-01-10 05:00:00,108.4896341698529
2026-01-10 06:00:00,123.5012614420986
2026-01-10 07:00:00,122.5898151523029
2026-01-10 08:00:00,118.4410339525945
2026-01-10 09:00:00,108.3312331994626
2026-01-10 10:00:00,93.56517959627013
2026-01-10 11:00:00,96.83173776520808
2026-01-10 12:00:00,78.63362216612859
2026-01-10 13:00:00,82.8478116615758
2026-01-10 14:00:00,75.87729889987025
2026-01-10 15:00:00,64.92639366208385
2026-01-10 16:00:00,55.95371560926748
2026-01-10 17:00:00,56.30870871298657
2026-01-10 18:00:00,59.48753912905688
2026-01-10 19:00:00,61.17776270341295
2026-01-10 20:00:00,63.84105326657466
2026-01-10 21:00:00,66.6484734743756
2026-01-10 22:00:00,75.18282246599946
2026-01-10 23:00:00,81.23923140376584
2026-01-11 00:00:00,82.17539072969558
2026-01-11 01:00:00,91.84343089658714
2026-01-11 02:00:00,94.27463321770138
2026-01-11 03:00:00,107.9858770094728
2026-01-11 04:00:00,120.6662211272748
2026-01-11 05:00:00,109.2424517760518
2026-01-11 06:00:00,133.9755047557392
2026-01-11 07:00:00,111.7841051067096
2026-01-11 08:00:00,123.2085705184501
2026-01-11 09:00:00,108.4906076567612
2026-01-11 10:00:00,106.5831951721179
2026-01-11 11:00:00,117.4500892145332
2026-01-11 12:00:00,100.8693758734475
2026-01-11 13:00:00,91.08823968088514
2026-01-11 14:00:00,82.14244269014878
2026-01-11 15:00:00,75.31653760638734
2026-01-11 16:00:00,80.62450141634315
2026-01-11 17:00:00,78.26903743181909
2026-01-11 18:00:00,69.94162190263307
2026-01-11 19:00:00,78.11925899772903
2026-01-11 20:00:00,81.94102029350421
2026-01-11 21:00:00,81.7785068704859
2026-01-11 22:00:00,90.8548046822797
2026-01-11 23:00:00,90.65599956434983
2026-01-12 00:00:00,101.8080833823636
2026-01-12 01:00:00,106.6064187604639
2026-01-12 02:00:00,110.2716265606912
2026-01-12 03:00:00,114.2546473463965
2026-01-12 04:00:00,121.2499675052749
2026-01-12 05:00:00,142.902117819944
2026-01-12 06:00:00,150.3424249377723
2026-01-12 07:00:00,130.9627991528247
2026-01-12 08:00:00,138.7126062887338
2026-01-12 09:00:00,136.9788070996485
2026-01-12 10:00:00,145.9504181497792
2026-01-12 11:00:00,122.1992444423463
2026-01-12 12:00:00,132.9262094951104
2026-01-12 13:00:00,120.6369548342588
2026-01-12 14:00:00,104.6609702912102
2026-01-12 15:00:00,109.4541595596674
2026-01-12 16:00:00,96.87667758727503
2026-01-12 17:00:00,92.86486917132063
2026-01-12 18:00:00,97.16849898457463
2026-01-12 19:00:00,86.9742122046471
2026-01-12 20:00:00,98.13771884729088
2026-01-12 21:00:00,90.3823380385164
2026-01-12 22:00:00,93.76206724379276
2026-01-12 23:00:00,104.6811025052099
2026-01-13 00:00:00,119.4619473834883
2026-01-13 01:00:00,117.8029421505393
2026-01-13 02:00:00,138.6231558818951
2026-01-13 03:00:00,128.3280383603656
2026-01-13 04:00:00,154.6134228582321
2026-01-13 05:00:00,158.9956798667285
2026-01-13 06:00:00,153.412047130615
2026-01-13 07:00:00,145.630998187189
2026-01-13 08:00:00,160.919936913441
2026-01-13 09:00:00,143.8997766941732
2026-01-13 10:00:00,151.0747123540152
2026-01-13 11:00:00,141.3319514409608
2026-01-13 12:00:00,127.7080502338131
2026-01-13 13:00:00,120.2327342932956
2026-01-13 14:00:00,116.2539958930145
2026-01-13 15:00:00,119.2217428736318
2026-01-13 16:00:00,105.0198551293197
2026-01-13 17:00:00,95.19595886868831
2026-01-13 18:00:00,88.13573935734364
2026-01-13 19:00:00,94.36981977375417
2026-01-13 20:00:00,98.6821358445072
2026-01-13 21:00:00,93.09153063026615
2026-01-13 22:00:00,100.9651645677619
2026-01-13 23:00:00,107.8271209955461
2026-01-14 00:00:00,124.2103762227947
2026-01-14 01:00:00,134.0760861477892
2026-01-14 02:00:00,129.3921708623498
2026-01-14 03:00:00,146.4197647414698
2026-01-14 04:00:00,158.178002163739
2026-01-14 05:00:00,160.4358516701861
2026-01-14 06:00:00,157.2833478775254
2026-01-14 07:00:00,160.7681764490079
2026-01-14 08:00:00,165.7773450406048
2026-01-14 09:00:00,150.0908188926658
2026-01-14 10:00:00,148.9724175943673
2026-01-14 11:00:00,120.8817786676364
2026-01-14 12:00:00,135.8641049925817
2026-01-14 13:00:00,127.1283044795192
2026-01-14 14:00:00,110.3525080321516
2026-01-14 15:00:00,98.56943415952607
2026-01-14 16:00:00,92.3589645444268
2026-01-14 17:00:00,89.77271945449267
2026-01-14 18:00:00,84.49261021940706
2026-01-14 19:00:00,84.9001601211545
2026-01-14 20:00:00,80.73539368100502
2026-01-14 21:00:00,84.70914678828747
2026-01-14 22:00:00,90.7016834438619
2026-01-14 23:00:00,106.3274979672202
2026-01-15 00:00:00,116.5765291701728
2026-01-15 01:00:00,122.974276374631
2026-01-15 02:00:00,130.9083814528863
2026-01-15 03:00:00,128.3404790618804
2026-01-15 04:00:00,134.068215451835
2026-01-15 05:00:00,131.731768221284
2026-01-15 06:00:00,146.1143949048114
2026-01-15 07:00:00,150.6349302475019
2026-01-15 08:00:00,146.0409602701655
2026-01-15 09:00:00,132.7581785394983
2026-01-15 10:00:00,132.4392609088468
2026-01-15 11:00:00,114.6247654679081
2026-01-15 12:00:00,111.6721884916771
2026-01-15 13:00:00,92.25792899566602
2026-01-15 14:00:00,91.28414920292279
2026-01-15 15:00:00,86.2502454330679
2026-01-15 16:00:00,75.79326425026883
2026-01-15 17:00:00,67.12271313400801
2026-01-15 18:00:00,72.38650166510004
2026-01-15 19:00:00,65.55978758622794
2026-01-15 20:00:00,66.0172674362774
2026-01-15 21:00:00,73.87919169204298
2026-01-15 22:00:00,85.55483373114187
2026-01-15 23:00:00,78.7950267691074
2026-01-16 00:00:00,92.87934397187885
2026-01-16 01:00:00,106.7935834701051
2026-01-16 02:00:00,117.8487189472359
2026-01-16 03:00:00,112.9264537095728
2026-01-16 04:00:00,112.8412490579634
2026-01-16 05:00:00,110.1140011206133
2026-01-16 06:00:00,129.9444652978701
2026-01-16 07:00:00,133.5880812868226
2026-01-16 08:00:00,112.7353511963505
2026-01-16 09:00:00,108.6280194324944
2026-01-16 10:00:00,103.540473326838
2026-01-16 11:00:00,108.6854893318103
2026-01-16 12:00:00,100.7366470911046
2026-01-16 13:00:00,80.5330494051671
2026-01-16 14:00:00,72.88204718485606
2026-01-16 15:00:00,68.60805253983821
2026-01-16 16:00:00,59.60974612973307
2026-01-16 17:00:00,61.51899680833188
2026-01-16 18:00:00,62.06241950269909
2026-01-16 19:00:00,59.86436598019307
2026-01-16 20:00:00,60.82877107860595
2026-01-16 21:00:00,72.67990921800298
2026-01-16 22:00:00,72.02070265773284
2026-01-16 23:00:00,78.48439951055157
2026-01-17 00:00:00,84.78784080422037
2026-01-17 01:00:00,98.00722107174649
2026-01-17 02:00:00,100.7672720481772
2026-01-17 03:00:00,101.3943406429611
2026-01-17 04:00:00,103.5832434823827
2026-01-17 05:00:00,121.1261933033364
2026-01-17 06:00:00,117.0447911063373
2026-01-17 07:00:00,123.2435321287541
2026-01-17 08:00:00,114.0075610333787
2026-01-17 09:00:00,120.1849045488773
2026-01-17 10:00:00,103.401569575772
2026-01-17 11:00:00,104.4781810051957
2026-01-17 12:00:00,87.2127563576602
2026-01-17 13:00:00,78.75058723459026
2026-01-17 14:00:00,81.69146238420622
2026-01-17 15:00:00,69.2678485070157
2026-01-17 16:00:00,70.94567307751274
2026-01-17 17:00:00,62.00689412657479
2026-01-17 18:00:00,59.26868134399544
2026-01-17 19:00:00,63.50651608266286
2026-01-17 20:00:00,68.97464648046892
2026-01-17 21:00:00,73.83736305879201
2026-01-17 22:00:00,75.24438387530611
2026-01-17 23:00:00,80.09831964668093
2026-01-18 00:00:00,84.38594996359647
2026-01-18 01:00:00,97.7105329202822
2026-01-18 02:00:00,101.7082996964578
2026-01-18 03:00:00,103.1034113840307
2026-01-18 04:00:00,121.5348452704002
2026-01-18 05:00:00,111.4883208593886
2026-01-18 06:00:00,132.7686382710682
2026-01-18 07:00:00,132.4463817094069
2026-01-18 08:00:00,132.1837828413003
2026-01-18 09:00:00,116.8122628849057
2026-01-18 10:00:00,116.6218075110435
2026-01-18 11:00:00,105.0671738122544
2026-01-18 12:00:00,111.5119091074145
2026-01-18 13:00:00,105.4610500786721
2026-01-18 14:00:00,83.09080038689136
2026-01-18 15:00:00,94.23886925810598
2026-01-18 16:00:00,77.98996899388386
2026-01-18 17:00:00,84.60924013045386
2026-01-18 18:00:00,74.17890243251911
2026-01-18 19:00:00,76.13968243762152
2026-01-18 20:00:00,72.6088275917062
2026-01-18 21:00:00,82.4666974343695
2026-01-18 22:00:00,82.68581634445667
2026-01-18 23:00:00,101.7367230439603
2026-01-19 00:00:00,101.2117240990325
2026-01-19 01:00:00,110.0580036940567
2026-01-19 02:00:00,116.1156194074182
2026-01-19 03:00:00,117.0787935438641
2026-01-19 04:00:00,134.2763714631496
2026-01-19 05:00:00,145.5923272525207
2026-01-19 06:00:00,156.5756028009876
2026-01-19 07:00:00,146.3410839659987
2026-01-19 08:00:00,133.9107072883299
2026-01-19 09:00:00,142.1547534531338
2026-01-19 10:00:00,123.8049769606672
2026-01-19 11:00:00,120.1119179800106
2026-01-19 12:00:00,115.2468014163118
2026-01-19 13:00:00,102.2243559474367
2026-01-19 14:00:00,111.367474836308
2026-01-19 15:00:00,102.5611152012963
2026-01-19 16:00:00,87.65633135932354
2026-01-19 17:00:00,88.19114550944471
2026-01-19 18:00:00,91.29945799891469
2026-01-19 19:00:00,88.85493185810526
2026-01-19 20:00:00,94.00410287874115
2026-01-19 21:00:00,107.3385090301527
2026-01-19 22:00:00,120.1412909893311
2026-01-19 23:00:00,111.9059850248205
2026-01-20 00:00:00,133.4301655269783
2026-01-20 01:00:00,122.8623647007054
2026-01-20 02:00:00,139.7992324350551
2026-01-20 03:00:00,138.95280402145
2026-01-20 04:00:00,148.9526269695219
2026-01-20 05:00:00,161.2129808409579
2026-01-20 06:00:00,165.3986521840453
2026-01-20 07:00:00,150.1562348370997
2026-01-20 08:00:00,155.416883124252
2026-01-20 09:00:00,138.0757797645703
2026-01-20 10:00:00,135.5965805908629
2026-01-20 11:00:00,139.8807937603497
2026-01-20 12:00:00,130.4248328991253
2026-01-20 13:00:00,123.887131842234
2026-01-20 14:00:00,111.1642110420347
2026-01-20 15:00:00,98.05719199453335
2026-01-20 16:00:00,104.9766964715937
2026-01-20 17:00:00,99.69868393140513
2026-01-20 18:00:00,89.96282902568441
2026-01-20 19:00:00,100.4592149756981
2026-01-20 20:00:00,103.356193287418
2026-01-20 21:00:00,112.9285112269688
2026-01-20 22:00:00,105.0946828923355
2026-01-20 23:00:00,130.6588907180536
2026-01-21 00:00:00,122.5255751497685
2026-01-21 01:00:00,143.7788391206239
2026-01-21 02:00:00,142.470597370401
2026-01-21 03:00:00,147.2302609974579
2026-01-21 04:00:00,155.1835991620741
2026-01-21 05:00:00,147.6606309385762
2026-01-21 06:00:00,167.4698058171109
2026-01-21 07:00:00,150.8337889726729
2026-01-21 08:00:00,167.675040102651
2026-01-21 09:00:00,141.465474141949
2026-01-21 10:00:00,143.4544028486055
2026-01-21 11:00:00,145.2569009791718
2026-01-21 12:00:00,121.542134671817
2026-01-21 13:00:00,123.2169287850715
2026-01-21 14:00:00,103.9875636725255
2026-01-21 15:00:00,101.3587144786826
2026-01-21 16:00:00,101.9386601255207
2026-01-21 17:00:00,96.49169509217798
2026-01-21 18:00:00,94.13543279914785
2026-01-21 19:00:00,89.55325179411673
2026-01-21 20:00:00,99.07352688316297
2026-01-21 21:00:00,97.50931861716283
2026-01-21 22:00:00,100.3420043639038
2026-01-21 23:00:00,110.9584315603376
2026-01-22 00:00:00,126.5964050060864
2026-01-22 01:00:00,117.6669095068236
2026-01-22 02:00:00,125.7593819825383
2026-01-22 03:00:00,143.4105074207007
2026-01-22 04:00:00,147.0789967910525
2026-01-22 05:00:00,141.2302865123042
2026-01-22 06:00:00,132.507861594019
2026-01-22 07:00:00,141.962981481614
2026-01-22 08:00:00,127.9156601551829
2026-01-22 09:00:00,131.1316184093273
2026-01-22 10:00:00,114.5645441216064
2026-01-22 11:00:00,115.8748365051302
2026-01-22 12:00:00,111.5467744499985
2026-01-22 13:00:00,94.42954763200133
2026-01-22 14:00:00,90.3992354927019
2026-01-22 15:00:00,92.80874713029363
2026-01-22 16:00:00,82.70378385349787
2026-01-22 17:00:00,77.70984584117731
2026-01-22 18:00:00,82.48609485508753
2026-01-22 19:00:00,77.80114268833381
2026-01-22 20:00:00,75.50715688166979
2026-01-22 21:00:00,91.32343368646632
2026-01-22 22:00:00,93.78776801338456
2026-01-22 23:00:00,106.0531020052666
2026-01-23 00:00:00,113.5040197436046
2026-01-23 01:00:00,109.5471929950181
2026-01-23 02:00:00,127.3090887060028
2026-01-23 03:00:00,110.6903307912494
2026-01-23 04:00:00,120.0988431424614
2026-01-23 05:00:00,115.6013093518547
2026-01-23 06:00:00,120.9506313484331
2026-01-23 07:00:00,127.3223421494083
2026-01-23 08:00:00,121.2049258908341
2026-01-23 09:00:00,110.1342239985816
2026-01-23 10:00:00,119.3845086845288
2026-01-23 11:00:00,97.49550364159005
2026-01-23 12:00:00,100.7667288124994
2026-01-23 13:00:00,88.70442218753688
2026-01-23 14:00:00,78.54164631884557
2026-01-23 15:00:00,74.24705736140567
2026-01-23 16:00:00,62.7929011647231
2026-01-23 17:00:00,67.75678741670033
2026-01-23 18:00:00,65.38521738283515
2026-01-23 19:00:00,63.23307361460906
2026-01-23 20:00:00,61.72668561160541
2026-01-23 21:00:00,70.02092238285009
2026-01-23 22:00:00,81.4249890322151
2026-01-23 23:00:00,80.17684405950503
2026-01-24 00:00:00,88.39501884871915
2026-01-24 01:00:00,94.58687115019407
2026-01-24 02:00:00,112.4777556925824
2026-01-24 03:00:00,115.0313774707325
2026-01-24 04:00:00,118.8304717079701
2026-01-24 05:00:00,114.5742574652627
2026-01-24 06:00:00,128.9602225835031
2026-01-24 07:00:00,117.1608387270717
2026-01-24 08:00:00,117.5365242152306
2026-01-24 09:00:00,108.3870557296466
2026-01-24 10:00:00,112.2003275348345
2026-01-24 11:00:00,98.82336353662849
2026-01-24 12:00:00,91.21995298764222
2026-01-24 13:00:00,82.39333702221064
2026-01-24 14:00:00,70.70077378370986
2026-01-24 15:00:00,74.65746314630779
2026-01-24 16:00:00,62.76652200090002
2026-01-24 17:00:00,62.96454748733427
2026-01-24 18:00:00,56.31150302403098
2026-01-24 19:00:00,60.37472609488218
2026-01-24 20:00:00,63.85061185699971
2026-01-24 21:00:00,75.58268749013948
2026-01-24 22:00:00,79.2151922533871
2026-01-24 23:00:00,92.77299668866831
2026-01-25 00:00:00,92.8349331879557
2026-01-25 01:00:00,103.9027990225507
2026-01-25 02:00:00,104.460562894804
2026-01-25 03:00:00,122.827795121465
2026-01-25 04:00:00,134.9493163059047
2026-01-25 05:00:00,118.5894559557912
2026-01-25 06:00:00,119.7631418859466
2026-01-25 07:00:00,138.8747386507843
2026-01-25 08:00:00,121.7662227847164
2026-01-25 09:00:00,109.6284037483789
2026-01-25 10:00:00,116.7378841940626
2026-01-25 11:00:00,110.5708411126902
2026-01-25 12:00:00,96.85164847411185
2026-01-25 13:00:00,87.0767184903783
2026-01-25 14:00:00,80.4326042976997
2026-01-25 15:00:00,86.57989432918026
2026-01-25 16:00:00,76.61933903111495
2026-01-25 17:00:00,76.95760681315906
2026-01-25 18:00:00,69.4186536712461
2026-01-25 19:00:00,82.16598041283532
2026-01-25 20:00:00,84.54911995378095
2026-01-25 21:00:00,85.44150282705934
2026-01-25 22:00:00,83.31196962546521
2026-01-25 23:00:00,106.7411266271252
2026-01-26 00:00:00,114.2707098038549
2026-01-26 01:00:00,112.8730869573019
2026-01-26 02:00:00,113.8549822634377
2026-01-26 03:00:00,143.2898528369279
2026-01-26 04:00:00,145.5356949295727
2026-01-26 05:00:00,149.8434948638738
2026-01-26 06:00:00,143.2921181237465
2026-01-26 07:00:00,145.6417297832816
2026-01-26 08:00:00,143.6591348649886
2026-01-26 09:00:00,129.3182768375518
2026-01-26 10:00:00,133.8349927987368
2026-01-26 11:00:00,124.7378855141114
2026-01-26 12:00:00,126.0066090958721
2026-01-26 13:00:00,103.3127307141513
2026-01-26 14:00:00,94.83346598511149
2026-01-26 15:00:00,105.9157426645826
2026-01-26 16:00:00,97.25123727576475
2026-01-26 17:00:00,95.3710139853437
2026-01-26 18:00:00,90.33112969229575
2026-01-26 19:00:00,89.88659986832387
2026-01-26 20:00:00,92.31710480505666
2026-01-26 21:00:00,98.74291677834509
2026-01-26 22:00:00,112.8945159797995
2026-01-26 23:00:00,113.1300297601465
2026-01-27 00:00:00,140.4721318166543
2026-01-27 01:00:00,128.5199533042989
2026-01-27 02:00:00,157.989233512975
2026-01-27 03:00:00,162.9366705356844
2026-01-27 04:00:00,150.8577838563708
2026-01-27 05:00:00,143.6819267706244
2026-01-27 06:00:00,158.9338032733236
2026-01-27 07:00:00,143.0772034365953
2026-01-27 08:00:00,144.9764302064835
2026-01-27 09:00:00,153.7907316934331
2026-01-27 10:00:00,137.3274449433681
2026-01-27 11:00:00,146.1824637601173
2026-01-27 12:00:00,140.0034678142499
2026-01-27 13:00:00,114.8653307707721
2026-01-27 14:00:00,120.2556978110627
2026-01-27 15:00:00,114.4955961921972
2026-01-27 16:00:00,111.8376983006226
2026-01-27 17:00:00,113.9257754875085
2026-01-27 18:00:00,105.7908955587295
2026-01-27 19:00:00,95.28439294970474
2026-01-27 20:00:00,107.3318077728662
2026-01-27 21:00:00,112.2932871768161
2026-01-27 22:00:00,123.9485677599434
2026-01-27 23:00:00,111.3881404896009
2026-01-28 00:00:00,132.3565088474965
2026-01-28 01:00:00,132.4394860964582
2026-01-28 02:00:00,145.7531213192638
2026-01-28 03:00:00,151.3730240700938
2026-01-28 04:00:00,150.6440648018268
2026-01-28 05:00:00,167.5594021972794
2026-01-28 06:00:00,161.2226947397159
2026-01-28 07:00:00,146.4775611301118
2026-01-28 08:00:00,144.1104144234519
2026-01-28 09:00:00,168.5666836856053
2026-01-28 10:00:00,158.7579364644837
2026-01-28 11:00:00,142.9676365057923
2026-01-28 12:00:00,141.0218257673286
2026-01-28 13:00:00,123.7700803255876
2026-01-28 14:00:00,127.3567522918935
2026-01-28 15:00:00,102.1311837433149
2026-01-28 16:00:00,107.0575276466125
2026-01-28 17:00:00,98.48894614277988
2026-01-28 18:00:00,98.08149644015943
2026-01-28 19:00:00,95.54155359528296
2026-01-28 20:00:00,93.0898333602799
2026-01-28 21:00:00,92.9670431295195
2026-01-28 22:00:00,110.35052136781
2026-01-28 23:00:00,104.2827338095657
2026-01-29 00:00:00,123.3531815240991
2026-01-29 01:00:00,121.1362202233246
2026-01-29 02:00:00,122.3288422838231
2026-01-29 03:00:00,150.3745069840002
2026-01-29 04:00:00,153.0339879476391
2026-01-29 05:00:00,135.0013243224322
2026-01-29 06:00:00,154.1771940470727
2026-01-29 07:00:00,151.2972227140793
2026-01-29 08:00:00,145.2659777649563
2026-01-29 09:00:00,135.6917631353792
2026-01-29 10:00:00,144.304842529532
2026-01-29 11:00:00,138.2799007224929
2026-01-29 12:00:00,130.12582471907
2026-01-29 13:00:00,121.0072071543695
2026-01-29 14:00:00,92.26224908478072
2026-01-29 15:00:00,89.24388922324
2026-01-29 16:00:00,82.377375936772
2026-01-29 17:00:00,80.48311547081391
2026-01-29 18:00:00,86.82388989992084
2026-01-29 19:00:00,82.8902466707026
2026-01-29 20:00:00,71.80107274611541
2026-01-29 21:00:00,75.11089573091634
2026-01-29 22:00:00,92.33909649619048
2026-01-29 23:00:00,88.72171488027519
2026-01-30 00:00:00,89.61936776160698
2026-01-30 01:00:00,97.69340895582948
2026-01-30 02:00:00,114.856710722234
2026-01-30 03:00:00,110.0947991874242
2026-01-30 04:00:00,125.853983757271
2026-01-30 05:00:00,131.4013563949861
2026-01-30 06:00:00,123.5668610574601
2026-01-30 07:00:00,132.2999879547063
2026-01-30 08:00:00,134.739645585612
2026-01-30 09:00:00,122.3300391371497
2026-01-30 10:00:00,126.353296603998
2026-01-30 11:00:00,99.2651258181832
2026-01-30 12:00:00,110.2426154625922
2026-01-30 13:00:00,95.24795676600449
2026-01-30 14:00:00,91.23329696866844
2026-01-30 15:00:00,79.68959485990491
2026-01-30 16:00:00,64.25720667031143
2026-01-30 17:00:00,68.17812567346276
2026-01-30 18:00:00,66.10464863684716
2026-01-30 19:00:00,65.34336328129932
2026-01-30 20:00:00,65.27219635510026
2026-01-30 21:00:00,74.3592380946823
2026-01-30 22:00:00,77.81297591083919
2026-01-30 23:00:00,82.09543064956631
2026-01-31 00:00:00,98.86793389259185
2026-01-31 01:00:00,112.0133123507344
2026-01-31 02:00:00,119.2457768511065
2026-01-31 03:00:00,112.711775364504
2026-01-31 04:00:00,109.3491345643208
2026-01-31 05:00:00,119.7792296631189
2026-01-31 06:00:00,128.2796915002597
2026-01-31 07:00:00,120.2512404498276
2026-01-31 08:00:00,111.4167378862744
2026-01-31 09:00:00,122.0519686170969
2026-01-31 10:00:00,104.1106134070159
2026-01-31 11:00:00,109.1644662685305
2026-01-31 12:00:00,94.05634399910828
2026-01-31 13:00:00,91.55894217101978
2026-01-31 14:00:00,82.32937115555156
2026-01-31 15:00:00,74.00788779586404
2026-01-31 16:00:00,64.2285135863764
2026-01-31 17:00:00,73.54643194186632
2026-01-31 18:00:00,66.3918631513558
2026-01-31 19:00:00,71.39102146867015
2026-01-31 20:00:00,65.03035584377271
2026-01-31 21:00:00,68.98986426136845
2026-01-31 22:00:00,75.3977927717563
2026-01-31 23:00:00,80.23931155004033
2026-02-01 00:00:00,92.62551023634931
2026-02-01 01:00:00,107.9652049475086
2026-02-01 02:00:00,104.6737411536476
2026-02-01 03:00:00,119.5933813364277
2026-02-01 04:00:00,124.9425264197066
2026-02-01 05:00:00,135.0433336230908
2026-02-01 06:00:00,131.9229511417954
2026-02-01 07:00:00,119.1638785351189
2026-02-01 08:00:00,122.6045372949428
2026-02-01 09:00:00,122.7544113726404
2026-02-01 10:00:00,123.9371131175677
2026-02-01 11:00:00,113.5170198839132
2026-02-01 12:00:00,116.6234575321574
2026-02-01 13:00:00,91.23302701715441
2026-02-01 14:00:00,94.68362389825765
2026-02-01 15:00:00,90.03648731441393
2026-02-01 16:00:00,75.69503101521799
2026-02-01 17:00:00,76.21052680616525
2026-02-01 18:00:00,87.95863358879458
2026-02-01 19:00:00,81.88515827910284
2026-02-01 20:00:00,92.77523709389264
2026-02-01 21:00:00,83.48257104898914
2026-02-01 22:00:00,105.1885826181778
2026-02-01 23:00:00,97.31465597715376
2026-02-02 00:00:00,119.999639229172
2026-02-02 01:00:00,117.0051098665594
2026-02-02 02:00:00,126.5088071954457
2026-02-02 03:00:00,137.4396021214361
2026-02-02 04:00:00,151.4309488552711
2026-02-02 05:00:00,137.4301638432639
2026-02-02 06:00:00,159.2342267244463
2026-02-02 07:00:00,153.2795602959571
2026-02-02 08:00:00,146.5169170269501
2026-02-02 09:00:00,140.379435256723
2026-02-02 10:00:00,141.8614405845091
2026-02-02 11:00:00,132.3835560041565
2026-02-02 12:00:00,108.0711064703477
2026-02-02 13:00:00,107.5895453492428
2026-02-02 14:00:00,98.6246816441968
2026-02-02 15:00:00,91.75543685437049
2026-02-02 16:00:00,92.54967374130322
2026-02-02 17:00:00,101.8251294756255
2026-02-02 18:00:00,93.83991439878346
2026-02-02 19:00:00,109.1343700849067
2026-02-02 20:00:00,107.4942822389531
2026-02-02 21:00:00,120.2880308342052
2026-02-02 22:00:00,122.3763477350852
2026-02-02 23:00:00,116.8343012950948
2026-02-03 00:00:00,141.6297440775429
2026-02-03 01:00:00,156.4145491895349
2026-02-03 02:00:00,161.9208174699098
2026-02-03 03:00:00,164.7023607766057
2026-02-03 04:00:00,167.6385899292808
2026-02-03 05:00:00,157.7281583466383
2026-02-03 06:00:00,159.1771216693314
2026-02-03 07:00:00,171.3882714025871
2026-02-03 08:00:00,148.2754117878566
2026-02-03 09:00:00,161.5597178132197
2026-02-03 10:00:00,151.5469718269053
2026-02-03 11:00:00,142.9418408380828
2026-02-03 12:00:00,118.7216297535429
2026-02-03 13:00:00,132.3163516631
2026-02-03 14:00:00,129.5456365241894
2026-02-03 15:00:00,107.5660931476751
2026-02-03 16:00:00,115.7090767876336
2026-02-03 17:00:00,114.1458914909962
2026-02-03 18:00:00,99.4999829094433
2026-02-03 19:00:00,113.9240209194989
2026-02-03 20:00:00,117.7268777609999
2026-02-03 21:00:00,117.2282925843981
2026-02-03 22:00:00,128.4076374212748
2026-02-03 23:00:00,137.49437009498
2026-02-04 00:00:00,120.9902648928467
2026-02-04 01:00:00,150.1000876249163
2026-02-04 02:00:00,159.7130756805794
2026-02-04 03:00:00,161.3564441028566
2026-02-04 04:00:00,163.2173748182879
2026-02-04 05:00:00,176.913221534388
2026-02-04 06:00:00,170.2930916794697
2026-02-04 07:00:00,159.5589041218927
2026-02-04 08:00:00,146.1444566731811
2026-02-04 09:00:00,155.0199676217746
2026-02-04 10:00:00,152.2825402817454
2026-02-04 11:00:00,126.9736034698962
2026-02-04 12:00:00,128.7984368194195
2026-02-04 13:00:00,109.829883394943
2026-02-04 14:00:00,114.3040144015767
2026-02-04 15:00:00,107.8478141108246
2026-02-04 16:00:00,98.39451170078401
2026-02-04 17:00:00,105.232819783386
2026-02-04 18:00:00,99.30928065457505
2026-02-04 19:00:00,100.039434188294
2026-02-04 20:00:00,108.5299450791914
2026-02-04 21:00:00,105.6061443673574
2026-02-04 22:00:00,126.2621510979351
2026-02-04 23:00:00,121.1885822299501
2026-02-05 00:00:00,139.2684584323265
2026-02-05 01:00:00,151.4068459078777
2026-02-05 02:00:00,140.5391594726721
2026-02-05 03:00:00,156.7880271501387
2026-02-05 04:00:00,149.4661622271282
2026-02-05 05:00:00,145.3705417421677
2026-02-05 06:00:00,155.5527043055818
2026-02-05 07:00:00,136.5550172088928
2026-02-05 08:00:00,138.5008627223437
2026-02-05 09:00:00,135.4069748158942
2026-02-05 10:00:00,135.8021003409993
2026-02-05 11:00:00,129.1478252135365
2026-02-05 12:00:00,116.6119041052641
2026-02-05 13:00:00,99.71968332485527
2026-02-05 14:00:00,103.4599028936259
2026-02-05 15:00:00,87.57781860680446
2026-02-05 16:00:00,88.16157814595668
2026-02-05 17:00:00,75.32506274096929
2026-02-05 18:00:00,76.25569377764762
2026-02-05 19:00:00,73.24366497562929
2026-02-05 20:00:00,84.14778029618556
2026-02-05 21:00:00,90.05370909037586
2026-02-05 22:00:00,88.48905851099168
2026-02-05 23:00:00,94.96764505890106
2026-02-06 00:00:00,109.310458212089
2026-02-06 01:00:00,114.2430634971861
2026-02-06 02:00:00,125.2868062790181
2026-02-06 03:00:00,120.2999636599123
2026-02-06 04:00:00,125.91340666922
2026-02-06 05:00:00,142.7494265623604
2026-02-06 06:00:00,135.9337336375373
2026-02-06 07:00:00,136.6513950803698
2026-02-06 08:00:00,121.676025844896
2026-02-06 09:00:00,116.3325802987235
2026-02-06 10:00:00,114.2887049502562
2026-02-06 11:00:00,113.7804118281771
2026-02-06 12:00:00,90.93615785115117
2026-02-06 13:00:00,86.25796907027316
2026-02-06 14:00:00,75.17518996249463
2026-02-06 15:00:00,70.3541555305888
2026-02-06 16:00:00,66.50719629089384
2026-02-06 17:00:00,75.27290144639561
2026-02-06 18:00:00,65.0820905308264
2026-02-06 19:00:00,74.62293966550327
2026-02-06 20:00:00,71.32896024154363
2026-02-06 21:00:00,82.30894629542054
2026-02-06 22:00:00,90.9119870429808
2026-02-06 23:00:00,103.0828954876816
2026-02-07 00:00:00,102.3746160615829
2026-02-07 01:00:00,110.2552336316951
2026-02-07 02:00:00,117.9530503823585
2026-02-07 03:00:00,112.8262689728642
2026-02-07 04:00:00,132.2567385855809
2026-02-07 05:00:00,135.158410179722
2026-02-07 06:00:00,119.9233759207276
2026-02-07 07:00:00,129.4260904660123
2026-02-07 08:00:00,110.4808954938082
2026-02-07 09:00:00,111.3648272922819
2026-02-07 10:00:00,108.9186299429105
2026-02-07 11:00:00,113.8153888262805
2026-02-07 12:00:00,108.2558906960975
2026-02-07 13:00:00,84.8745940814088
2026-02-07 14:00:00,83.42053707802057
2026-02-07 15:00:00,79.7491107532927
2026-02-07 16:00:00,74.09490710200477
2026-02-07 17:00:00,70.4887417346525
2026-02-07 18:00:00,68.20812018283047
2026-02-07 19:00:00,73.55659782994418
2026-02-07 20:00:00,64.94943302793834
2026-02-07 21:00:00,76.89263616466468
2026-02-07 22:00:00,80.95582165329417
2026-02-07 23:00:00,91.71941295224278
2026-02-08 00:00:00,98.63350615833284
2026-02-08 01:00:00,104.4414941889947
2026-02-08 02:00:00,105.1705805817337
2026-02-08 03:00:00,127.2380267444653
2026-02-08 04:00:00,117.2997402284557
2026-02-08 05:00:00,123.0214311134995
2026-02-08 06:00:00,123.4339460349767
2026-02-08 07:00:00,149.4635626505495
2026-02-08 08:00:00,136.2450646121659
2026-02-08 09:00:00,120.7180475127554
2026-02-08 10:00:00,119.6246416768947
2026-02-08 11:00:00,131.293529647851
2026-02-08 12:00:00,118.6213298116274
2026-02-08 13:00:00,101.4685337008574
2026-02-08 14:00:00,104.1448455145386
2026-02-08 15:00:00,96.74313125921478
2026-02-08 16:00:00,93.87824247660276
2026-02-08 17:00:00,86.66501274105934
2026-02-08 18:00:00,82.07866794060669
2026-02-08 19:00:00,78.49257446575751
2026-02-08 20:00:00,93.14376279531156
2026-02-08 21:00:00,92.59657093323426
2026-02-08 22:00:00,104.5305654116001
2026-02-08 23:00:00,114.7425592778614
2026-02-09 00:00:00,119.2202707462949
2026-02-09 01:00:00,137.474296568527
2026-02-09 02:00:00,130.9173341443714
2026-02-09 03:00:00,144.0929595553623
2026-02-09 04:00:00,138.3151674352203
2026-02-09 05:00:00,147.8646954266815
2026-02-09 06:00:00,138.5541535803678
2026-02-09 07:00:00,151.4201158180833
2026-02-09 08:00:00,135.5463833237719
2026-02-09 09:00:00,138.2134436507468
2026-02-09 10:00:00,153.2025513759539
2026-02-09 11:00:00,138.3089228575462
2026-02-09 12:00:00,132.2988329783183
2026-02-09 13:00:00,115.6069362466821
2026-02-09 14:00:00,107.2819925138924
2026-02-09 15:00:00,112.9160360020523
2026-02-09 16:00:00,103.8980425549765
2026-02-09 17:00:00,108.9116836086917
2026-02-09 18:00:00,94.02742376710914
2026-02-09 19:00:00,100.1288718013141
2026-02-09 20:00:00,104.1352661571912
2026-02-09 21:00:00,114.6347491940378
2026-02-09 22:00:00,119.6306300396263
2026-02-09 23:00:00,127.5840364753057
2026-02-10 00:00:00,129.206172058881
2026-02-10 01:00:00,143.4561375575477
2026-02-10 02:00:00,155.7535141894748
2026-02-10 03:00:00,152.6413006255281
2026-02-10 04:00:00,163.6581129578998
2026-02-10 05:00:00,172.6662878681705
2026-02-10 06:00:00,169.5757588072548
2026-02-10 07:00:00,169.0682393126744
2026-02-10 08:00:00,148.9971377478013
2026-02-10 09:00:00,162.0703264117
2026-02-10 10:00:00,136.9740292790127
2026-02-10 11:00:00,136.9199351855627
2026-02-10 12:00:00,132.4996397698982
2026-02-10 13:00:00,121.8234229404818
2026-02-10 14:00:00,133.7407793942988
2026-02-10 15:00:00,120.345060013819
2026-02-10 16:00:00,122.1851928718709
2026-02-10 17:00:00,102.1926874143504
2026-02-10 18:00:00,107.79928595091
2026-02-10 19:00:00,111.923166967975
2026-02-10 20:00:00,113.2281197865858
2026-02-10 21:00:00,119.7599042575746
2026-02-10 22:00:00,121.4395944365669
2026-02-10 23:00:00,144.7152497686421
2026-02-11 00:00:00,150.9872539149726
2026-02-11 01:00:00,133.2914742097428
2026-02-11 02:00:00,146.6618411449404
2026-02-11 03:00:00,149.2208425060943
2026-02-11 04:00:00,158.3111018227161
2026-02-11 05:00:00,177.389989293404
2026-02-11 06:00:00,171.0151903777439
2026-02-11 07:00:00,169.8082016709172
2026-02-11 08:00:00,160.9176489487317
2026-02-11 09:00:00,142.5240090296371
2026-02-11 10:00:00,157.0127118959967
2026-02-11 11:00:00,152.3115449530214
2026-02-11 12:00:00,138.3843433001103
2026-02-11 13:00:00,127.0648121273742
2026-02-11 14:00:00,129.9063603756393
2026-02-11 15:00:00,117.8013080693145
2026-02-11 16:00:00,116.8359261596948
2026-02-11 17:00:00,94.49296537809252
2026-02-11 18:00:00,109.2922792377216
2026-02-11 19:00:00,105.6650919770324
2026-02-11 20:00:00,107.3477874799356
2026-02-11 21:00:00,108.605125963755
2026-02-11 22:00:00,109.378649285223
2026-02-11 23:00:00,116.4264146072765
2026-02-12 00:00:00,114.9822380217465
2026-02-12 01:00:00,139.9400735980232
2026-02-12 02:00:00,147.8469354240751
2026-02-12 03:00:00,158.5041479046372
2026-02-12 04:00:00,157.6498964710466
2026-02-12 05:00:00,147.6296962688625
2026-02-12 06:00:00,159.3144626130967
2026-02-12 07:00:00,162.9326845713518
2026-02-12 08:00:00,162.6917322178466
2026-02-12 09:00:00,139.119013038414
2026-02-12 10:00:00,132.7469626076747
2026-02-12 11:00:00,136.382779896077
2026-02-12 12:00:00,116.6809917326837
2026-02-12 13:00:00,119.209880331658
2026-02-12 14:00:00,102.6399467878412
2026-02-12 15:00:00,103.3159149915387
2026-02-12 16:00:00,94.74680025541545
2026-02-12 17:00:00,83.36935592239273
2026-02-12 18:00:00,80.80848007627276
2026-02-12 19:00:00,83.37362872060454
2026-02-12 20:00:00,81.69352922246489
2026-02-12 21:00:00,100.0919804621235
2026-02-12 22:00:00,102.1662499666255
2026-02-12 23:00:00,113.0792229405397
2026-02-13 00:00:00,105.4605991587087
2026-02-13 01:00:00,125.6221778681914
2026-02-13 02:00:00,127.7927907178598
2026-02-13 03:00:00,142.0094625965687
2026-02-13 04:00:00,137.2259415656866
2026-02-13 05:00:00,137.9504852295875
2026-02-13 06:00:00,147.7531234747922
2026-02-13 07:00:00,143.7626947872568
2026-02-13 08:00:00,125.7300820293199
2026-02-13 09:00:00,131.0976448018465
2026-02-13 10:00:00,109.4242497299785
2026-02-13 11:00:00,115.1924770028767
2026-02-13 12:00:00,103.761032613791
2026-02-13 13:00:00,85.747177042356
2026-02-13 14:00:00,80.98676233560832
2026-02-13 15:00:00,78.35860917008046
2026-02-13 16:00:00,70.09257687515816
2026-02-13 17:00:00,65.83451550440996
2026-02-13 18:00:00,67.81808410642513
2026-02-13 19:00:00,70.15963090153778
2026-02-13 20:00:00,80.19046136079538
2026-02-13 21:00:00,87.59275177240309
2026-02-13 22:00:00,96.87452854056451
2026-02-13 23:00:00,104.4113935505974
2026-02-14 00:00:00,100.1711095840223
2026-02-14 01:00:00,118.7666996954295
2026-02-14 02:00:00,116.1658008890219
2026-02-14 03:00:00,115.410833640619
2026-02-14 04:00:00,125.3567453425946
2026-02-14 05:00:00,127.6478142648473
2026-02-14 06:00:00,142.0207706069475
2026-02-14 07:00:00,121.3606860858888
2026-02-14 08:00:00,126.5482169903668
2026-02-14 09:00:00,130.1795296689181
2026-02-14 10:00:00,110.7285356111026
2026-02-14 11:00:00,109.7735279963708
2026-02-14 12:00:00,96.77682742587129
2026-02-14 13:00:00,95.63166425756042
2026-02-14 14:00:00,80.62150059583618
2026-02-14 15:00:00,80.31890751263903
2026-02-14 16:00:00,78.02088852824483
2026-02-14 17:00:00,72.8932071708177
2026-02-14 18:00:00,78.61836942398116
2026-02-14 19:00:00,78.53280817413841
2026-02-14 20:00:00,67.64786944211835
2026-02-14 21:00:00,79.14106312425817
2026-02-14 22:00:00,91.70723348865718
2026-02-14 23:00:00,94.84223494211571
2026-02-15 00:00:00,106.065518905008
2026-02-15 01:00:00,103.7806399741426
2026-02-15 02:00:00,111.6028451673278
2026-02-15 03:00:00,123.4018445880781
2026-02-15 04:00:00,117.5243663607983
2026-02-15 05:00:00,130.4967098406351
2026-02-15 06:00:00,149.4424796711898
2026-02-15 07:00:00,138.2193605860028
2026-02-15 08:00:00,140.432605792237
2026-02-15 09:00:00,143.5800039501055
2026-02-15 10:00:00,125.0940414105838
2026-02-15 11:00:00,125.6544215408503
2026-02-15 12:00:00,116.5339999879096
2026-02-15 13:00:00,118.7384121594753
2026-02-15 14:00:00,106.7062395130626
2026-02-15 15:00:00,100.519133557075
2026-02-15 16:00:00,81.25030918532094
2026-02-15 17:00:00,77.89708297968993
2026-02-15 18:00:00,82.75934522486698
2026-02-15 19:00:00,79.12211091381123
2026-02-15 20:00:00,83.46684525452075
2026-02-15 21:00:00,94.1898081197382
2026-02-15 22:00:00,94.83519928763717
2026-02-15 23:00:00,115.2323301701471
2026-02-16 00:00:00,105.9571521139513
2026-02-16 01:00:00,119.3967740250859
2026-02-16 02:00:00,138.3730876725814
2026-02-16 03:00:00,132.8289304564742
2026-02-16 04:00:00,140.572832779816
2026-02-16 05:00:00,160.3878963081712
2026-02-16 06:00:00,149.9511451887259
2026-02-16 07:00:00,159.1115492309047
2026-02-16 08:00:00,165.8249390027202
2026-02-16 09:00:00,153.2837235655136
2026-02-16 10:00:00,141.7646104508763
2026-02-16 11:00:00,136.1283878707753
2026-02-16 12:00:00,129.2772172125559
2026-02-16 13:00:00,112.9664459423976
2026-02-16 14:00:00,121.2972113739515
2026-02-16 15:00:00,106.35130511666
2026-02-16 16:00:00,105.6241590986525
2026-02-16 17:00:00,103.7583583798227
2026-02-16 18:00:00,101.6512208406979
2026-02-16 19:00:00,103.252393145809
2026-02-16 20:00:00,116.2708168721973
2026-02-16 21:00:00,123.6605939581862
2026-02-16 22:00:00,123.1665207343451
2026-02-16 23:00:00,141.1074281438682
2026-02-17 00:00:00,127.5421528889426
2026-02-17 01:00:00,140.9970440360257
2026-02-17 02:00:00,159.3239496038796
2026-02-17 03:00:00,144.3598752732556
2026-02-17 04:00:00,172.3308190870046
2026-02-17 05:00:00,177.4744066046287
2026-02-17 06:00:00,172.7210880959788
2026-02-17 07:00:00,184.4617704918352
2026-02-17 08:00:00,157.3252574282119
2026-02-17 09:00:00,163.055721243075
2026-02-17 10:00:00,161.5697922358717
2026-02-17 11:00:00,155.9015946932062
2026-02-17 12:00:00,155.1884789564573
2026-02-17 13:00:00,134.0803234022496
2026-02-17 14:00:00,123.9405048357622
2026-02-17 15:00:00,132.2961149271623
2026-02-17 16:00:00,112.9628114972804
2026-02-17 17:00:00,115.3086906005626
2026-02-17 18:00:00,102.9796955240498
2026-02-17 19:00:00,119.9391002982199
2026-02-17 20:00:00,118.8636202213699
2026-02-17 21:00:00,127.0026300921465
2026-02-17 22:00:00,122.609969820923
2026-02-17 23:00:00,137.6903168343033
2026-02-18 00:00:00,138.9298615585822
2026-02-18 01:00:00,157.1702655264777
2026-02-18 02:00:00,155.1372498277493
2026-02-18 03:00:00,145.4289890660077
2026-02-18 04:00:00,152.178447588087
2026-02-18 05:00:00,165.3865166708379
2026-02-18 06:00:00,180.1846043475528
2026-02-18 07:00:00,168.2385284633076
2026-02-18 08:00:00,153.6560984416813
2026-02-18 09:00:00,163.0824024106755
2026-02-18 10:00:00,164.70617106243
2026-02-18 11:00:00,158.9569658431919
2026-02-18 12:00:00,156.7811214047645
2026-02-18 13:00:00,144.3260759015529
2026-02-18 14:00:00,123.8183823277884
2026-02-18 15:00:00,128.8265501487385
2026-02-18 16:00:00,107.4074490046951
2026-02-18 17:00:00,104.9575648184144
2026-02-18 18:00:00,95.64328380345485
2026-02-18 19:00:00,110.6454278497284
2026-02-18 20:00:00,112.2487142906839
2026-02-18 21:00:00,106.744942298562
2026-02-18 22:00:00,120.2423502627582
2026-02-18 23:00:00,109.9971350578131
2026-02-19 00:00:00,129.8210742701563
2026-02-19 01:00:00,135.3061365697817
2026-02-19 02:00:00,147.9766937918512
2026-02-19 03:00:00,140.5609336427294
2026-02-19 04:00:00,165.6918524140036
2026-02-19 05:00:00,159.2422555826865
2026-02-19 06:00:00,148.0973033378855
2026-02-19 07:00:00,159.3256993862316
2026-02-19 08:00:00,144.2708891771591
2026-02-19 09:00:00,151.4533868798005
2026-02-19 10:00:00,151.033907984047
2026-02-19 11:00:00,139.7590268985549
2026-02-19 12:00:00,135.7494948060862
2026-02-19 13:00:00,116.2740106019577
2026-02-19 14:00:00,107.4168472224596
2026-02-19 15:00:00,110.1579196220964
2026-02-19 16:00:00,103.3800375839744
2026-02-19 17:00:00,92.8461274583873
2026-02-19 18:00:00,89.0280906501295
2026-02-19 19:00:00,80.6599626355862
2026-02-19 20:00:00,96.1899959249814
2026-02-19 21:00:00,88.0787463400751
2026-02-19 22:00:00,100.5286546382938
2026-02-19 23:00:00,95.28865857966554
2026-02-20 00:00:00,114.9801582111439
2026-02-20 01:00:00,105.7293671696309
2026-02-20 02:00:00,132.1486381631608
2026-02-20 03:00:00,118.0451522776654
2026-02-20 04:00:00,146.5759333895448
2026-02-20 05:00:00,137.4108848936121
2026-02-20 06:00:00,151.8050279072064
2026-02-20 07:00:00,138.7258930804297
2026-02-20 08:00:00,126.9731195990295
2026-02-20 09:00:00,129.3694177103959
2026-02-20 10:00:00,115.1171981322022
2026-02-20 11:00:00,111.82900857508
2026-02-20 12:00:00,102.9907950071605
2026-02-20 13:00:00,106.0907718761194
2026-02-20 14:00:00,99.37690655171214
2026-02-20 15:00:00,80.54368914984299
2026-02-20 16:00:00,82.24591719441483
2026-02-20 17:00:00,83.0425266712175
2026-02-20 18:00:00,81.1544852854948
2026-02-20 19:00:00,72.61619092255386
2026-02-20 20:00:00,86.0444765578651
2026-02-20 21:00:00,83.26836558793028
2026-02-20 22:00:00,89.7033279296201
2026-02-20 23:00:00,93.9660051554485
2026-02-21 00:00:00,111.205180202315
2026-02-21 01:00:00,120.1312035100888
2026-02-21 02:00:00,124.7203840565907
2026-02-21 03:00:00,136.682156059934
2026-02-21 04:00:00,130.2949761772957
2026-02-21 05:00:00,119.0641025380241
2026-02-21 06:00:00,120.5496870878059
2026-02-21 07:00:00,127.5671832459841
2026-02-21 08:00:00,127.6434385219606
2026-02-21 09:00:00,122.4859392311482
2026-02-21 10:00:00,109.1834538017156
2026-02-21 11:00:00,113.6500368294963
2026-02-21 12:00:00,95.79472820814549
2026-02-21 13:00:00,92.07954410460776
2026-02-21 14:00:00,90.69988842959346
2026-02-21 15:00:00,89.83547382954526
2026-02-21 16:00:00,72.43989608376428
2026-02-21 17:00:00,81.70208039994148
2026-02-21 18:00:00,70.94054882738196
2026-02-21 19:00:00,76.12170423387882
2026-02-21 20:00:00,85.47758042073424
2026-02-21 21:00:00,77.26027160319514
2026-02-21 22:00:00,86.64925054434092
2026-02-21 23:00:00,95.51286356675814
2026-02-22 00:00:00,110.709519896263
2026-02-22 01:00:00,113.1553563200601
2026-02-22 02:00:00,129.7590598011577
2026-02-22 03:00:00,134.6397253962269
2026-02-22 04:00:00,127.5662508212607
2026-02-22 05:00:00,128.6913268871141
2026-02-22 06:00:00,130.3060305015137
2026-02-22 07:00:00,134.1763461631687
2026-02-22 08:00:00,128.1024458319786
2026-02-22 09:00:00,148.1639131903445
2026-02-22 10:00:00,130.0628810148557
2026-02-22 11:00:00,132.6574545912738
2026-02-22 12:00:00,125.3260510807684
2026-02-22 13:00:00,104.2416107784951
2026-02-22 14:00:00,106.4350134728426
2026-02-22 15:00:00,94.03228009270968
2026-02-22 16:00:00,91.30295463281833
2026-02-22 17:00:00,97.98149925147085
2026-02-22 18:00:00,90.38340706729957
2026-02-22 19:00:00,95.74189603207572
2026-02-22 20:00:00,87.09510804292582
2026-02-22 21:00:00,100.5484574355607
2026-02-22 22:00:00,111.1668370925198
2026-02-22 23:00:00,107.4567223879885
2026-02-23 00:00:00,113.1550747572108
2026-02-23 01:00:00,143.339197193619
2026-02-23 02:00:00,152.6778203836389
2026-02-23 03:00:00,159.970906904965
2026-02-23 04:00:00,160.9339129337506
2026-02-23 05:00:00,161.7690378808051
2026-02-23 06:00:00,172.4842155949306
2026-02-23 07:00:00,164.7205994235566
2026-02-23 08:00:00,157.3402607512594
2026-02-23 09:00:00,162.6552142345043
2026-02-23 10:00:00,148.2787002264129
2026-02-23 11:00:00,151.9619472349096
2026-02-23 12:00:00,133.5127954713533
2026-02-23 13:00:00,127.6311391170002
2026-02-23 14:00:00,121.1374794354941
2026-02-23 15:00:00,117.0697596504868
2026-02-23 16:00:00,103.4826595297125
2026-02-23 17:00:00,111.3329382303265
2026-02-23 18:00:00,110.6698636806159
2026-02-23 19:00:00,111.3682750850156
2026-02-23 20:00:00,112.8117415289895
2026-02-23 21:00:00,108.7583170808827
2026-02-23 22:00:00,122.5822967269326
2026-02-23 23:00:00,120.7816804538302
2026-02-24 00:00:00,146.1466326385009
2026-02-24 01:00:00,157.45353930838
2026-02-24 02:00:00,158.8403365056914
2026-02-24 03:00:00,156.530240541476
2026-02-24 04:00:00,178.8801364003851
2026-02-24 05:00:00,177.7332111370364
2026-02-24 06:00:00,158.1193479927852
2026-02-24 07:00:00,180.1304193022119
2026-02-24 08:00:00,168.4619938498179
2026-02-24 09:00:00,179.7752078128612
2026-02-24 10:00:00,147.1520803804555
2026-02-24 11:00:00,167.2975718759992
2026-02-24 12:00:00,139.1643417820299
2026-02-24 13:00:00,129.3344688233771
2026-02-24 14:00:00,130.6169598246439
2026-02-24 15:00:00,118.6287031729
2026-02-24 16:00:00,117.828366746371
2026-02-24 17:00:00,128.2362734288139
2026-02-24 18:00:00,114.9358533687852
2026-02-24 19:00:00,114.9318969127353
2026-02-24 20:00:00,114.3674288628016
2026-02-24 21:00:00,120.6503169193898
2026-02-24 22:00:00,122.6755968256277
2026-02-24 23:00:00,132.7433284022375
2026-02-25 00:00:00,138.2943567497833
2026-02-25 01:00:00,150.5707830648936
2026-02-25 02:00:00,156.0136251627128
2026-02-25 03:00:00,146.4883285742436
2026-02-25 04:00:00,176.1401699084608
2026-02-25 05:00:00,180.2789686009475
2026-02-25 06:00:00,159.3725228955748
2026-02-25 07:00:00,176.8566687082841
2026-02-25 08:00:00,166.4428041647209
2026-02-25 09:00:00,164.6512080944005
2026-02-25 10:00:00,159.074253780429
2026-02-25 11:00:00,147.7609150540366
2026-02-25 12:00:00,156.4032283057645
2026-02-25 13:00:00,141.498176325949
2026-02-25 14:00:00,122.258016835628
2026-02-25 15:00:00,124.6489842930342
2026-02-25 16:00:00,125.9894475886309
2026-02-25 17:00:00,119.3089310772462
2026-02-25 18:00:00,100.8876999030484
2026-02-25 19:00:00,97.67694233262765
2026-02-25 20:00:00,97.68849078097406
2026-02-25 21:00:00,109.8976348419883
2026-02-25 22:00:00,124.2144344963507
2026-02-25 23:00:00,126.2982807758188
2026-02-26 00:00:00,138.8220045307847
2026-02-26 01:00:00,146.5267334568766
2026-02-26 02:00:00,150.5734929983888
2026-02-26 03:00:00,135.4819569302555
2026-02-26 04:00:00,142.0156086903614
2026-02-26 05:00:00,153.7550623457418
2026-02-26 06:00:00,153.6523207339854
2026-02-26 07:00:00,145.2019480060007
2026-02-26 08:00:00,146.5353996571827
2026-02-26 09:00:00,135.1487485573197
2026-02-26 10:00:00,131.3487857237793
2026-02-26 11:00:00,145.0883625151475
2026-02-26 12:00:00,120.3100181859
2026-02-26 13:00:00,108.4004283994027
2026-02-26 14:00:00,104.1288311797066
2026-02-26 15:00:00,100.749332790007
2026-02-26 16:00:00,92.90135055634305
2026-02-26 17:00:00,91.95249918084316
2026-02-26 18:00:00,83.3248278551138
2026-02-26 19:00:00,86.0189244002444
2026-02-26 20:00:00,89.43300712765131
2026-02-26 21:00:00,97.9454941014814
2026-02-26 22:00:00,109.6764601049802
2026-02-26 23:00:00,118.6151180838175
2026-02-27 00:00:00,112.3835572141556
2026-02-27 01:00:00,133.6247526978247
2026-02-27 02:00:00,141.6303206168622
2026-02-27 03:00:00,145.9005160805499
2026-02-27 04:00:00,128.8123292426118
2026-02-27 05:00:00,156.6865061955008
2026-02-27 06:00:00,140.6634998590582
2026-02-27 07:00:00,153.882262125872
2026-02-27 08:00:00,123.6628458150476
2026-02-27 09:00:00,118.5070530228631
2026-02-27 10:00:00,128.2195646480798
2026-02-27 11:00:00,114.2384233214069
2026-02-27 12:00:00,103.2894602168206
2026-02-27 13:00:00,95.94005644318268
2026-02-27 14:00:00,90.62414938550411
2026-02-27 15:00:00,96.8803106812311
2026-02-27 16:00:00,85.58497255945034
2026-02-27 17:00:00,75.13594168677417
2026-02-27 18:00:00,72.86033706990197
2026-02-27 19:00:00,83.21924164749383
2026-02-27 20:00:00,74.29573524663803
2026-02-27 21:00:00,79.67921036434788
2026-02-27 22:00:00,84.49825974617177
2026-02-27 23:00:00,94.16873781437216
2026-02-28 00:00:00,108.9333443974971
2026-02-28 01:00:00,104.496788153707
2026-02-28 02:00:00,115.8536121141289
2026-02-28 03:00:00,135.6039846524377
2026-02-28 04:00:00,130.9069872902604
2026-02-28 05:00:00,131.8042708828161
2026-02-28 06:00:00,125.891142977794
2026-02-28 07:00:00,129.3131777390513
2026-02-28 08:00:00,121.2908911598653
2026-02-28 09:00:00,121.1768649639981
2026-02-28 10:00:00,134.4501639476896
2026-02-28 11:00:00,118.2673725008988
2026-02-28 12:00:00,103.5591700994465
2026-02-28 13:00:00,99.62017003908294
2026-02-28 14:00:00,98.18509661578699
2026-02-28 15:00:00,80.30744167956395
2026-02-28 16:00:00,78.9560414190115
2026-02-28 17:00:00,79.46972029832557
2026-02-28 18:00:00,77.95183283746411
2026-02-28 19:00:00,79.35971844741795
2026-02-28 20:00:00,92.46171481029232
2026-02-28 21:00:00,95.86378690993787
2026-02-28 22:00:00,104.0864518921099
2026-02-28 23:00:00,114.1052629363335
2026-03-01 00:00:00,108.5978737809085
2026-03-01 01:00:00,113.5502922638227
2026-03-01 02:00:00,141.4129711290509
2026-03-01 03:00:00,148.7350259877604
2026-03-01 04:00:00,128.2648787162343
2026-03-01 05:00:00,135.7264147477898
2026-03-01 06:00:00,139.4308728372537
2026-03-01 07:00:00,156.4445783842524
2026-03-01 08:00:00,152.1360717392185
2026-03-01 09:00:00,146.3194605922647
2026-03-01 10:00:00,123.7879075433294
2026-03-01 11:00:00,121.593310599902
2026-03-01 12:00:00,112.8795884765254
2026-03-01 13:00:00,106.5362439366017
2026-03-01 14:00:00,105.7538777706431
2026-03-01 15:00:00,97.73704897686765
2026-03-01 16:00:00,102.7369024023197
2026-03-01 17:00:00,98.01328698625822
2026-03-01 18:00:00,92.05426341403403
2026-03-01 19:00:00,89.59225543900854
2026-03-01 20:00:00,105.2633683123875
2026-03-01 21:00:00,98.2166641097282
2026-03-01 22:00:00,101.6234658454793
2026-03-01 23:00:00,131.4570004229763
2026-03-02 00:00:00,137.671740997228
2026-03-02 01:00:00,129.4689485006119
2026-03-02 02:00:00,141.1771501758857
2026-03-02 03:00:00,143.2119542215959
2026-03-02 04:00:00,158.2906010463458
2026-03-02 05:00:00,154.8686524943706
2026-03-02 06:00:00,164.3896686691735
2026-03-02 07:00:00,174.1715684448567
2026-03-02 08:00:00,173.6727853117667
2026-03-02 09:00:00,158.7476032539292
2026-03-02 10:00:00,134.2336080725889
2026-03-02 11:00:00,149.66507644841
2026-03-02 12:00:00,125.8523339525297
2026-03-02 13:00:00,125.1065768394566
2026-03-02 14:00:00,129.6477896673487
2026-03-02 15:00:00,116.6274925950727
2026-03-02 16:00:00,120.948251615517
2026-03-02 17:00:00,110.3523298595628
2026-03-02 18:00:00,115.1063136322218
2026-03-02 19:00:00,122.183200867921
2026-03-02 20:00:00,130.2962991559844
2026-03-02 21:00:00,134.3552477711212
2026-03-02 22:00:00,127.3910717809758
2026-03-02 23:00:00,147.1353930203247
2026-03-03 00:00:00,161.3778848940912
2026-03-03 01:00:00,161.835764866068
2026-03-03 02:00:00,172.9122856634403
2026-03-03 03:00:00,157.3164129094206
2026-03-03 04:00:00,181.2311854199388
2026-03-03 05:00:00,185.6469138704497
2026-03-03 06:00:00,162.9628612050815
2026-03-03 07:00:00,184.5186857139595
2026-03-03 08:00:00,159.4690476983129
2026-03-03 09:00:00,181.0366086182987
2026-03-03 10:00:00,150.1024041884315
2026-03-03 11:00:00,145.3596343141598
2026-03-03 12:00:00,141.6031687993361
2026-03-03 13:00:00,130.9026448965192
2026-03-03 14:00:00,138.477240630826
2026-03-03 15:00:00,130.2088903673642
2026-03-03 16:00:00,119.7160190774791
2026-03-03 17:00:00,123.4958909792863
2026-03-03 18:00:00,124.8474216368031
2026-03-03 19:00:00,121.5278704579471
2026-03-03 20:00:00,111.3600954712639
2026-03-03 21:00:00,118.1463368036807
2026-03-03 22:00:00,117.5613765300935
2026-03-03 23:00:00,123.5180780400153
2026-03-04 00:00:00,139.017708539438
2026-03-04 01:00:00,148.5265235873986
2026-03-04 02:00:00,147.7030851160646
2026-03-04 03:00:00,157.9328125253838
2026-03-04 04:00:00,155.7133790513448
2026-03-04 05:00:00,181.2702708663225
2026-03-04 06:00:00,175.664969876926
2026-03-04 07:00:00,162.3707550460742
2026-03-04 08:00:00,170.8809009902578
2026-03-04 09:00:00,159.7875828215578
2026-03-04 10:00:00,166.7438321669608
2026-03-04 11:00:00,157.3651990590328
2026-03-04 12:00:00,137.6334551596682
2026-03-04 13:00:00,142.8038625068964
2026-03-04 14:00:00,128.0349003345099
2026-03-04 15:00:00,114.437712843632
2026-03-04 16:00:00,126.3463815506547
2026-03-04 17:00:00,115.1095981994022
2026-03-04 18:00:00,109.0872587998818
2026-03-04 19:00:00,120.6049588161193
2026-03-04 20:00:00,118.208596246113
2026-03-04 21:00:00,110.8281170490291
2026-03-04 22:00:00,122.1602103802875
2026-03-04 23:00:00,122.0553277698867
2026-03-05 00:00:00,118.7443220063053
2026-03-05 01:00:00,140.9143894888574
2026-03-05 02:00:00,131.3956928770802
2026-03-05 03:00:00,145.4793971842371
2026-03-05 04:00:00,154.7907426698486
2026-03-05 05:00:00,172.9828671514811
2026-03-05 06:00:00,153.2814511356239
2026-03-05 07:00:00,172.8788081539826
2026-03-05 08:00:00,146.4950838602043
2026-03-05 09:00:00,147.9166731865593
2026-03-05 10:00:00,147.4346978858808
2026-03-05 11:00:00,150.3969742970869
2026-03-05 12:00:00,120.5911873065867
2026-03-05 13:00:00,122.1903276103871
2026-03-05 14:00:00,105.9764451384984
2026-03-05 15:00:00,105.2766586528255
2026-03-05 16:00:00,102.6607695305718
2026-03-05 17:00:00,95.77399801917005
2026-03-05 18:00:00,93.91432798360348
2026-03-05 19:00:00,91.80677235260288
2026-03-05 20:00:00,97.77874942654763
2026-03-05 21:00:00,107.9307984938707
2026-03-05 22:00:00,105.839748601237
2026-03-05 23:00:00,118.9441436194438
2026-03-06 00:00:00,114.8276391599952
2026-03-06 01:00:00,127.0515961694813
2026-03-06 02:00:00,120.9617217589406
2026-03-06 03:00:00,131.1871183198317
2026-03-06 04:00:00,139.792021009015
2026-03-06 05:00:00,149.8520902463811
2026-03-06 06:00:00,139.1628201082867
2026-03-06 07:00:00,136.3134791096223
2026-03-06 08:00:00,145.206342184519
2026-03-06 09:00:00,125.0946213317503
2026-03-06 10:00:00,121.1997867320321
2026-03-06 11:00:00,123.8622182554076
2026-03-06 12:00:00,111.182254474242
2026-03-06 13:00:00,103.6963762509013
2026-03-06 14:00:00,90.78803785595598
2026-03-06 15:00:00,91.01001811070026
2026-03-06 16:00:00,79.73030062782124
2026-03-06 17:00:00,82.14570160733201
2026-03-06 18:00:00,82.67921116361568
2026-03-06 19:00:00,77.06586531826702
2026-03-06 20:00:00,91.22328590913247
2026-03-06 21:00:00,84.63635313453896
2026-03-06 22:00:00,99.6033774121428
2026-03-06 23:00:00,98.21087163014492
2026-03-07 00:00:00,104.2995385297771
2026-03-07 01:00:00,113.8408917662487
2026-03-07 02:00:00,124.7839028414992
2026-03-07 03:00:00,122.1978990115978
2026-03-07 04:00:00,137.4153558127229
2026-03-07 05:00:00,143.8770615623861
2026-03-07 06:00:00,149.9469382761337
2026-03-07 07:00:00,130.6318771965277
2026-03-07 08:00:00,147.7261798372611
2026-03-07 09:00:00,131.6076604792981
2026-03-07 10:00:00,126.2283730984312
2026-03-07 11:00:00,129.1113357861652
2026-03-07 12:00:00,107.1059178129645
2026-03-07 13:00:00,110.3984610805957
2026-03-07 14:00:00,97.38594116278453
2026-03-07 15:00:00,84.07788747068227
2026-03-07 16:00:00,87.20262077152464
2026-03-07 17:00:00,83.96290373693445
2026-03-07 18:00:00,86.61570685106688
2026-03-07 19:00:00,90.49976951370138
2026-03-07 20:00:00,78.01432459934277
2026-03-07 21:00:00,90.65927463989827
2026-03-07 22:00:00,89.87400337442392
2026-03-07 23:00:00,95.97610609852147
2026-03-08 00:00:00,114.8424342426899
2026-03-08 01:00:00,123.2162526578254
2026-03-08 02:00:00,120.5331793082463
2026-03-08 03:00:00,125.4355104906094
2026-03-08 04:00:00,153.5639990243043
2026-03-08 05:00:00,152.2899120923828
2026-03-08 06:00:00,156.2480128923587
2026-03-08 07:00:00,152.9983899852151
2026-03-08 08:00:00,130.9059039677126
2026-03-08 09:00:00,140.140737120455
2026-03-08 10:00:00,142.5251167237489
2026-03-08 11:00:00,136.5504384167376
2026-03-08 12:00:00,124.5616003711828
2026-03-08 13:00:00,110.0687726687096
2026-03-08 14:00:00,106.3954026736981
2026-03-08 15:00:00,99.6404246696633
2026-03-08 16:00:00,106.6950271618736
2026-03-08 17:00:00,104.3052532016704
2026-03-08 18:00:00,93.93494504592914
2026-03-08 19:00:00,101.106412036878
2026-03-08 20:00:00,88.59169060725286
2026-03-08 21:00:00,103.4041989175756
2026-03-08 22:00:00,103.5483635919961
2026-03-08 23:00:00,118.6944761753106
2026-03-09 00:00:00,132.6127043305866
2026-03-09 01:00:00,132.5180409695153
2026-03-09 02:00:00,133.5220313396037
2026-03-09 03:00:00,161.2884570676092
2026-03-09 04:00:00,163.2491133884386
2026-03-09 05:00:00,172.1607588623823
2026-03-09 06:00:00,156.3981127984573
2026-03-09 07:00:00,175.3669245217907
2026-03-09 08:00:00,170.903285862214
2026-03-09 09:00:00,157.0431538089114
2026-03-09 10:00:00,163.9529161972534
2026-03-09 11:00:00,147.8143721675114
2026-03-09 12:00:00,145.6137909982216
2026-03-09 13:00:00,120.8343777214539
2026-03-09 14:00:00,131.6426658536872
2026-03-09 15:00:00,120.1509285588941
2026-03-09 16:00:00,107.5871793215077
2026-03-09 17:00:00,105.4409935038552
2026-03-09 18:00:00,100.8948505841565
2026-03-09 19:00:00,116.1085201059674
2026-03-09 20:00:00,117.9228305581734
2026-03-09 21:00:00,121.8866606135
2026-03-09 22:00:00,133.2782968009825
2026-03-09 23:00:00,151.9662592876913
2026-03-10 00:00:00,155.3588499738074
2026-03-10 01:00:00,144.7783294978494
2026-03-10 02:00:00,162.6611866013585
2026-03-10 03:00:00,184.7401386782182
2026-03-10 04:00:00,159.9190927750699
2026-03-10 05:00:00,167.1959737522904
2026-03-10 06:00:00,188.523491181932
2026-03-10 07:00:00,172.1948005567327
2026-03-10 08:00:00,170.6240724380801
2026-03-10 09:00:00,165.5203508578409
2026-03-10 10:00:00,172.6208337063703
2026-03-10 11:00:00,171.5734864736098
2026-03-10 12:00:00,145.3389233553695
2026-03-10 13:00:00,152.0385404854178
2026-03-10 14:00:00,126.6935303462795
2026-03-10 15:00:00,133.3800587560921
2026-03-10 16:00:00,115.1470716185674
2026-03-10 17:00:00,123.5570088675004
2026-03-10 18:00:00,129.0474533571311
2026-03-10 19:00:00,127.1217064217265
2026-03-10 20:00:00,116.2089230783556
2026-03-10 21:00:00,125.5002176853878
2026-03-10 22:00:00,121.9060105370731
2026-03-10 23:00:00,130.4507001836542
2026-03-11 00:00:00,151.1845768021769
2026-03-11 01:00:00,158.4529029785661
2026-03-11 02:00:00,153.6542578278518
2026-03-11 03:00:00,160.2046528249073
2026-03-11 04:00:00,170.6302497478317
2026-03-11 05:00:00,171.582583211549
2026-03-11 06:00:00,168.9225484507193
2026-03-11 07:00:00,180.3221838150318
2026-03-11 08:00:00,158.8389213534665
2026-03-11 09:00:00,164.4947523044744
2026-03-11 10:00:00,181.1430556018583
2026-03-11 11:00:00,169.58348049836
2026-03-11 12:00:00,134.2220595117115
2026-03-11 13:00:00,137.5943674407992
2026-03-11 14:00:00,141.8759118876246
2026-03-11 15:00:00,117.5181143456917
2026-03-11 16:00:00,128.2583911400226
2026-03-11 17:00:00,123.7186133157665
2026-03-11 18:00:00,110.2097124535722
2026-03-11 19:00:00,119.5364982629929
2026-03-11 20:00:00,107.8162336473764
2026-03-11 21:00:00,114.0278324176231
2026-03-11 22:00:00,140.3923381408664
2026-03-11 23:00:00,132.9504751570777
2026-03-12 00:00:00,131.1687618247409
2026-03-12 01:00:00,161.9565791668487
2026-03-12 02:00:00,141.4298699468225
2026-03-12 03:00:00,172.2624605485319
2026-03-12 04:00:00,176.8686463150055
2026-03-12 05:00:00,160.8881826265337
2026-03-12 06:00:00,153.2910886010967
2026-03-12 07:00:00,158.3573710747967
2026-03-12 08:00:00,164.2610023610511
2026-03-12 09:00:00,145.0726736225328
2026-03-12 10:00:00,136.8394043922891
2026-03-12 11:00:00,137.120917454341
2026-03-12 12:00:00,125.0205912290199
2026-03-12 13:00:00,127.9443727498982
2026-03-12 14:00:00,107.9325306019992
2026-03-12 15:00:00,97.61396619294433
2026-03-12 16:00:00,94.17494290773998
2026-03-12 17:00:00,96.53332659085723
2026-03-12 18:00:00,99.49579591757471
2026-03-12 19:00:00,88.44077593174295
2026-03-12 20:00:00,101.5320913857958
2026-03-12 21:00:00,95.30045814978783
2026-03-12 22:00:00,119.8946151796155
2026-03-12 23:00:00,118.9500610314627
2026-03-13 00:00:00,125.9119545392835
2026-03-13 01:00:00,130.2854289494273
2026-03-13 02:00:00,132.3853607121369
2026-03-13 03:00:00,140.0607967738459
2026-03-13 04:00:00,144.2582036281869
2026-03-13 05:00:00,147.7218302031591
2026-03-13 06:00:00,135.698376142985
2026-03-13 07:00:00,159.3452921421856
2026-03-13 08:00:00,138.1463574439618
2026-03-13 09:00:00,130.1116145358985
2026-03-13 10:00:00,123.0406096311681
2026-03-13 11:00:00,131.5038673484985
2026-03-13 12:00:00,117.6235330921362
2026-03-13 13:00:00,113.4238878841829
2026-03-13 14:00:00,104.7346051109803
2026-03-13 15:00:00,97.08088645495309
2026-03-13 16:00:00,81.4792995714463
2026-03-13 17:00:00,77.04453584156644
2026-03-13 18:00:00,78.2942108686187
2026-03-13 19:00:00,83.67403557252173
2026-03-13 20:00:00,92.64916759954411
2026-03-13 21:00:00,97.85767734342875
2026-03-13 22:00:00,99.41736741627474
2026-03-13 23:00:00,95.13621846889029
2026-03-14 00:00:00,113.8280160896089
2026-03-14 01:00:00,131.0915962687197
2026-03-14 02:00:00,137.0470762985019
2026-03-14 03:00:00,140.4780379053406
2026-03-14 04:00:00,146.7461612329962
2026-03-14 05:00:00,141.5588164881005
2026-03-14 06:00:00,154.786696040598
2026-03-14 07:00:00,147.5908505360636
2026-03-14 08:00:00,127.9633096435615
2026-03-14 09:00:00,131.6269447740217
2026-03-14 10:00:00,119.64808144633
2026-03-14 11:00:00,123.1540134536074
2026-03-14 12:00:00,109.8069215087068
2026-03-14 13:00:00,114.5623269841539
2026-03-14 14:00:00,101.6326089919881
2026-03-14 15:00:00,101.7362139520776
2026-03-14 16:00:00,96.32234259390619
2026-03-14 17:00:00,79.99326139976313
2026-03-14 18:00:00,82.66711381061931
2026-03-14 19:00:00,89.4653165228937
2026-03-14 20:00:00,86.10508130512777
2026-03-14 21:00:00,87.48511635892663
2026-03-14 22:00:00,103.0447192227571
2026-03-14 23:00:00,104.539228937843
2026-03-15 00:00:00,116.1252220296076
2026-03-15 01:00:00,112.2291582811097
2026-03-15 02:00:00,137.3864053468611
2026-03-15 03:00:00,144.7973210682019
2026-03-15 04:00:00,137.5411870670032
2026-03-15 05:00:00,144.195360294673
2026-03-15 06:00:00,157.3867828346052
2026-03-15 07:00:00,162.4735534283017
2026-03-15 08:00:00,146.0227524268756
2026-03-15 09:00:00,149.9715984947243
2026-03-15 10:00:00,131.1556333349348
2026-03-15 11:00:00,146.7136822330197
2026-03-15 12:00:00,124.0840276985603
2026-03-15 13:00:00,128.4867388678722
2026-03-15 14:00:00,119.9596865520972
2026-03-15 15:00:00,101.896983039169
2026-03-15 16:00:00,94.64517977494107
2026-03-15 17:00:00,107.9812977133704
2026-03-15 18:00:00,94.88787809995975
2026-03-15 19:00:00,105.5055086274673
2026-03-15 20:00:00,114.0392858084654
2026-03-15 21:00:00,111.088149479088
2026-03-15 22:00:00,125.6118212507574
2026-03-15 23:00:00,121.5008348120361
2026-03-16 00:00:00,126.7031122512294
2026-03-16 01:00:00,131.8206892156392
2026-03-16 02:00:00,166.5347149759854
2026-03-16 03:00:00,157.3083817069674
2026-03-16 04:00:00,171.6082979422966
2026-03-16 05:00:00,156.1878476398639
2026-03-16 06:00:00,174.7700882476239
2026-03-16 07:00:00,170.5637583636847
2026-03-16 08:00:00,150.3540818697906
2026-03-16 09:00:00,160.9223339939006
2026-03-16 10:00:00,144.1900934906463
2026-03-16 11:00:00,148.7321163190774
2026-03-16 12:00:00,139.7835333320115
2026-03-16 13:00:00,125.2153005587181
2026-03-16 14:00:00,126.6946549715036
2026-03-16 15:00:00,118.9671362301358
2026-03-16 16:00:00,114.1482768747033
2026-03-16 17:00:00,108.3529102374139
2026-03-16 18:00:00,126.8133572061375
2026-03-16 19:00:00,115.6428318167062
2026-03-16 20:00:00,120.7908126178426
2026-03-16 21:00:00,118.0098384004792
2026-03-16 22:00:00,144.7304108813062
2026-03-16 23:00:00,132.9861781082087
2026-03-17 00:00:00,157.1251787675113
2026-03-17 01:00:00,168.3508451704615
2026-03-17 02:00:00,157.6163131444229
2026-03-17 03:00:00,186.1665835143107
2026-03-17 04:00:00,169.1652521355827
2026-03-17 05:00:00,167.552554513578
2026-03-17 06:00:00,185.3683029800324
2026-03-17 07:00:00,197.2507778249942
2026-03-17 08:00:00,165.3580266278317
2026-03-17 09:00:00,180.8519520588788
2026-03-17 10:00:00,148.543019890477
2026-03-17 11:00:00,170.3710748397016
2026-03-17 12:00:00,150.9494020760162
2026-03-17 13:00:00,151.0843650445502
2026-03-17 14:00:00,138.8302295672303
2026-03-17 15:00:00,139.016870816397
2026-03-17 16:00:00,123.315747777959
2026-03-17 17:00:00,127.5981583546317
2026-03-17 18:00:00,121.3544146451619
2026-03-17 19:00:00,117.2475620012849
2026-03-17 20:00:00,116.2739467751563
2026-03-17 21:00:00,124.6933878147175
2026-03-17 22:00:00,131.8572419446998
2026-03-17 23:00:00,156.0309829544308
2026-03-18 00:00:00,149.5799523659581
2026-03-18 01:00:00,167.936307338283
2026-03-18 02:00:00,157.6386539692611
2026-03-18 03:00:00,169.3060823454887
2026-03-18 04:00:00,191.8896539683433
2026-03-18 05:00:00,186.5873290111007
2026-03-18 06:00:00,192.6911740427826
2026-03-18 07:00:00,195.152361222157
2026-03-18 08:00:00,164.8501721226151
2026-03-18 09:00:00,189.6966552825542
2026-03-18 10:00:00,174.2804517633705
2026-03-18 11:00:00,154.9694412595275
2026-03-18 12:00:00,144.2733343928921
2026-03-18 13:00:00,144.0206285497242
2026-03-18 14:00:00,137.4990338025507
2026-03-18 15:00:00,138.5901137870931
2026-03-18 16:00:00,113.3083891461019
2026-03-18 17:00:00,122.0208003117952
2026-03-18 18:00:00,107.4509376335429
2026-03-18 19:00:00,122.3914065599617
2026-03-18 20:00:00,118.6793736837478
2026-03-18 21:00:00,116.9055373997954
2026-03-18 22:00:00,115.8566688339706
2026-03-18 23:00:00,128.5700029245672
2026-03-19 00:00:00,141.7142926152144
2026-03-19 01:00:00,145.6221529339824
2026-03-19 02:00:00,157.0280584214006
2026-03-19 03:00:00,159.4734054781983
2026-03-19 04:00:00,176.6052720655523
2026-03-19 05:00:00,175.9425212437407
2026-03-19 06:00:00,182.4932069732965
2026-03-19 07:00:00,155.9226143741873
2026-03-19 08:00:00,170.7805406647303
2026-03-19 09:00:00,146.4758249189812
2026-03-19 10:00:00,149.7195094179893
2026-03-19 11:00:00,151.950699682534
2026-03-19 12:00:00,141.1031223671388
2026-03-19 13:00:00,121.8182803814138
2026-03-19 14:00:00,113.406792609323
2026-03-19 15:00:00,113.9595383661667
2026-03-19 16:00:00,106.3420095953972
2026-03-19 17:00:00,112.9326042368463
2026-03-19 18:00:00,106.9558434722849
2026-03-19 19:00:00,91.60000047174084
2026-03-19 20:00:00,93.11233767542694
2026-03-19 21:00:00,96.546983036779
2026-03-19 22:00:00,104.0274910302873
2026-03-19 23:00:00,114.873764205573
2026-03-20 00:00:00,117.2163761342545
2026-03-20 01:00:00,128.2124425535862
2026-03-20 02:00:00,125.8348271079202
2026-03-20 03:00:00,143.3512489065734
2026-03-20 04:00:00,149.6846788389942
2026-03-20 05:00:00,161.2767057996097
2026-03-20 06:00:00,161.6950144340157
2026-03-20 07:00:00,165.0603003540046
2026-03-20 08:00:00,162.6200788887658
2026-03-20 09:00:00,154.4811211302715
2026-03-20 10:00:00,129.0656300673634
2026-03-20 11:00:00,125.0083225165493
2026-03-20 12:00:00,118.559870565732
2026-03-20 13:00:00,117.500281552066
2026-03-20 14:00:00,107.7165718991825
2026-03-20 15:00:00,94.94618585193136
2026-03-20 16:00:00,84.26315200766827
2026-03-20 17:00:00,87.49505511993198
2026-03-20 18:00:00,93.82713379905218
2026-03-20 19:00:00,86.06174863245401
2026-03-20 20:00:00,90.44616827344726
2026-03-20 21:00:00,101.311427568935
2026-03-20 22:00:00,101.7249654406068
2026-03-20 23:00:00,107.737678714748
2026-03-21 00:00:00,114.4892696760624
2026-03-21 01:00:00,135.6243012616735
2026-03-21 02:00:00,139.7618828906002
2026-03-21 03:00:00,147.450638893956
2026-03-21 04:00:00,153.3374902359054
2026-03-21 05:00:00,156.552157345763
2026-03-21 06:00:00,143.84487374193
2026-03-21 07:00:00,149.0533896806018
2026-03-21 08:00:00,154.2221863543469
2026-03-21 09:00:00,132.623474384186
2026-03-21 10:00:00,140.4774550118003
2026-03-21 11:00:00,126.364189294838
2026-03-21 12:00:00,107.3698668681004
2026-03-21 13:00:00,107.691985787463
2026-03-21 14:00:00,101.899737060606
2026-03-21 15:00:00,86.68827120734137
2026-03-21 16:00:00,94.12037461108955
2026-03-21 17:00:00,86.97868499137677
2026-03-21 18:00:00,89.40781449014186
2026-03-21 19:00:00,90.60571927800497
2026-03-21 20:00:00,98.0186043861289
2026-03-21 21:00:00,100.9631088038171
2026-03-21 22:00:00,91.50159199458373
2026-03-21 23:00:00,104.9641510601902
2026-03-22 00:00:00,108.833336534572
2026-03-22 01:00:00,130.2284895854572
2026-03-22 02:00:00,130.8826192773506
2026-03-22 03:00:00,147.8308970373059
2026-03-22 04:00:00,138.8132436770757
2026-03-22 05:00:00,154.3138948770965
2026-03-22 06:00:00,159.0293939657729
2026-03-22 07:00:00,145.9740553018573
2026-03-22 08:00:00,159.1014846484533
2026-03-22 09:00:00,159.940727068638
2026-03-22 10:00:00,145.6973066287138
2026-03-22 11:00:00,134.7843521729422
2026-03-22 12:00:00,138.987938138509
2026-03-22 13:00:00,122.0548927321571
2026-03-22 14:00:00,120.5752234902949
2026-03-22 15:00:00,111.1231982987933
2026-03-22 16:00:00,105.7256799761913
2026-03-22 17:00:00,106.9320802845275
2026-03-22 18:00:00,108.9387592091407
2026-03-22 19:00:00,105.8688811989243
2026-03-22 20:00:00,100.2830326504857
2026-03-22 21:00:00,100.9295920979173
2026-03-22 22:00:00,112.2883690167705
2026-03-22 23:00:00,130.5381312343211
2026-03-23 00:00:00,123.9338613645198
2026-03-23 01:00:00,150.1597774059063
2026-03-23 02:00:00,158.5690908325438
2026-03-23 03:00:00,149.2128264681181
2026-03-23 04:00:00,150.6893747975597
2026-03-23 05:00:00,166.6610570153032
2026-03-23 06:00:00,175.8949797315089
2026-03-23 07:00:00,156.8251835144363
2026-03-23 08:00:00,178.2276509599094
2026-03-23 09:00:00,175.7165194090234
2026-03-23 10:00:00,161.4841238431659
2026-03-23 11:00:00,150.052106166534
2026-03-23 12:00:00,132.9826070783038
2026-03-23 13:00:00,142.3095478720811
2026-03-23 14:00:00,133.1107053901869
2026-03-23 15:00:00,134.6521492368448
2026-03-23 16:00:00,123.5078606800286
2026-03-23 17:00:00,118.5155502223292
2026-03-23 18:00:00,117.8183044348667
2026-03-23 19:00:00,130.4050322211625
2026-03-23 20:00:00,122.8116157659845
2026-03-23 21:00:00,122.6160081497047
2026-03-23 22:00:00,141.6149095338322
2026-03-23 23:00:00,136.7292313122627
2026-03-24 00:00:00,160.3658784961175
2026-03-24 01:00:00,168.6302957316888
2026-03-24 02:00:00,170.6310368868183
2026-03-24 03:00:00,160.3252272174666
2026-03-24 04:00:00,168.1515778030131
2026-03-24 05:00:00,176.5605544191027
2026-03-24 06:00:00,178.9015739250174
2026-03-24 07:00:00,184.322072807964
2026-03-24 08:00:00,190.9137695951398
2026-03-24 09:00:00,160.6841262679746
2026-03-24 10:00:00,178.399348032861
2026-03-24 11:00:00,175.4152888155987
2026-03-24 12:00:00,163.2508141603118
2026-03-24 13:00:00,161.6814050786959
2026-03-24 14:00:00,145.2300507294064
2026-03-24 15:00:00,148.1721998045024
2026-03-24 16:00:00,129.5691577879018
2026-03-24 17:00:00,121.1536328512939
2026-03-24 18:00:00,124.7173163052861
2026-03-24 19:00:00,136.5945747386282
2026-03-24 20:00:00,126.4767229789394
2026-03-24 21:00:00,130.1564161060738
2026-03-24 22:00:00,130.9654452707159
2026-03-24 23:00:00,142.0442686057559
2026-03-25 00:00:00,140.8993004468108
2026-03-25 01:00:00,160.8329220997852
2026-03-25 02:00:00,172.726779428699
2026-03-25 03:00:00,189.1040052438474
2026-03-25 04:00:00,193.5814901708432
2026-03-25 05:00:00,167.9482160797227
2026-03-25 06:00:00,172.5903295546171
2026-03-25 07:00:00,174.989482744789
2026-03-25 08:00:00,182.6236853767593
2026-03-25 09:00:00,179.5050688222298
2026-03-25 10:00:00,177.9722755134964
2026-03-25 11:00:00,177.4774885400858
2026-03-25 12:00:00,155.5351938697759
2026-03-25 13:00:00,144.5970174630681
2026-03-25 14:00:00,131.6778859234748
2026-03-25 15:00:00,146.1450393025991
2026-03-25 16:00:00,128.3355049295641
2026-03-25 17:00:00,135.5827070585385
2026-03-25 18:00:00,132.9260867453649
2026-03-25 19:00:00,114.2125154142934
2026-03-25 20:00:00,129.3009763308853
2026-03-25 21:00:00,120.4787675532712
2026-03-25 22:00:00,133.1247931503069
2026-03-25 23:00:00,145.2962126696353
2026-03-26 00:00:00,136.9361812997616
2026-03-26 01:00:00,150.0919083022812
2026-03-26 02:00:00,160.1502867286025
2026-03-26 03:00:00,154.7574474641632
2026-03-26 04:00:00,163.6011360205356
2026-03-26 05:00:00,158.6009625962569
2026-03-26 06:00:00,173.0780462602526
2026-03-26 07:00:00,179.0388767686363
2026-03-26 08:00:00,171.4266346342939
2026-03-26 09:00:00,168.0878894877987
2026-03-26 10:00:00,153.0678421094532
2026-03-26 11:00:00,153.3695272140035
2026-03-26 12:00:00,149.2481196122633
2026-03-26 13:00:00,141.6257105071628
2026-03-26 14:00:00,116.7748734650698
2026-03-26 15:00:00,109.9857613154761
2026-03-26 16:00:00,100.0607024438741
2026-03-26 17:00:00,105.3436051539859
2026-03-26 18:00:00,102.2640616475412
2026-03-26 19:00:00,96.11816399274691
2026-03-26 20:00:00,114.3177002304853
2026-03-26 21:00:00,115.4039345747086
2026-03-26 22:00:00,117.6310561675488
2026-03-26 23:00:00,115.3128494153418
2026-03-27 00:00:00,142.3759139174275
2026-03-27 01:00:00,147.1292416442835
2026-03-27 02:00:00,142.3870478109294
2026-03-27 03:00:00,145.2370453923724
2026-03-27 04:00:00,152.6621420856688
2026-03-27 05:00:00,159.349854119546
2026-03-27 06:00:00,147.9118468757789
2026-03-27 07:00:00,159.8228632929479
2026-03-27 08:00:00,138.7164783287497
2026-03-27 09:00:00,140.1680320033929
2026-03-27 10:00:00,138.2248360645111
2026-03-27 11:00:00,143.480954212208
2026-03-27 12:00:00,134.5652474682368
2026-03-27 13:00:00,112.7084956153469
2026-03-27 14:00:00,108.2039086158002
2026-03-27 15:00:00,95.25486630852274
2026-03-27 16:00:00,101.893536433956
2026-03-27 17:00:00,100.3902507483661
2026-03-27 18:00:00,87.84556762310316
2026-03-27 19:00:00,84.94838025521814
2026-03-27 20:00:00,87.57912007739877
2026-03-27 21:00:00,99.95364949254774
2026-03-27 22:00:00,108.3904837291037
2026-03-27 23:00:00,107.7845538585563
2026-03-28 00:00:00,121.6820084602004
2026-03-28 01:00:00,129.5287488054148
2026-03-28 02:00:00,128.7978130860016
2026-03-28 03:00:00,127.4012359384928
2026-03-28 04:00:00,137.3658013521378
2026-03-28 05:00:00,156.8417577405154
2026-03-28 06:00:00,159.0621880837961
2026-03-28 07:00:00,152.1844914154272
2026-03-28 08:00:00,154.3844046569596
2026-03-28 09:00:00,126.7984487413791
2026-03-28 10:00:00,119.8361246100694
2026-03-28 11:00:00,112.9181985474046
2026-03-28 12:00:00,105.0932913832195
2026-03-28 13:00:00,111.5006629629828
2026-03-28 14:00:00,95.73672307778185
2026-03-28 15:00:00,92.02380352627321
2026-03-28 16:00:00,85.77025096234404
2026-03-28 17:00:00,81.14897772381514
2026-03-28 18:00:00,90.84283083425798
2026-03-28 19:00:00,86.94394830076455
2026-03-28 20:00:00,95.6415602751006
2026-03-28 21:00:00,98.97805693334472
2026-03-28 22:00:00,116.4253207380372
2026-03-28 23:00:00,124.5342866383725
2026-03-29 00:00:00,137.8647081359622
2026-03-29 01:00:00,121.6002449474378
2026-03-29 02:00:00,155.9955227437307
2026-03-29 03:00:00,145.4463838960394
2026-03-29 04:00:00,149.2528086710722
2026-03-29 05:00:00,167.9865211252086
2026-03-29 06:00:00,146.6005073372588
2026-03-29 07:00:00,167.0157195270377
2026-03-29 08:00:00,144.7442394271283
2026-03-29 09:00:00,140.0477003568735
2026-03-29 10:00:00,147.4347023614454
2026-03-29 11:00:00,137.7492322023713
2026-03-29 12:00:00,118.8017242034093
2026-03-29 13:00:00,118.8843232421203
2026-03-29 14:00:00,116.4943841626961
2026-03-29 15:00:00,99.54697122343121
2026-03-29 16:00:00,112.8061422398369
2026-03-29 17:00:00,92.45047663436094
2026-03-29 18:00:00,98.0631470498276
2026-03-29 19:00:00,104.8246369667631
2026-03-29 20:00:00,112.8758247014283
2026-03-29 21:00:00,109.8101558020119
2026-03-29 22:00:00,116.7511203871689
2026-03-29 23:00:00,120.6951327211347
2026-03-30 00:00:00,128.2529280980363
2026-03-30 01:00:00,157.9406478204809
2026-03-30 02:00:00,153.5471667566717
2026-03-30 03:00:00,173.0796126643069
2026-03-30 04:00:00,167.6447373540994
2026-03-30 05:00:00,159.1893594758311
2026-03-30 06:00:00,156.8443180854701
2026-03-30 07:00:00,166.1766184273385
2026-03-30 08:00:00,167.4510898136285
2026-03-30 09:00:00,166.371823983721
2026-03-30 10:00:00,151.6524134994033
2026-03-30 11:00:00,162.2011764281494
2026-03-30 12:00:00,161.6211270444134
2026-03-30 13:00:00,139.6943913444165
2026-03-30 14:00:00,121.7544410702037
2026-03-30 15:00:00,138.370631992198
2026-03-30 16:00:00,129.9441792539481
2026-03-30 17:00:00,132.4664115138012
2026-03-30 18:00:00,128.1544582153966
2026-03-30 19:00:00,110.2396397722757
2026-03-30 20:00:00,135.5975228333764
2026-03-30 21:00:00,119.9556994213093
2026-03-30 22:00:00,125.5286888607739
2026-03-30 23:00:00,141.7682115032648
2026-03-31 00:00:00,149.9923450237796
2026-03-31 01:00:00,167.734088644155
2026-03-31 02:00:00,180.338799957035
2026-03-31 03:00:00,175.8667569043146
2026-03-31 04:00:00,179.2371536306646
2026-03-31 05:00:00,179.4440463763613
2026-03-31 06:00:00,194.2079982652904
2026-03-31 07:00:00,201.1038244789714
2026-03-31 08:00:00,167.8611540205536
2026-03-31 09:00:00,162.7161933585039
2026-03-31 10:00:00,158.7605093990298
2026-03-31 11:00:00,181.4320365309725
2026-03-31 12:00:00,165.616567515031
2026-03-31 13:00:00,157.7117200303054
2026-03-31 14:00:00,147.8108720938682
2026-03-31 15:00:00,132.7304396825395
2026-03-31 16:00:00,120.666227005066
2026-03-31 17:00:00,133.5426764572015
2026-03-31 18:00:00,137.4087634362775
2026-03-31 19:00:00,124.1951042066505
2026-03-31 20:00:00,140.9910168971739
2026-03-31 21:00:00,129.7613309011082
2026-03-31 22:00:00,138.1939412681237
2026-03-31 23:00:00,153.6621233020251
2026-04-01 00:00:00,172.5877611116618
2026-04-01 01:00:00,177.6214415873286
2026-04-01 02:00:00,178.0898435977894
2026-04-01 03:00:00,192.8084867229223
2026-04-01 04:00:00,199.479144750959
2026-04-01 05:00:00,205.9049524876354
2026-04-01 06:00:00,200.8550797554306
2026-04-01 07:00:00,181.9117026413664
2026-04-01 08:00:00,199.6002124492633
2026-04-01 09:00:00,171.6962821765737
2026-04-01 10:00:00,160.8224105658957
2026-04-01 11:00:00,171.3670172599005
2026-04-01 12:00:00,162.9080644577063
2026-04-01 13:00:00,140.7395227643057
2026-04-01 14:00:00,143.3529819844562
2026-04-01 15:00:00,122.8872658274151
2026-04-01 16:00:00,124.7320429157866
2026-04-01 17:00:00,135.8641172388892
2026-04-01 18:00:00,128.5160275475786
2026-04-01 19:00:00,132.2306037747076
2026-04-01 20:00:00,132.4805598044328
2026-04-01 21:00:00,144.4706336343572
2026-04-01 22:00:00,129.144382353537
2026-04-01 23:00:00,153.2280129747245
2026-04-02 00:00:00,170.6957808540046
2026-04-02 01:00:00,164.9235967334777
2026-04-02 02:00:00,166.9616227235912
2026-04-02 03:00:00,158.3600745403278
2026-04-02 04:00:00,168.4793381300979
2026-04-02 05:00:00,168.4406698699242
2026-04-02 06:00:00,168.3810869685126
2026-04-02 07:00:00,183.9607256996173
2026-04-02 08:00:00,162.3145257678613
2026-04-02 09:00:00,168.9669755142605
2026-04-02 10:00:00,141.3694861313265
2026-04-02 11:00:00,155.8879721156885
2026-04-02 12:00:00,138.2469908059958
2026-04-02 13:00:00,115.2064608834919
2026-04-02 14:00:00,124.7295748687265
2026-04-02 15:00:00,120.8430675324245
2026-04-02 16:00:00,117.1268110639541
2026-04-02 17:00:00,101.2704917176496
2026-04-02 18:00:00,115.8384934061478
2026-04-02 19:00:00,114.870494289078
2026-04-02 20:00:00,101.4782633485936
2026-04-02 21:00:00,119.0080008807644
2026-04-02 22:00:00,112.104980741639
2026-04-02 23:00:00,141.7994093141745
2026-04-03 00:00:00,126.2737280355624
2026-04-03 01:00:00,137.4716618479131
2026-04-03 02:00:00,140.3986203102018
2026-04-03 03:00:00,148.5871103692743
2026-04-03 04:00:00,170.0062427672905
2026-04-03 05:00:00,169.9183242462859
2026-04-03 06:00:00,148.6488476342659
2026-04-03 07:00:00,151.5756400107219
2026-04-03 08:00:00,136.1085045226724
2026-04-03 09:00:00,131.7840757825978
2026-04-03 10:00:00,147.2304707988806
2026-04-03 11:00:00,123.6306982686008
2026-04-03 12:00:00,118.8909813695373
2026-04-03 13:00:00,108.1040742072167
2026-04-03 14:00:00,111.6925324997842
2026-04-03 15:00:00,105.0806770176238
2026-04-03 16:00:00,96.39781925116809
2026-04-03 17:00:00,97.86352561401056
2026-04-03 18:00:00,96.01499347404726
2026-04-03 19:00:00,85.16276367385983
2026-04-03 20:00:00,95.16681498517646
2026-04-03 21:00:00,106.3559334766758
2026-04-03 22:00:00,102.9786842050237
2026-04-03 23:00:00,114.0760780453858
2026-04-04 00:00:00,129.5470055037683
2026-04-04 01:00:00,139.6380106382093
2026-04-04 02:00:00,137.9124053242533
2026-04-04 03:00:00,134.3948756078307
2026-04-04 04:00:00,143.5591634435395
2026-04-04 05:00:00,150.059292889725
2026-04-04 06:00:00,143.6475077255412
2026-04-04 07:00:00,152.7295525412233
2026-04-04 08:00:00,136.5108293985645
2026-04-04 09:00:00,135.7912445723148
2026-04-04 10:00:00,144.748680936996
2026-04-04 11:00:00,128.0671652106405
2026-04-04 12:00:00,106.8416443068523
2026-04-04 13:00:00,112.2734564418233
2026-04-04 14:00:00,105.5877546356793
2026-04-04 15:00:00,93.43204064922361
2026-04-04 16:00:00,94.95314267480823
2026-04-04 17:00:00,97.96165801560811
2026-04-04 18:00:00,82.18887157011214
2026-04-04 19:00:00,90.81505856004719
2026-04-04 20:00:00,86.25910615808044
2026-04-04 21:00:00,103.2757019326464
2026-04-04 22:00:00,107.1246165986163
2026-04-04 23:00:00,104.7346223803444
2026-04-05 00:00:00,112.920297742271
2026-04-05 01:00:00,119.9479511209372
2026-04-05 02:00:00,138.2258336210116
2026-04-05 03:00:00,156.5158520838671
2026-04-05 04:00:00,159.3173930885457
2026-04-05 05:00:00,162.9758639875131
2026-04-05 06:00:00,169.712821144732
2026-04-05 07:00:00,162.9875075352633
2026-04-05 08:00:00,137.3336556506538
2026-04-05 09:00:00,140.4156093843625
2026-04-05 10:00:00,151.0053038279932
2026-04-05 11:00:00,127.1421838851773
2026-04-05 12:00:00,126.2815076273127
2026-04-05 13:00:00,112.9779824774819
2026-04-05 14:00:00,108.0038153762422
2026-04-05 15:00:00,116.3099903732817
2026-04-05 16:00:00,107.6511661115595
2026-04-05 17:00:00,107.176142330306
2026-04-05 18:00:00,96.94162476981646
2026-04-05 19:00:00,100.2283872348249
2026-04-05 20:00:00,102.8121559357648
2026-04-05 21:00:00,118.385484100323
2026-04-05 22:00:00,121.3500266910872
2026-04-05 23:00:00,129.5843213979217
2026-04-06 00:00:00,118.9274836846977
2026-04-06 01:00:00,140.9124496221116
2026-04-06 02:00:00,148.3074866731238
2026-04-06 03:00:00,162.3682734435712
2026-04-06 04:00:00,155.3343930138668
2026-04-06 05:00:00,150.896548467545
2026-04-06 06:00:00,174.6732628702444
2026-04-06 07:00:00,161.0756295320273
2026-04-06 08:00:00,162.2216201722583
2026-04-06 09:00:00,166.1103413093169
2026-04-06 10:00:00,175.3393234763729
2026-04-06 11:00:00,162.5285276335918
2026-04-06 12:00:00,142.7860710182161
2026-04-06 13:00:00,154.7397003742841
2026-04-06 14:00:00,137.2969813673912
2026-04-06 15:00:00,121.7936597457949
2026-04-06 16:00:00,121.5462364412212
2026-04-06 17:00:00,127.3831304223724
2026-04-06 18:00:00,125.5286243852043
2026-04-06 19:00:00,120.8922496270251
2026-04-06 20:00:00,132.3790895833524
2026-04-06 21:00:00,120.3363312790522
2026-04-06 22:00:00,143.1908028848498
2026-04-06 23:00:00,145.6585637187351
2026-04-07 00:00:00,162.2302682736253
2026-04-07 01:00:00,144.4977606488674
2026-04-07 02:00:00,181.2065910780784
2026-04-07 03:00:00,162.767579129545
2026-04-07 04:00:00,171.2220097001737
2026-04-07 05:00:00,173.4399220782517
2026-04-07 06:00:00,192.8770045503164
2026-04-07 07:00:00,199.8415906471707
2026-04-07 08:00:00,185.6334822272838
2026-04-07 09:00:00,189.6919191464211
2026-04-07 10:00:00,167.118078186028
2026-04-07 11:00:00,161.8533584715247
2026-04-07 12:00:00,152.8006581683103
2026-04-07 13:00:00,151.961652932252
2026-04-07 14:00:00,153.1665394630914
2026-04-07 15:00:00,141.5064175464572
2026-04-07 16:00:00,137.8107354152017
2026-04-07 17:00:00,127.484823634607
2026-04-07 18:00:00,120.7117947703706
2026-04-07 19:00:00,130.4298510728922
2026-04-07 20:00:00,128.641692151526
2026-04-07 21:00:00,133.4460533775174
2026-04-07 22:00:00,143.6416676946328
2026-04-07 23:00:00,155.8161951744828
2026-04-08 00:00:00,140.2372546111042
2026-04-08 01:00:00,159.9397365719522
2026-04-08 02:00:00,178.369480111898
2026-04-08 03:00:00,182.7925919173374
2026-04-08 04:00:00,196.20795172897
2026-04-08 05:00:00,194.9206218434894
2026-04-08 06:00:00,185.0449100611814
2026-04-08 07:00:00,190.4496500821725
2026-04-08 08:00:00,164.0279790117612
2026-04-08 09:00:00,162.3571845135786
2026-04-08 10:00:00,169.4390621580674
2026-04-08 11:00:00,176.8464778908796
2026-04-08 12:00:00,156.1886403441891
2026-04-08 13:00:00,154.0455945456766
2026-04-08 14:00:00,135.91440963734
2026-04-08 15:00:00,122.772711889936
2026-04-08 16:00:00,134.5352480602627
2026-04-08 17:00:00,124.2439385644665
2026-04-08 18:00:00,117.808133525757
2026-04-08 19:00:00,124.1394785308705
2026-04-08 20:00:00,113.5772814123185
2026-04-08 21:00:00,140.1168231881828
2026-04-08 22:00:00,140.0051263737851
2026-04-08 23:00:00,135.122966824026
2026-04-09 00:00:00,155.7173938104987
2026-04-09 01:00:00,165.3596837289656
2026-04-09 02:00:00,176.5328538988544
2026-04-09 03:00:00,168.1529725184682
2026-04-09 04:00:00,184.3651867351322
2026-04-09 05:00:00,166.9363615117673
2026-04-09 06:00:00,169.225776123319
2026-04-09 07:00:00,157.0039899696326
2026-04-09 08:00:00,166.4292826102673
2026-04-09 09:00:00,170.9072124116348
2026-04-09 10:00:00,155.6477914989148
2026-04-09 11:00:00,141.2446627171209
2026-04-09 12:00:00,125.5724789665144
2026-04-09 13:00:00,128.9763952024249
2026-04-09 14:00:00,114.1478225247954
2026-04-09 15:00:00,104.4191035044944
2026-04-09 16:00:00,114.50470838849
2026-04-09 17:00:00,95.26150391007224
2026-04-09 18:00:00,96.23306969153894
2026-04-09 19:00:00,93.53745640025693
2026-04-09 20:00:00,108.7927273182571
2026-04-09 21:00:00,104.1362238337608
2026-04-09 22:00:00,101.4422690191425
2026-04-09 23:00:00,121.6246726995341
2026-04-10 00:00:00,112.6070254914453
2026-04-10 01:00:00,139.231976756435
2026-04-10 02:00:00,143.0851291235687
2026-04-10 03:00:00,132.167371300282
2026-04-10 04:00:00,141.7608004277034
2026-04-10 05:00:00,141.3491999272009
2026-04-10 06:00:00,163.5658365591081
2026-04-10 07:00:00,147.4023637134021
2026-04-10 08:00:00,140.4276436873417
2026-04-10 09:00:00,137.957001686641
2026-04-10 10:00:00,126.7532927152826
2026-04-10 11:00:00,142.9816580186598
2026-04-10 12:00:00,114.8666904734227
2026-04-10 13:00:00,121.9235265386699
2026-04-10 14:00:00,109.6900548826482
2026-04-10 15:00:00,92.78615873549371
2026-04-10 16:00:00,88.42065716034108
2026-04-10 17:00:00,85.99308227765472
2026-04-10 18:00:00,90.24565444378483
2026-04-10 19:00:00,87.33042441019559
2026-04-10 20:00:00,95.51944896027922
2026-04-10 21:00:00,99.20679770695344
2026-04-10 22:00:00,95.31439028007985
2026-04-10 23:00:00,96.43753856022995
2026-04-11 00:00:00,104.9307412667059
2026-04-11 01:00:00,114.4879619289238
2026-04-11 02:00:00,120.6353596873172
2026-04-11 03:00:00,140.128207147935
2026-04-11 04:00:00,143.3262572072727
2026-04-11 05:00:00,131.60772365671
2026-04-11 06:00:00,156.5683212735704
2026-04-11 07:00:00,158.3710597056783
2026-04-11 08:00:00,140.5621531742032
2026-04-11 09:00:00,142.9471677662483
2026-04-11 10:00:00,125.2738439675013
2026-04-11 11:00:00,120.1236754965105
2026-04-11 12:00:00,113.668098834274
2026-04-11 13:00:00,108.0548951376584
2026-04-11 14:00:00,108.9573839691463
2026-04-11 15:00:00,92.05797333018371
2026-04-11 16:00:00,90.30861197316989
2026-04-11 17:00:00,80.72080909908938
2026-04-11 18:00:00,91.00003628709247
2026-04-11 19:00:00,88.24458197467891
2026-04-11 20:00:00,102.0283162723401
2026-04-11 21:00:00,97.12867853612646
2026-04-11 22:00:00,113.7701854121871
2026-04-11 23:00:00,106.6601031523083
2026-04-12 00:00:00,138.2667348130309
2026-04-12 01:00:00,147.1162341557955
2026-04-12 02:00:00,127.1755814780524
2026-04-12 03:00:00,141.5589722176113
2026-04-12 04:00:00,149.2265185982878
2026-04-12 05:00:00,147.7138133301284
2026-04-12 06:00:00,144.0640766145982
2026-04-12 07:00:00,140.9349797258898
2026-04-12 08:00:00,158.6441363208469
2026-04-12 09:00:00,139.3970792153949
2026-04-12 10:00:00,127.9269664370154
2026-04-12 11:00:00,124.1163930799276
2026-04-12 12:00:00,120.1788404903885
2026-04-12 13:00:00,116.5525102463383
2026-04-12 14:00:00,114.5284122409692
2026-04-12 15:00:00,115.4990838689827
2026-04-12 16:00:00,108.9402717639016
2026-04-12 17:00:00,101.67522467904
2026-04-12 18:00:00,98.15494619559027
2026-04-12 19:00:00,100.8489555948584
2026-04-12 20:00:00,109.6822189313821
2026-04-12 21:00:00,103.4306624319825
2026-04-12 22:00:00,128.2216545599985
2026-04-12 23:00:00,134.3085735640812
2026-04-13 00:00:00,139.5341199149137
2026-04-13 01:00:00,136.3080559950822
2026-04-13 02:00:00,158.6188862676563
2026-04-13 03:00:00,147.8775022273773
2026-04-13 04:00:00,159.3750571399018
2026-04-13 05:00:00,154.5374718786129
2026-04-13 06:00:00,172.831282161223
2026-04-13 07:00:00,159.2522924158395
2026-04-13 08:00:00,182.0904206279908
2026-04-13 09:00:00,172.6429819874924
2026-04-13 10:00:00,169.4253702051872
2026-04-13 11:00:00,148.9840038343711
2026-04-13 12:00:00,154.9275292726677
2026-04-13 13:00:00,126.9570829505763
2026-04-13 14:00:00,142.037416846175
2026-04-13 15:00:00,122.3974763390889
2026-04-13 16:00:00,115.5172858056086
2026-04-13 17:00:00,124.7326903525793
2026-04-13 18:00:00,111.3718503447166
2026-04-13 19:00:00,120.6875917871516
2026-04-13 20:00:00,108.079834867069
2026-04-13 21:00:00,120.8734227622398
2026-04-13 22:00:00,137.6247116874399
2026-04-13 23:00:00,135.5095088278279
2026-04-14 00:00:00,149.9984500771574
2026-04-14 01:00:00,143.8748546837964
2026-04-14 02:00:00,162.2523886989295
2026-04-14 03:00:00,164.7898678433858
2026-04-14 04:00:00,167.4632314182646
2026-04-14 05:00:00,179.910353944713
2026-04-14 06:00:00,181.8696082590141
2026-04-14 07:00:00,177.6247356736412
2026-04-14 08:00:00,166.3700520030766
2026-04-14 09:00:00,166.003951592887
2026-04-14 10:00:00,176.9883071546774
2026-04-14 11:00:00,164.436410042138
2026-04-14 12:00:00,142.700559409889
2026-04-14 13:00:00,154.0976395146934
2026-04-14 14:00:00,127.1421800850768
2026-04-14 15:00:00,137.9470428072062
2026-04-14 16:00:00,124.4053074050404
2026-04-14 17:00:00,119.8240995623741
2026-04-14 18:00:00,117.5843162849893
2026-04-14 19:00:00,121.4795109537019
2026-04-14 20:00:00,135.7512570732968
2026-04-14 21:00:00,131.1790810556813
2026-04-14 22:00:00,154.8749970042081
2026-04-14 23:00:00,159.4900064677458
2026-04-15 00:00:00,174.1464953507938
2026-04-15 01:00:00,181.4291124049067
2026-04-15 02:00:00,177.2161555843578
2026-04-15 03:00:00,179.7830325677129
2026-04-15 04:00:00,167.8043851147668
2026-04-15 05:00:00,168.9633589735339
2026-04-15 06:00:00,179.0525948339108
2026-04-15 07:00:00,164.4627645221366
2026-04-15 08:00:00,156.6765936340009
2026-04-15 09:00:00,155.020396180638
2026-04-15 10:00:00,155.6962866220156
2026-04-15 11:00:00,156.5582073808613
2026-04-15 12:00:00,143.6394068579283
2026-04-15 13:00:00,139.5531191433174
2026-04-15 14:00:00,119.5482201542543
2026-04-15 15:00:00,133.9527216439703
2026-04-15 16:00:00,129.4081532486519
2026-04-15 17:00:00,127.6821344376977
2026-04-15 18:00:00,118.8934679912851
2026-04-15 19:00:00,131.0561165677082
2026-04-15 20:00:00,125.4771917502815
2026-04-15 21:00:00,136.9272205229017
2026-04-15 22:00:00,148.4226910714096
2026-04-15 23:00:00,139.2434764585897
2026-04-16 00:00:00,144.6753673813794
2026-04-16 01:00:00,152.0473025226137
2026-04-16 02:00:00,177.3092368256425
2026-04-16 03:00:00,179.256897760039
2026-04-16 04:00:00,151.8279809017235
2026-04-16 05:00:00,172.1577566525922
2026-04-16 06:00:00,168.1618950786486
2026-04-16 07:00:00,156.8301153268654
2026-04-16 08:00:00,150.6067520648555
2026-04-16 09:00:00,138.5462483752546
2026-04-16 10:00:00,140.2217118788206
2026-04-16 11:00:00,143.2683789844539
2026-04-16 12:00:00,128.0709358620995
2026-04-16 13:00:00,119.9082271765077
2026-04-16 14:00:00,105.241650652881
2026-04-16 15:00:00,115.018126898096
2026-04-16 16:00:00,103.5148137435207
2026-04-16 17:00:00,93.73769592044452
2026-04-16 18:00:00,105.6561360745451
2026-04-16 19:00:00,99.35446156704937
2026-04-16 20:00:00,112.0963902458091
2026-04-16 21:00:00,111.9798428266404
2026-04-16 22:00:00,113.0021090426132
2026-04-16 23:00:00,113.7168206301218
2026-04-17 00:00:00,141.5351148838108
2026-04-17 01:00:00,145.2504058110545
2026-04-17 02:00:00,142.3319113794003
2026-04-17 03:00:00,161.9293055129909
2026-04-17 04:00:00,147.7214997087976
2026-04-17 05:00:00,163.7062066344949
2026-04-17 06:00:00,155.1720682605035
2026-04-17 07:00:00,160.4881993989713
2026-04-17 08:00:00,143.9171599775606
2026-04-17 09:00:00,143.3430953596301
2026-04-17 10:00:00,128.8237284224728
2026-04-17 11:00:00,114.7606800714605
2026-04-17 12:00:00,127.8200315573654
2026-04-17 13:00:00,116.1425328074442
2026-04-17 14:00:00,111.4609876065968
2026-04-17 15:00:00,99.93538699420634
2026-04-17 16:00:00,89.35641965338931
2026-04-17 17:00:00,93.11251817587909
2026-04-17 18:00:00,93.67751672052614
2026-04-17 19:00:00,83.37637341283035
2026-04-17 20:00:00,95.24788252807465
2026-04-17 21:00:00,81.81272102641213
2026-04-17 22:00:00,104.1459620193802
2026-04-17 23:00:00,91.77750175911258
2026-04-18 00:00:00,116.7421374517182
2026-04-18 01:00:00,114.312747173713
2026-04-18 02:00:00,119.0245775999993
2026-04-18 03:00:00,117.0547994628216
2026-04-18 04:00:00,137.9985973277268
2026-04-18 05:00:00,140.1954435430055
2026-04-18 06:00:00,149.1970570595261
2026-04-18 07:00:00,133.4989956635979
2026-04-18 08:00:00,137.3311656968627
2026-04-18 09:00:00,139.1834687198736
2026-04-18 10:00:00,132.4862382213473
2026-04-18 11:00:00,137.6867129461241
2026-04-18 12:00:00,130.9052724670419
2026-04-18 13:00:00,121.9848778266316
2026-04-18 14:00:00,114.1798104096024
2026-04-18 15:00:00,91.55272230559322
2026-04-18 16:00:00,90.45595187597796
2026-04-18 17:00:00,84.71060162374542
2026-04-18 18:00:00,80.27524146340566
2026-04-18 19:00:00,81.54966954988457
2026-04-18 20:00:00,82.91198379741815
2026-04-18 21:00:00,88.19535954837315
2026-04-18 22:00:00,97.80876356143757
2026-04-18 23:00:00,106.2414132575492
2026-04-19 00:00:00,100.1834158045803
2026-04-19 01:00:00,123.0774838801612
2026-04-19 02:00:00,124.1350289162001
2026-04-19 03:00:00,133.6707376451933
2026-04-19 04:00:00,131.3227111380961
2026-04-19 05:00:00,145.12005566564
2026-04-19 06:00:00,134.6243054844793
2026-04-19 07:00:00,160.6743395549365
2026-04-19 08:00:00,154.1949904121352
2026-04-19 09:00:00,135.6273981916534
2026-04-19 10:00:00,149.2361040828426
2026-04-19 11:00:00,124.54633387647
2026-04-19 12:00:00,136.1235228790905
2026-04-19 13:00:00,123.1656882764673
2026-04-19 14:00:00,124.1181271952183
2026-04-19 15:00:00,105.206481926014
2026-04-19 16:00:00,110.2825716611067
2026-04-19 17:00:00,96.72585225609402
2026-04-19 18:00:00,104.6293838905331
2026-04-19 19:00:00,101.5290924558272
2026-04-19 20:00:00,97.34419286378791
2026-04-19 21:00:00,103.435587075473
2026-04-19 22:00:00,119.0280553879172
2026-04-19 23:00:00,128.0407128857501
2026-04-20 00:00:00,138.3784143619907
2026-04-20 01:00:00,134.0253947659036
2026-04-20 02:00:00,157.7228753415482
2026-04-20 03:00:00,162.0310961771117
2026-04-20 04:00:00,145.4473989792242
2026-04-20 05:00:00,176.6196651814727
2026-04-20 06:00:00,162.6031819199733
2026-04-20 07:00:00,170.9922131328287
2026-04-20 08:00:00,165.9522019114798
2026-04-20 09:00:00,172.6824210346304
2026-04-20 10:00:00,168.7730630882359
2026-04-20 11:00:00,152.2055168409558
2026-04-20 12:00:00,139.820746270764
2026-04-20 13:00:00,145.0342360316942
2026-04-20 14:00:00,127.3304611458549
2026-04-20 15:00:00,129.9180556268498
2026-04-20 16:00:00,119.7294595480608
2026-04-20 17:00:00,115.3444209551576
2026-04-20 18:00:00,110.4217395272524
2026-04-20 19:00:00,120.5481313789099
2026-04-20 20:00:00,109.523343430728
2026-04-20 21:00:00,126.9012679655149
2026-04-20 22:00:00,126.0031695407252
2026-04-20 23:00:00,126.3945761838642
2026-04-21 00:00:00,127.1160159875278
2026-04-21 01:00:00,158.9734661531847
2026-04-21 02:00:00,154.273292465676
2026-04-21 03:00:00,170.5882597662869
2026-04-21 04:00:00,177.9903800240537
2026-04-21 05:00:00,169.0022201728247
2026-04-21 06:00:00,165.936010476465
2026-04-21 07:00:00,174.9729984446169
2026-04-21 08:00:00,169.5033503931091
2026-04-21 09:00:00,170.6706583780441
2026-04-21 10:00:00,155.8602159950229
2026-04-21 11:00:00,158.8344600929579
2026-04-21 12:00:00,146.120429393385
2026-04-21 13:00:00,137.6726930474161
2026-04-21 14:00:00,130.2323289620716
2026-04-21 15:00:00,119.6204573197923
2026-04-21 16:00:00,117.2550692661271
2026-04-21 17:00:00,110.3168581742753
2026-04-21 18:00:00,131.3106172224804
2026-04-21 19:00:00,123.587309761304
2026-04-21 20:00:00,129.1902257154572
2026-04-21 21:00:00,140.7572543405528
2026-04-21 22:00:00,147.3972053395404
2026-04-21 23:00:00,132.5237689201408
2026-04-22 00:00:00,166.6179347303712
2026-04-22 01:00:00,166.3088195867149
2026-04-22 02:00:00,178.166653581352
2026-04-22 03:00:00,164.8341489021185
2026-04-22 04:00:00,159.5304981791018
2026-04-22 05:00:00,173.430719950901
2026-04-22 06:00:00,186.7431189889636
2026-04-22 07:00:00,159.7204665840487
2026-04-22 08:00:00,167.3463412336879
2026-04-22 09:00:00,164.8330537415655
2026-04-22 10:00:00,177.2106511367652
2026-04-22 11:00:00,142.0446393942914
2026-04-22 12:00:00,159.6866279324289
2026-04-22 13:00:00,136.5061691805138
2026-04-22 14:00:00,141.9206781544933
2026-04-22 15:00:00,113.1087148666122
2026-04-22 16:00:00,116.9543358721406
2026-04-22 17:00:00,125.0893238666286
2026-04-22 18:00:00,106.6134749118793
2026-04-22 19:00:00,112.7889875722017
2026-04-22 20:00:00,114.0389490119635
2026-04-22 21:00:00,117.0253836699718
2026-04-22 22:00:00,131.4303183524866
2026-04-22 23:00:00,124.6474731354471
2026-04-23 00:00:00,142.5021482916729
2026-04-23 01:00:00,134.1583951057549
2026-04-23 02:00:00,136.8491232797379
2026-04-23 03:00:00,168.2098027598365
2026-04-23 04:00:00,151.710111176093
2026-04-23 05:00:00,147.544024465699
2026-04-23 06:00:00,179.8117899789005
2026-04-23 07:00:00,154.9183232982652
2026-04-23 08:00:00,151.1874343809089
2026-04-23 09:00:00,160.6291800016564
2026-04-23 10:00:00,141.2780051257418
2026-04-23 11:00:00,148.1857166392567
2026-04-23 12:00:00,130.3266929187127
2026-04-23 13:00:00,133.5969123489925
2026-04-23 14:00:00,108.2313138713789
2026-04-23 15:00:00,97.6956285447855
2026-04-23 16:00:00,95.52224922177291
2026-04-23 17:00:00,103.9438252209298
2026-04-23 18:00:00,87.94368832217404
2026-04-23 19:00:00,92.55439841735856
2026-04-23 20:00:00,105.0017434995508
2026-04-23 21:00:00,102.0832764270154
2026-04-23 22:00:00,112.9618973577099
2026-04-23 23:00:00,122.3743948585717
2026-04-24 00:00:00,121.4453573943874
2026-04-24 01:00:00,117.1087794144131
2026-04-24 02:00:00,134.3560166315107
2026-04-24 03:00:00,146.2004598889625
2026-04-24 04:00:00,149.4254492070015
2026-04-24 05:00:00,140.7959980200723
2026-04-24 06:00:00,158.762548357022
2026-04-24 07:00:00,157.7855049298674
2026-04-24 08:00:00,130.2234449979569
2026-04-24 09:00:00,148.4643837019396
2026-04-24 10:00:00,126.6824706031784
2026-04-24 11:00:00,125.4790665631194
2026-04-24 12:00:00,119.7152201741835
2026-04-24 13:00:00,99.37495905832337
2026-04-24 14:00:00,98.50883257814017
2026-04-24 15:00:00,81.42903156936438
2026-04-24 16:00:00,84.46259014809955
2026-04-24 17:00:00,82.21924682508968
2026-04-24 18:00:00,84.77245168999764
2026-04-24 19:00:00,84.85579272355312
2026-04-24 20:00:00,82.7624523034706
2026-04-24 21:00:00,91.0369488087805
2026-04-24 22:00:00,104.5232042725115
2026-04-24 23:00:00,111.7650726541189
2026-04-25 00:00:00,124.6247678001091
2026-04-25 01:00:00,132.7158955646039
2026-04-25 02:00:00,122.4041228104561
2026-04-25 03:00:00,132.3207106979202
2026-04-25 04:00:00,132.3798838688361
2026-04-25 05:00:00,149.0644867962701
2026-04-25 06:00:00,152.9432514256397
2026-04-25 07:00:00,126.0921376810347
2026-04-25 08:00:00,124.0991688795547
2026-04-25 09:00:00,132.433695565505
2026-04-25 10:00:00,113.2954759687869
2026-04-25 11:00:00,107.2159979840253
2026-04-25 12:00:00,99.56065148268678
2026-04-25 13:00:00,94.24993675583558
2026-04-25 14:00:00,85.35961103789664
2026-04-25 15:00:00,91.24264730382329
2026-04-25 16:00:00,90.33901184824741
2026-04-25 17:00:00,90.26330889608248
2026-04-25 18:00:00,80.1682447051732
2026-04-25 19:00:00,87.05698848834969
2026-04-25 20:00:00,88.36496803977506
2026-04-25 21:00:00,85.55696909162704
2026-04-25 22:00:00,102.7937352141231
2026-04-25 23:00:00,97.94451237060234
2026-04-26 00:00:00,107.2966147656979
2026-04-26 01:00:00,130.6096068629063
2026-04-26 02:00:00,138.7654798144794
2026-04-26 03:00:00,129.4841456741952
2026-04-26 04:00:00,152.9382031691957
2026-04-26 05:00:00,158.0727491747149
2026-04-26 06:00:00,133.4412798528649
2026-04-26 07:00:00,143.8346699196131
2026-04-26 08:00:00,135.5143149567361
2026-04-26 09:00:00,145.0865114398449
2026-04-26 10:00:00,134.9672367331243
2026-04-26 11:00:00,137.153015021242
2026-04-26 12:00:00,131.2884309063602
2026-04-26 13:00:00,126.9102377077087
2026-04-26 14:00:00,109.6860767772938
2026-04-26 15:00:00,113.1641883835542
2026-04-26 16:00:00,108.837199313102
2026-04-26 17:00:00,105.1907401534195
2026-04-26 18:00:00,98.52605650196077
2026-04-26 19:00:00,98.0641144067366
2026-04-26 20:00:00,107.7114349300412
2026-04-26 21:00:00,108.078399015565
2026-04-26 22:00:00,100.8255754752022
2026-04-26 23:00:00,109.3451124444376
2026-04-27 00:00:00,121.7587655255068
2026-04-27 01:00:00,138.6927603705662
2026-04-27 02:00:00,142.8380916645084
2026-04-27 03:00:00,158.840608356302
2026-04-27 04:00:00,145.5297133796421
2026-04-27 05:00:00,159.0435796087609
2026-04-27 06:00:00,149.4167588563187
2026-04-27 07:00:00,172.437175546478
2026-04-27 08:00:00,148.7557877854318
2026-04-27 09:00:00,169.585469455058
2026-04-27 10:00:00,153.9474263857989
2026-04-27 11:00:00,136.4893850300155
2026-04-27 12:00:00,146.5834221872188
2026-04-27 13:00:00,144.7390876239425
2026-04-27 14:00:00,130.3049680187887
2026-04-27 15:00:00,116.2167150250694
2026-04-27 16:00:00,115.3375384517094
2026-04-27 17:00:00,103.5717349802204
2026-04-27 18:00:00,103.6816090505177
2026-04-27 19:00:00,115.9208444055342
2026-04-27 20:00:00,122.150351229591
2026-04-27 21:00:00,117.9593806195641
2026-04-27 22:00:00,117.2851339269329
2026-04-27 23:00:00,138.3648101483203
2026-04-28 00:00:00,142.8143789843331
2026-04-28 01:00:00,146.1976450878089
2026-04-28 02:00:00,154.8965649150718
2026-04-28 03:00:00,173.5220991690085
2026-04-28 04:00:00,160.1730171701849
2026-04-28 05:00:00,163.3617977163443
2026-04-28 06:00:00,174.6256731216902
2026-04-28 07:00:00,168.2913973947245
2026-04-28 08:00:00,171.1118816514194
2026-04-28 09:00:00,154.5833067044808
2026-04-28 10:00:00,174.8120999286971
2026-04-28 11:00:00,156.453581309194
2026-04-28 12:00:00,147.4717254001048
2026-04-28 13:00:00,146.4990020238781
2026-04-28 14:00:00,123.0990632340736
2026-04-28 15:00:00,134.6759841005776
2026-04-28 16:00:00,129.8417946247319
2026-04-28 17:00:00,124.7791381314526
2026-04-28 18:00:00,117.7343350427461
2026-04-28 19:00:00,118.2006371232969
2026-04-28 20:00:00,127.3133673882219
2026-04-28 21:00:00,136.5189929246853
2026-04-28 22:00:00,128.6711401322562
2026-04-28 23:00:00,157.1817710162019
2026-04-29 00:00:00,146.3331707127687
2026-04-29 01:00:00,143.8247242070115
2026-04-29 02:00:00,157.6417364309671
2026-04-29 03:00:00,186.1616446501711
2026-04-29 04:00:00,172.2767733340502
2026-04-29 05:00:00,180.4434540625174
2026-04-29 06:00:00,178.387236059395
2026-04-29 07:00:00,169.3191263038178
2026-04-29 08:00:00,185.7933522513091
2026-04-29 09:00:00,171.9178896750651
2026-04-29 10:00:00,166.3390820578454
2026-04-29 11:00:00,137.7359643564077
2026-04-29 12:00:00,129.3920788009819
2026-04-29 13:00:00,126.8999357940577
2026-04-29 14:00:00,134.0188479789926
2026-04-29 15:00:00,118.7687734085797
2026-04-29 16:00:00,113.8804461765706
2026-04-29 17:00:00,103.7456266387546
2026-04-29 18:00:00,115.8405344937919
2026-04-29 19:00:00,108.5843519035971
2026-04-29 20:00:00,103.023735252308
2026-04-29 21:00:00,116.8104138448542
2026-04-29 22:00:00,125.7200778535976
2026-04-29 23:00:00,130.3884816528431
2026-04-30 00:00:00,143.0994895485169
2026-04-30 01:00:00,150.6778590768918
2026-04-30 02:00:00,153.5844915210608
2026-04-30 03:00:00,152.6013402543251
2026-04-30 04:00:00,163.3406429743829
2026-04-30 05:00:00,157.5617623050211
2026-04-30 06:00:00,151.9880159780081
2026-04-30 07:00:00,152.6688608314063
2026-04-30 08:00:00,153.5551630107376
2026-04-30 09:00:00,158.7542888696969
2026-04-30 10:00:00,147.6600157090771
2026-04-30 11:00:00,127.2125969085409
2026-04-30 12:00:00,128.2597064320036
2026-04-30 13:00:00,112.9468363634831
2026-04-30 14:00:00,109.7290171971733
2026-04-30 15:00:00,96.74981783717686
2026-04-30 16:00:00,106.9724447507135
2026-04-30 17:00:00,102.5332049851281
2026-04-30 18:00:00,84.25817598974159
2026-04-30 19:00:00,100.1765034069256
2026-04-30 20:00:00,101.6190016319016
2026-04-30 21:00:00,106.7684045332515
2026-04-30 22:00:00,94.50173314977584
2026-04-30 23:00:00,103.74693266501
2026-05-01 00:00:00,107.555290178345
2026-05-01 01:00:00,130.4447829904186
2026-05-01 02:00:00,124.1145208735018
2026-05-01 03:00:00,131.2967929738456
2026-05-01 04:00:00,146.8459193073145
2026-05-01 05:00:00,143.6440230604117
2026-05-01 06:00:00,135.1076504774679
2026-05-01 07:00:00,150.8432689912473
2026-05-01 08:00:00,134.7110344907743
2026-05-01 09:00:00,135.4591424157114
2026-05-01 10:00:00,132.2586851278523
2026-05-01 11:00:00,128.4063578782142
2026-05-01 12:00:00,106.3269448745119
2026-05-01 13:00:00,103.765185160564
2026-05-01 14:00:00,96.53757108795627
2026-05-01 15:00:00,91.35262919689974
2026-05-01 16:00:00,83.03772140189999
2026-05-01 17:00:00,80.28256034137198
2026-05-01 18:00:00,77.24530194896373
2026-05-01 19:00:00,73.95859100996975
2026-05-01 20:00:00,83.82610351769091
2026-05-01 21:00:00,84.89789650196852
2026-05-01 22:00:00,100.3236277080905
2026-05-01 23:00:00,92.2168621158428
2026-05-02 00:00:00,100.0593801077569
2026-05-02 01:00:00,119.0773998129331
2026-05-02 02:00:00,113.0255539350666
2026-05-02 03:00:00,121.5997326027467
2026-05-02 04:00:00,141.5203736160616
2026-05-02 05:00:00,130.7947419343536
2026-05-02 06:00:00,135.6859013819504
2026-05-02 07:00:00,137.3428642516278
2026-05-02 08:00:00,123.8287389812652
2026-05-02 09:00:00,134.1227285755631
2026-05-02 10:00:00,109.0921760969605
2026-05-02 11:00:00,101.735898180712
2026-05-02 12:00:00,99.28191468001381
2026-05-02 13:00:00,91.02717338435808
2026-05-02 14:00:00,81.19310496931469
2026-05-02 15:00:00,86.84669390704346
2026-05-02 16:00:00,72.06375231588933
2026-05-02 17:00:00,82.27285572763968
2026-05-02 18:00:00,77.05364314506156
2026-05-02 19:00:00,79.68914422327745
2026-05-02 20:00:00,92.9895516403823
2026-05-02 21:00:00,90.37598868218403
2026-05-02 22:00:00,105.7981968816507
2026-05-02 23:00:00,105.8938630112866
2026-05-03 00:00:00,106.8821131920966
2026-05-03 01:00:00,127.9746243931754
2026-05-03 02:00:00,121.0652437640665
2026-05-03 03:00:00,133.0041490110613
2026-05-03 04:00:00,134.4943138526198
2026-05-03 05:00:00,130.3151284806447
2026-05-03 06:00:00,133.425218535534
2026-05-03 07:00:00,154.871542217705
2026-05-03 08:00:00,149.4520773346105
2026-05-03 09:00:00,132.2474224609928
2026-05-03 10:00:00,133.8741064178283
2026-05-03 11:00:00,121.7280998640477
2026-05-03 12:00:00,111.5407112461287
2026-05-03 13:00:00,100.02352958096
2026-05-03 14:00:00,99.5238702215989
2026-05-03 15:00:00,93.86405081095587
2026-05-03 16:00:00,97.786818437045
2026-05-03 17:00:00,96.00506028814742
2026-05-03 18:00:00,87.85262277806052
2026-05-03 19:00:00,96.66988997073824
2026-05-03 20:00:00,93.68912144536985
2026-05-03 21:00:00,116.9698256096982
2026-05-03 22:00:00,118.8306991923106
2026-05-03 23:00:00,120.736279760577
2026-05-04 00:00:00,130.0853505820442
2026-05-04 01:00:00,139.7786427018132
2026-05-04 02:00:00,155.9585281516772
2026-05-04 03:00:00,164.609940675878
2026-05-04 04:00:00,145.6871823852507
2026-05-04 05:00:00,154.3315264757204
2026-05-04 06:00:00,159.7728009035209
2026-05-04 07:00:00,168.375769978923
2026-05-04 08:00:00,156.9935665793354
2026-05-04 09:00:00,137.6348927352963
2026-05-04 10:00:00,154.3934696453362
2026-05-04 11:00:00,144.2050064780939
2026-05-04 12:00:00,128.04018778022
2026-05-04 13:00:00,122.0144812674204
2026-05-04 14:00:00,113.2954724485776
2026-05-04 15:00:00,103.8463765881985
2026-05-04 16:00:00,109.9949462138814
2026-05-04 17:00:00,104.6431944283634
2026-05-04 18:00:00,96.79909309663806
2026-05-04 19:00:00,110.7712951160916
2026-05-04 20:00:00,109.2759286701344
2026-05-04 21:00:00,114.9042936397647
2026-05-04 22:00:00,135.6672128282564
2026-05-04 23:00:00,133.9370056712562
2026-05-05 00:00:00,140.7263784283379
2026-05-05 01:00:00,153.0208580096985
2026-05-05 02:00:00,151.8802023010612
2026-05-05 03:00:00,177.4449796044576
2026-05-05 04:00:00,182.148406880663
2026-05-05 05:00:00,163.2844657187532
2026-05-05 06:00:00,168.2665356553005
2026-05-05 07:00:00,170.4744231352652
2026-05-05 08:00:00,153.8586227791811
2026-05-05 09:00:00,153.8065625161557
2026-05-05 10:00:00,149.9556052982516
2026-05-05 11:00:00,152.3593746833588
2026-05-05 12:00:00,140.2026168847012
2026-05-05 13:00:00,131.2433303542563
2026-05-05 14:00:00,114.4758289958598
2026-05-05 15:00:00,112.4328020326214
2026-05-05 16:00:00,125.7800185286335
2026-05-05 17:00:00,112.5520861788091
2026-05-05 18:00:00,122.261797319508
2026-05-05 19:00:00,121.168411734689
2026-05-05 20:00:00,119.2632239165419
2026-05-05 21:00:00,120.1976956478754
2026-05-05 22:00:00,146.2403742022361
2026-05-05 23:00:00,140.0680772651251
2026-05-06 00:00:00,147.9014889229008
2026-05-06 01:00:00,149.5632064681275
2026-05-06 02:00:00,150.3265737485277
2026-05-06 03:00:00,169.3795301193398
2026-05-06 04:00:00,157.2220679476466
2026-05-06 05:00:00,184.3299333915099
2026-05-06 06:00:00,185.6077904774787
2026-05-06 07:00:00,171.7997474114406
2026-05-06 08:00:00,175.3437658965008
2026-05-06 09:00:00,142.7966404036843
2026-05-06 10:00:00,143.1269244618467
2026-05-06 11:00:00,153.2609853759299
2026-05-06 12:00:00,136.8917524874526
2026-05-06 13:00:00,139.7257331477413
2026-05-06 14:00:00,128.9845066967516
2026-05-06 15:00:00,103.8577940421316
2026-05-06 16:00:00,110.5318590217729
2026-05-06 17:00:00,97.83613515724602
2026-05-06 18:00:00,102.9262270127999
2026-05-06 19:00:00,103.3265721482587
2026-05-06 20:00:00,106.5230787961263
2026-05-06 21:00:00,121.3647025066166
2026-05-06 22:00:00,111.3269408099063
2026-05-06 23:00:00,121.6895984010116
2026-05-07 00:00:00,142.0607830893676
2026-05-07 01:00:00,144.9159442549831
2026-05-07 02:00:00,162.9500510468987
2026-05-07 03:00:00,139.7326398644366
2026-05-07 04:00:00,166.4785654548763
2026-05-07 05:00:00,145.2946713227075
2026-05-07 06:00:00,154.5163618188915
2026-05-07 07:00:00,147.670575895053
2026-05-07 08:00:00,145.372880236793
2026-05-07 09:00:00,132.5848431031749
2026-05-07 10:00:00,144.7764640112335
2026-05-07 11:00:00,122.645928551342
2026-05-07 12:00:00,122.7080882212153
2026-05-07 13:00:00,104.4737288274899
2026-05-07 14:00:00,94.62352732898492
2026-05-07 15:00:00,106.5388569831532
2026-05-07 16:00:00,100.6284161897145
2026-05-07 17:00:00,85.87508148242291
2026-05-07 18:00:00,91.40488610612645
2026-05-07 19:00:00,87.71457457689891
2026-05-07 20:00:00,94.7908508247682
2026-05-07 21:00:00,100.4332739394966
2026-05-07 22:00:00,95.32250988254128
2026-05-07 23:00:00,112.5461854034186
2026-05-08 00:00:00,119.6903812281736
2026-05-08 01:00:00,129.0018247850348
2026-05-08 02:00:00,140.2603234050694
2026-05-08 03:00:00,145.6459289034109
2026-05-08 04:00:00,132.0925790729569
2026-05-08 05:00:00,128.4505888017617
2026-05-08 06:00:00,153.5648645751886
2026-05-08 07:00:00,145.0200743179294
2026-05-08 08:00:00,143.5432574249989
2026-05-08 09:00:00,140.4388339904131
2026-05-08 10:00:00,123.823685332146
2026-05-08 11:00:00,114.0093872928038
2026-05-08 12:00:00,107.4299213122154
2026-05-08 13:00:00,90.29174036235428
2026-05-08 14:00:00,82.83412703430088
2026-05-08 15:00:00,77.86399428890674
2026-05-08 16:00:00,74.8432268780755
2026-05-08 17:00:00,73.195578344075
2026-05-08 18:00:00,79.82292725552163
2026-05-08 19:00:00,74.68118282705491
2026-05-08 20:00:00,84.52971750046311
2026-05-08 21:00:00,86.4121628780728
2026-05-08 22:00:00,91.6568306632745
2026-05-08 23:00:00,98.61945815688885
2026-05-09 00:00:00,98.07243293147432
2026-05-09 01:00:00,117.3150981873715
2026-05-09 02:00:00,126.6633344207
2026-05-09 03:00:00,114.6039245441848
2026-05-09 04:00:00,135.8092870331324
2026-05-09 05:00:00,137.6054249082389
2026-05-09 06:00:00,122.3630962281611
2026-05-09 07:00:00,142.432600201047
2026-05-09 08:00:00,116.4965733210888
2026-05-09 09:00:00,125.3576313817841
2026-05-09 10:00:00,110.0315518001012
2026-05-09 11:00:00,120.0130439338764
2026-05-09 12:00:00,94.34769861255377
2026-05-09 13:00:00,90.56524920937582
2026-05-09 14:00:00,90.75242472383202
2026-05-09 15:00:00,78.30016344218453
2026-05-09 16:00:00,74.45178680619587
2026-05-09 17:00:00,70.10824969958854
2026-05-09 18:00:00,78.51798064047078
2026-05-09 19:00:00,69.52542452335547
2026-05-09 20:00:00,81.75438058598834
2026-05-09 21:00:00,77.78454118382096
2026-05-09 22:00:00,92.29195332307233
2026-05-09 23:00:00,100.3794196333663
2026-05-10 00:00:00,112.6742309829376
2026-05-10 01:00:00,125.8506348484377
2026-05-10 02:00:00,129.6815783394946
2026-05-10 03:00:00,132.995332329336
2026-05-10 04:00:00,127.8545048027885
2026-05-10 05:00:00,142.410245223982
2026-05-10 06:00:00,131.3937080791008
2026-05-10 07:00:00,145.1321138018135
2026-05-10 08:00:00,149.531468379269
2026-05-10 09:00:00,132.670150708683
2026-05-10 10:00:00,133.3803693553027
2026-05-10 11:00:00,110.0584250783543
2026-05-10 12:00:00,108.8959596519971
2026-05-10 13:00:00,95.88309935436881
2026-05-10 14:00:00,107.623697744059
2026-05-10 15:00:00,94.78350612272999
2026-05-10 16:00:00,97.8935595715989
2026-05-10 17:00:00,93.03604912430623
2026-05-10 18:00:00,93.31754862181234
2026-05-10 19:00:00,92.81622990397082
2026-05-10 20:00:00,101.0394378768064
2026-05-10 21:00:00,104.4345025545561
2026-05-10 22:00:00,117.011817929964
2026-05-10 23:00:00,126.7585318949176
2026-05-11 00:00:00,125.7685164034803
2026-05-11 01:00:00,138.839009006447
2026-05-11 02:00:00,157.8133074713076
2026-05-11 03:00:00,153.17687324145
2026-05-11 04:00:00,141.5899782492692
2026-05-11 05:00:00,144.7274682780187
2026-05-11 06:00:00,152.9586377153312
2026-05-11 07:00:00,148.106795084255
2026-05-11 08:00:00,149.9655027437042
2026-05-11 09:00:00,156.5131169833525
2026-05-11 10:00:00,150.0999781885767
2026-05-11 11:00:00,148.1040126268953
2026-05-11 12:00:00,123.9419399422556
2026-05-11 13:00:00,133.0106359228592
2026-05-11 14:00:00,111.1027073105502
2026-05-11 15:00:00,110.0583744689432
2026-05-11 16:00:00,109.8909862343191
2026-05-11 17:00:00,112.9046429521421
2026-05-11 18:00:00,104.5022077285497
2026-05-11 19:00:00,107.299762781005
2026-05-11 20:00:00,101.655193562556
2026-05-11 21:00:00,111.3401187866759
2026-05-11 22:00:00,128.7746095346988
2026-05-11 23:00:00,132.9629533101916
2026-05-12 00:00:00,134.1710632200371
2026-05-12 01:00:00,160.8048111225864
2026-05-12 02:00:00,141.2234434368146
2026-05-12 03:00:00,155.2758087085341
2026-05-12 04:00:00,179.6634457901953
2026-05-12 05:00:00,182.0763038135941
2026-05-12 06:00:00,153.8403624042645
2026-05-12 07:00:00,163.7903600299761
2026-05-12 08:00:00,161.1737209882418
2026-05-12 09:00:00,168.6890211479619
2026-05-12 10:00:00,160.2259744583309
2026-05-12 11:00:00,139.4470950015752
2026-05-12 12:00:00,143.7677319961715
2026-05-12 13:00:00,129.8868098823323
2026-05-12 14:00:00,139.1293563405513
2026-05-12 15:00:00,115.9867088031564
2026-05-12 16:00:00,109.2007335493901
2026-05-12 17:00:00,121.0430365421529
2026-05-12 18:00:00,101.0951326333087
2026-05-12 19:00:00,121.292845573598
2026-05-12 20:00:00,106.5742138057855
2026-05-12 21:00:00,112.7500470717989
2026-05-12 22:00:00,135.622702217152
2026-05-12 23:00:00,129.2627175136711
2026-05-13 00:00:00,149.1565637027046
2026-05-13 01:00:00,144.5658467852312
2026-05-13 02:00:00,158.9880258211217
2026-05-13 03:00:00,167.5790413101307
2026-05-13 04:00:00,159.3820698800208
2026-05-13 05:00:00,175.1404398034077
2026-05-13 06:00:00,155.8554460527666
2026-05-13 07:00:00,166.0453305376151
2026-05-13 08:00:00,177.6641409758981
2026-05-13 09:00:00,154.2630461191298
2026-05-13 10:00:00,155.4844752041656
2026-05-13 11:00:00,152.1752481316744
2026-05-13 12:00:00,151.3931054324073
2026-05-13 13:00:00,121.3827603785116
2026-05-13 14:00:00,127.0385353012841
2026-05-13 15:00:00,119.800349005706
2026-05-13 16:00:00,98.73615747856346
2026-05-13 17:00:00,95.59554297638715
2026-05-13 18:00:00,96.28258757609723
2026-05-13 19:00:00,97.2394873783169
2026-05-13 20:00:00,110.1888145657224
2026-05-13 21:00:00,116.763711185928
2026-05-13 22:00:00,102.9834296861826
2026-05-13 23:00:00,123.3499269374816
2026-05-14 00:00:00,117.2303057775149
2026-05-14 01:00:00,121.6648485730864
2026-05-14 02:00:00,139.7432492697814
2026-05-14 03:00:00,141.7837899846082
2026-05-14 04:00:00,154.5789656561669
2026-05-14 05:00:00,141.9408481434667
2026-05-14 06:00:00,168.6035805960346
2026-05-14 07:00:00,153.0225195637704
2026-05-14 08:00:00,146.5007046462125
2026-05-14 09:00:00,148.6654856766067
2026-05-14 10:00:00,127.4869876755492
2026-05-14 11:00:00,135.2703046304383
2026-05-14 12:00:00,132.3628452910602
2026-05-14 13:00:00,106.5426441645771
2026-05-14 14:00:00,99.16247844533899
2026-05-14 15:00:00,90.53753693218924
2026-05-14 16:00:00,83.06148249628683
2026-05-14 17:00:00,94.313600545864
2026-05-14 18:00:00,82.62114182373412
2026-05-14 19:00:00,86.05142760143247
2026-05-14 20:00:00,85.42864522575783
2026-05-14 21:00:00,99.46478124862749
2026-05-14 22:00:00,102.4792693924986
2026-05-14 23:00:00,108.7754336769862
2026-05-15 00:00:00,115.2884812433546
2026-05-15 01:00:00,122.3971117137154
2026-05-15 02:00:00,120.8830852331332
2026-05-15 03:00:00,143.0114336549084
2026-05-15 04:00:00,128.984465841106
2026-05-15 05:00:00,141.4934130647632
2026-05-15 06:00:00,141.5340109575542
2026-05-15 07:00:00,130.2542176462049
2026-05-15 08:00:00,122.3699423846362
2026-05-15 09:00:00,114.5320927559556
2026-05-15 10:00:00,119.1813508316164
2026-05-15 11:00:00,117.3255901918095
2026-05-15 12:00:00,102.9313929388434
2026-05-15 13:00:00,97.37923476623166
2026-05-15 14:00:00,89.18056841962931
2026-05-15 15:00:00,72.92739345744081
2026-05-15 16:00:00,68.55133757426897
2026-05-15 17:00:00,78.4766806322672
2026-05-15 18:00:00,68.11277298797363
2026-05-15 19:00:00,78.52447144533924
2026-05-15 20:00:00,81.32960542378277
2026-05-15 21:00:00,90.863027114862
2026-05-15 22:00:00,100.6957339028996
2026-05-15 23:00:00,105.9820898888341
2026-05-16 00:00:00,114.1047360422118
2026-05-16 01:00:00,104.1056077956572
2026-05-16 02:00:00,118.7220399265484
2026-05-16 03:00:00,129.1929996726344
2026-05-16 04:00:00,134.933136249223
2026-05-16 05:00:00,131.1479082707371
2026-05-16 06:00:00,134.6256930765128
2026-05-16 07:00:00,126.5606363714099
2026-05-16 08:00:00,116.4616376371958
2026-05-16 09:00:00,120.3307513241741
2026-05-16 10:00:00,111.5288278479595
2026-05-16 11:00:00,98.34009714243382
2026-05-16 12:00:00,94.35909602840847
2026-05-16 13:00:00,87.6191599972215
2026-05-16 14:00:00,76.8857704066459
2026-05-16 15:00:00,72.09486389191127
2026-05-16 16:00:00,70.77219748865771
2026-05-16 17:00:00,72.81177877804457
2026-05-16 18:00:00,67.37940925747432
2026-05-16 19:00:00,80.94232731759574
2026-05-16 20:00:00,87.07079564537108
2026-05-16 21:00:00,92.58980940041569
2026-05-16 22:00:00,86.41079235391615
2026-05-16 23:00:00,91.0326929019502
2026-05-17 00:00:00,108.2212851421807
2026-05-17 01:00:00,120.5711502778799
2026-05-17 02:00:00,119.6828910336743
2026-05-17 03:00:00,137.1949870843727
2026-05-17 04:00:00,122.9438714959308
2026-05-17 05:00:00,147.7689021813105
2026-05-17 06:00:00,135.9893272427723
2026-05-17 07:00:00,123.1746113445342
2026-05-17 08:00:00,144.2982978179311
2026-05-17 09:00:00,139.7338491699227
2026-05-17 10:00:00,124.5113384355046
2026-05-17 11:00:00,114.887025912144
2026-05-17 12:00:00,101.5271592531375
2026-05-17 13:00:00,97.29320488587109
2026-05-17 14:00:00,89.30594276852351
2026-05-17 15:00:00,85.13519416013757
2026-05-17 16:00:00,82.08505407918345
2026-05-17 17:00:00,90.53420021310362
2026-05-17 18:00:00,79.21318186495272
2026-05-17 19:00:00,78.31995376142574
2026-05-17 20:00:00,90.26229612360596
2026-05-17 21:00:00,92.14015837628735
2026-05-17 22:00:00,103.8762881891999
2026-05-17 23:00:00,101.8986500170167
2026-05-18 00:00:00,114.7656809544713
2026-05-18 01:00:00,114.6493385942507
2026-05-18 02:00:00,136.694771818816
2026-05-18 03:00:00,140.7768967897104
2026-05-18 04:00:00,138.6816733707745
2026-05-18 05:00:00,157.284146328663
2026-05-18 06:00:00,156.3373197743064
2026-05-18 07:00:00,149.5097676294756
2026-05-18 08:00:00,150.1670124397336
2026-05-18 09:00:00,155.6727268257575
2026-05-18 10:00:00,146.7214912085195
2026-05-18 11:00:00,122.9038837263323
2026-05-18 12:00:00,136.6043476697579
2026-05-18 13:00:00,125.1160018931256
2026-05-18 14:00:00,116.2350613633715
2026-05-18 15:00:00,105.2394955445604
2026-05-18 16:00:00,97.85285530067549
2026-05-18 17:00:00,102.0611952489895
2026-05-18 18:00:00,98.16976851202895
2026-05-18 19:00:00,99.99253540977041
2026-05-18 20:00:00,119.2944771336907
2026-05-18 21:00:00,121.531369323704
2026-05-18 22:00:00,120.0765232334344
2026-05-18 23:00:00,129.4777418126993
2026-05-19 00:00:00,143.5785667875714
2026-05-19 01:00:00,137.7219607291593
2026-05-19 02:00:00,157.102352622751
2026-05-19 03:00:00,169.5029760126216
2026-05-19 04:00:00,157.3646909787886
2026-05-19 05:00:00,179.7150787370685
2026-05-19 06:00:00,161.2886409958023
2026-05-19 07:00:00,150.9919616080506
2026-05-19 08:00:00,145.6524670031635
2026-05-19 09:00:00,155.7550350681435
2026-05-19 10:00:00,155.5465722037218
2026-05-19 11:00:00,142.1030270483123
2026-05-19 12:00:00,128.8458810682778
2026-05-19 13:00:00,122.3299723877118
2026-05-19 14:00:00,130.4662884094716
2026-05-19 15:00:00,107.8173423766621
2026-05-19 16:00:00,114.267271072267
2026-05-19 17:00:00,101.2942806596334
2026-05-19 18:00:00,110.066571380894
2026-05-19 19:00:00,119.8683830829612
2026-05-19 20:00:00,107.0454041335068
2026-05-19 21:00:00,125.0318662252935
2026-05-19 22:00:00,111.8798347586612
2026-05-19 23:00:00,131.1534996010069
2026-05-20 00:00:00,141.3788319556732
2026-05-20 01:00:00,127.3300722352106
2026-05-20 02:00:00,149.5733844670964
2026-05-20 03:00:00,169.4766697118312
2026-05-20 04:00:00,155.9169361494673
2026-05-20 05:00:00,175.8312315022295
2026-05-20 06:00:00,156.2633583945926
2026-05-20 07:00:00,175.1169962539872
2026-05-20 08:00:00,174.4141138115586
2026-05-20 09:00:00,146.5448855604702
2026-05-20 10:00:00,154.2450869815393
2026-05-20 11:00:00,149.1020061692834
2026-05-20 12:00:00,149.846237100557
2026-05-20 13:00:00,139.3006426628214
2026-05-20 14:00:00,120.6007075803317
2026-05-20 15:00:00,104.7509317205649
2026-05-20 16:00:00,110.2264461705058
2026-05-20 17:00:00,99.33021686693763
2026-05-20 18:00:00,107.3382565854683
2026-05-20 19:00:00,110.8556524410584
2026-05-20 20:00:00,98.26106605263946
2026-05-20 21:00:00,119.0774892669434
2026-05-20 22:00:00,122.2753334381288
2026-05-20 23:00:00,114.3680136760005
2026-05-21 00:00:00,118.8602896707724
2026-05-21 01:00:00,140.7135823333745
2026-05-21 02:00:00,135.1446415006824
2026-05-21 03:00:00,148.9338484293455
2026-05-21 04:00:00,143.3540731487116
2026-05-21 05:00:00,146.1547312013316
2026-05-21 06:00:00,156.9296884846535
2026-05-21 07:00:00,162.5978971070051
2026-05-21 08:00:00,152.0624139126352
2026-05-21 09:00:00,153.3375157624434
2026-05-21 10:00:00,144.2235539651894
2026-05-21 11:00:00,141.0994391869677
2026-05-21 12:00:00,122.1993436946764
2026-05-21 13:00:00,104.7598829500094
2026-05-21 14:00:00,114.265548763982
2026-05-21 15:00:00,104.0660868314863
2026-05-21 16:00:00,89.70851549078142
2026-05-21 17:00:00,80.7585625407282
2026-05-21 18:00:00,82.81950396422245
2026-05-21 19:00:00,82.18089585598855
2026-05-21 20:00:00,87.41022232401083
2026-05-21 21:00:00,98.67878248774572
2026-05-21 22:00:00,97.09761571203084
2026-05-21 23:00:00,104.4291523802555
2026-05-22 00:00:00,117.1904552067
2026-05-22 01:00:00,125.0946779830298
2026-05-22 02:00:00,110.1572312455398
2026-05-22 03:00:00,123.1788424361965
2026-05-22 04:00:00,143.2058148777342
2026-05-22 05:00:00,129.6892504931011
2026-05-22 06:00:00,144.117063921456
2026-05-22 07:00:00,146.2836716347113
2026-05-22 08:00:00,131.9250606621875
2026-05-22 09:00:00,117.0391305264845
2026-05-22 10:00:00,120.4257371756564
2026-05-22 11:00:00,113.4589995855222
2026-05-22 12:00:00,105.830713495774
2026-05-22 13:00:00,97.32063541561729
2026-05-22 14:00:00,93.01012732577547
2026-05-22 15:00:00,86.59196810578983
2026-05-22 16:00:00,79.71397931792947
2026-05-22 17:00:00,77.99748583036995
2026-05-22 18:00:00,76.76812388745105
2026-05-22 19:00:00,67.7928849030077
2026-05-22 20:00:00,67.63246237345473
2026-05-22 21:00:00,83.40051683573337
2026-05-22 22:00:00,78.4646153523645
2026-05-22 23:00:00,92.04955799920998
2026-05-23 00:00:00,103.4540128403767
2026-05-23 01:00:00,97.70393494351548
2026-05-23 02:00:00,113.3704353328963
2026-05-23 03:00:00,131.1507993216583
2026-05-23 04:00:00,135.1362666770532
2026-05-23 05:00:00,119.7263020102883
2026-05-23 06:00:00,139.0712596070599
2026-05-23 07:00:00,124.6315428782691
2026-05-23 08:00:00,110.2708745356422
2026-05-23 09:00:00,116.0789076422576
2026-05-23 10:00:00,109.0299212152443
2026-05-23 11:00:00,102.2913286967317
2026-05-23 12:00:00,89.45119796715218
2026-05-23 13:00:00,94.15777273131536
2026-05-23 14:00:00,78.7856419115069
2026-05-23 15:00:00,69.31063179634543
2026-05-23 16:00:00,74.04921209347407
2026-05-23 17:00:00,70.91535908333908
2026-05-23 18:00:00,68.52329057139309
2026-05-23 19:00:00,65.80608082470292
2026-05-23 20:00:00,73.88184017306145
2026-05-23 21:00:00,87.23842228854505
2026-05-23 22:00:00,87.45393899249987
2026-05-23 23:00:00,101.4533656360127
2026-05-24 00:00:00,107.1289131813142
2026-05-24 01:00:00,115.4404756220953
2026-05-24 02:00:00,111.3744688472553
2026-05-24 03:00:00,121.7523486323553
2026-05-24 04:00:00,122.6866125317325
2026-05-24 05:00:00,136.7172347776856
2026-05-24 06:00:00,120.340455703319
2026-05-24 07:00:00,136.3312705215112
2026-05-24 08:00:00,132.0407226871619
2026-05-24 09:00:00,115.7487031516728
2026-05-24 10:00:00,114.7692683013293
2026-05-24 11:00:00,107.9595583418438
2026-05-24 12:00:00,111.769773036771
2026-05-24 13:00:00,100.6866743021114
2026-05-24 14:00:00,93.33291670974089
2026-05-24 15:00:00,83.66329175033468
2026-05-24 16:00:00,75.34908303173106
2026-05-24 17:00:00,87.49634580681348
2026-05-24 18:00:00,85.93937822502467
2026-05-24 19:00:00,88.87328681579514
2026-05-24 20:00:00,86.96106709326055
2026-05-24 21:00:00,86.68326862878371
2026-05-24 22:00:00,95.41827684201319
2026-05-24 23:00:00,101.7149758755934
2026-05-25 00:00:00,115.4803189920279
2026-05-25 01:00:00,117.87388947755
2026-05-25 02:00:00,131.0713319735499
2026-05-25 03:00:00,127.8837803648325
2026-05-25 04:00:00,141.2551268853946
2026-05-25 05:00:00,157.9983293052235
2026-05-25 06:00:00,135.9525865496353
2026-05-25 07:00:00,143.0290965698074
2026-05-25 08:00:00,151.0295395751314
2026-05-25 09:00:00,134.129916151392
2026-05-25 10:00:00,124.5745453808173
2026-05-25 11:00:00,135.3176631620963
2026-05-25 12:00:00,124.0035085371297
2026-05-25 13:00:00,112.8452495145565
2026-05-25 14:00:00,111.6290650343982
2026-05-25 15:00:00,99.62063777338848
2026-05-25 16:00:00,99.13120027502899
2026-05-25 17:00:00,104.1753985280254
2026-05-25 18:00:00,95.18606435207589
2026-05-25 19:00:00,93.06494399482999
2026-05-25 20:00:00,104.0781202459485
2026-05-25 21:00:00,104.5379079200259
2026-05-25 22:00:00,108.5743800953258
2026-05-25 23:00:00,131.9632302473887
2026-05-26 00:00:00,144.0557634947249
2026-05-26 01:00:00,142.7202395111018
2026-05-26 02:00:00,153.6390174106944
2026-05-26 03:00:00,153.9862139480055
2026-05-26 04:00:00,167.6074731854568
2026-05-26 05:00:00,178.0230695957904
2026-05-26 06:00:00,173.757488245744
2026-05-26 07:00:00,145.8241510979755
2026-05-26 08:00:00,143.6039274140947
2026-05-26 09:00:00,159.8331819753994
2026-05-26 10:00:00,156.0882621297462
2026-05-26 11:00:00,127.3841253308765
2026-05-26 12:00:00,126.5939382823706
2026-05-26 13:00:00,134.1895448853323
2026-05-26 14:00:00,111.5703734270209
2026-05-26 15:00:00,111.1622888979972
2026-05-26 16:00:00,113.9824361831218
2026-05-26 17:00:00,107.1915468211044
2026-05-26 18:00:00,110.8293248397431
2026-05-26 19:00:00,101.2688763736652
2026-05-26 20:00:00,120.4561925131729
2026-05-26 21:00:00,130.4083029945908
2026-05-26 22:00:00,116.0399678588225
2026-05-26 23:00:00,147.4880330247418
2026-05-27 00:00:00,141.4898417142296
2026-05-27 01:00:00,156.1874754969064
2026-05-27 02:00:00,140.5276625039843
2026-05-27 03:00:00,157.5770232637774
2026-05-27 04:00:00,164.1809547560858
2026-05-27 05:00:00,166.9973777359011
2026-05-27 06:00:00,153.1293441126336
2026-05-27 07:00:00,161.3404309407446
2026-05-27 08:00:00,163.0446575324044
2026-05-27 09:00:00,154.5196923076162
2026-05-27 10:00:00,155.444792094951
2026-05-27 11:00:00,128.0414146285991
2026-05-27 12:00:00,137.3740470008254
2026-05-27 13:00:00,128.6757792557252
2026-05-27 14:00:00,110.3659156528836
2026-05-27 15:00:00,100.3993641424804
2026-05-27 16:00:00,106.5639692945932
2026-05-27 17:00:00,98.0754963605828
2026-05-27 18:00:00,104.2049419756452
2026-05-27 19:00:00,93.0074268321719
2026-05-27 20:00:00,111.1440200836545
2026-05-27 21:00:00,101.8805976655233
2026-05-27 22:00:00,102.6791628740401
2026-05-27 23:00:00,118.41414282599
2026-05-28 00:00:00,116.7757765517702
2026-05-28 01:00:00,127.538021813229
2026-05-28 02:00:00,129.3851641105371
2026-05-28 03:00:00,154.5590990064449
2026-05-28 04:00:00,160.1846670251426
2026-05-28 05:00:00,147.2991551822019
2026-05-28 06:00:00,154.5889463955123
2026-05-28 07:00:00,146.2555661765491
2026-05-28 08:00:00,138.4476817651912
2026-05-28 09:00:00,127.9814178380361
2026-05-28 10:00:00,126.2620766404721
2026-05-28 11:00:00,118.5215904960224
2026-05-28 12:00:00,122.3478674506215
2026-05-28 13:00:00,105.2342202482986
2026-05-28 14:00:00,93.25409204098018
2026-05-28 15:00:00,93.66647285666045
2026-05-28 16:00:00,85.01571957673968
2026-05-28 17:00:00,90.65925760105013
2026-05-28 18:00:00,86.7726784987935
2026-05-28 19:00:00,85.30415909984112
2026-05-28 20:00:00,79.77042092005546
2026-05-28 21:00:00,90.78160092003742
2026-05-28 22:00:00,96.033929736604
2026-05-28 23:00:00,108.2130688712943
2026-05-29 00:00:00,103.606509833114
2026-05-29 01:00:00,116.5037755470477
2026-05-29 02:00:00,124.5988983667842
2026-05-29 03:00:00,114.9716168463969
2026-05-29 04:00:00,120.6881155554104
2026-05-29 05:00:00,123.2633382829837
2026-05-29 06:00:00,120.0301003323206
2026-05-29 07:00:00,140.6475997172004
2026-05-29 08:00:00,119.0013325485138
2026-05-29 09:00:00,132.9579065518305
2026-05-29 10:00:00,124.5599121817473
2026-05-29 11:00:00,98.46600168894301
2026-05-29 12:00:00,101.7241235823257
2026-05-29 13:00:00,95.49841345648763
2026-05-29 14:00:00,82.98638482397993
2026-05-29 15:00:00,73.9735631592039
2026-05-29 16:00:00,78.56000769337811
2026-05-29 17:00:00,62.28410739238538
2026-05-29 18:00:00,60.90066481166618
2026-05-29 19:00:00,72.04912980210297
2026-05-29 20:00:00,72.76826564059003
2026-05-29 21:00:00,68.58517469454343
2026-05-29 22:00:00,82.53696870152291
2026-05-29 23:00:00,91.98900818598129
2026-05-30 00:00:00,86.01128564527401
2026-05-30 01:00:00,108.8564161332015
2026-05-30 02:00:00,109.6213208653248
2026-05-30 03:00:00,112.6488968695958
2026-05-30 04:00:00,129.7898629371079
2026-05-30 05:00:00,124.5603936719876
2026-05-30 06:00:00,112.0398841741137
2026-05-30 07:00:00,123.5652040819089
2026-05-30 08:00:00,110.8733346344157
2026-05-30 09:00:00,123.8095727458863
2026-05-30 10:00:00,108.07926739183
2026-05-30 11:00:00,96.01804069827953
2026-05-30 12:00:00,93.91747807394026
2026-05-30 13:00:00,83.12123960970682
2026-05-30 14:00:00,84.41301101464907
2026-05-30 15:00:00,68.86213621886094
2026-05-30 16:00:00,76.7808647072445
2026-05-30 17:00:00,61.98445263188837
2026-05-30 18:00:00,70.57506767644401
2026-05-30 19:00:00,72.31740902295846
2026-05-30 20:00:00,71.99966760581789
2026-05-30 21:00:00,81.47816172711495
2026-05-30 22:00:00,85.07292592806664
2026-05-30 23:00:00,91.52510970870475
2026-05-31 00:00:00,88.19441905730827
2026-05-31 01:00:00,110.4206462064548
2026-05-31 02:00:00,101.0092159529146
2026-05-31 03:00:00,129.491910509632
2026-05-31 04:00:00,124.8224249337331
2026-05-31 05:00:00,137.5380295984051
2026-05-31 06:00:00,135.7933897827728
2026-05-31 07:00:00,131.1335019562479
2026-05-31 08:00:00,125.7608254589145
2026-05-31 09:00:00,121.2093408727942
2026-05-31 10:00:00,120.6447676357609
2026-05-31 11:00:00,110.3430238984092
2026-05-31 12:00:00,98.05605430330927
2026-05-31 13:00:00,107.1190645614437
2026-05-31 14:00:00,98.08489700910104
2026-05-31 15:00:00,88.56242634348216
2026-05-31 16:00:00,81.18117441823803
2026-05-31 17:00:00,78.0767799390464
2026-05-31 18:00:00,73.99486628293621
2026-05-31 19:00:00,76.46937174808183
2026-05-31 20:00:00,88.60025696421273
2026-05-31 21:00:00,80.75820492758677
2026-05-31 22:00:00,97.42956100701348
2026-05-31 23:00:00,103.8436407303056
2026-06-01 00:00:00,103.5088726684012
2026-06-01 01:00:00,106.75145520127
2026-06-01 02:00:00,115.8645645261478
2026-06-01 03:00:00,127.5070713833706
2026-06-01 04:00:00,146.2878657344558
2026-06-01 05:00:00,150.4447537848164
2026-06-01 06:00:00,154.6307852884698
2026-06-01 07:00:00,161.3787775812898
2026-06-01 08:00:00,158.3710461675878
2026-06-01 09:00:00,140.7141991316882
2026-06-01 10:00:00,130.9008339525436
2026-06-01 11:00:00,123.3126582956827
2026-06-01 12:00:00,121.9391046763502
2026-06-01 13:00:00,129.3387352575056
2026-06-01 14:00:00,107.6306822349775
2026-06-01 15:00:00,108.7992147527473
2026-06-01 16:00:00,109.7348953396528
2026-06-01 17:00:00,107.168273858604
2026-06-01 18:00:00,101.9723918443898
2026-06-01 19:00:00,88.79164034552943
2026-06-01 20:00:00,107.6177626682386
2026-06-01 21:00:00,105.3475790893193
2026-06-01 22:00:00,111.0390219131915
2026-06-01 23:00:00,113.6837228130663
2026-06-02 00:00:00,137.403395918149
2026-06-02 01:00:00,127.637632677667
2026-06-02 02:00:00,142.7126859341752
2026-06-02 03:00:00,137.4665365256429
2026-06-02 04:00:00,151.0507719485466
2026-06-02 05:00:00,161.6619022327621
2026-06-02 06:00:00,175.1135104549571
2026-06-02 07:00:00,154.2262560873285
2026-06-02 08:00:00,169.9179009888364
2026-06-02 09:00:00,144.6295315679482
2026-06-02 10:00:00,161.5290096788643
2026-06-02 11:00:00,136.3192798430046
2026-06-02 12:00:00,132.7251394403523
2026-06-02 13:00:00,114.1452348820998
2026-06-02 14:00:00,106.3689739565457
2026-06-02 15:00:00,106.2474377755174
2026-06-02 16:00:00,108.2963068063465
2026-06-02 17:00:00,93.59492802074857
2026-06-02 18:00:00,107.5077939754216
2026-06-02 19:00:00,102.3734863233257
2026-06-02 20:00:00,115.8020826809481
2026-06-02 21:00:00,107.2344629111848
2026-06-02 22:00:00,131.4222286665745
2026-06-02 23:00:00,124.1231359894735
2026-06-03 00:00:00,144.8850238408664
2026-06-03 01:00:00,131.843794859552
2026-06-03 02:00:00,159.5693286286727
2026-06-03 03:00:00,169.5162927565873
2026-06-03 04:00:00,151.3041532335474
2026-06-03 05:00:00,154.4220184386633
2026-06-03 06:00:00,155.6526801383229
2026-06-03 07:00:00,142.4855313080873
2026-06-03 08:00:00,166.2528971899626
2026-06-03 09:00:00,160.1789047827316
2026-06-03 10:00:00,134.3882819736658
2026-06-03 11:00:00,126.3198021393409
2026-06-03 12:00:00,122.9310885700098
2026-06-03 13:00:00,113.5380608020638
2026-06-03 14:00:00,117.3654561618306
2026-06-03 15:00:00,110.6165281466593
2026-06-03 16:00:00,92.15070215207405
2026-06-03 17:00:00,97.48555157338356
2026-06-03 18:00:00,93.02653191356235
2026-06-03 19:00:00,92.69610630187906
2026-06-03 20:00:00,92.02580695595645
2026-06-03 21:00:00,101.6269284064852
2026-06-03 22:00:00,111.4935732960346
2026-06-03 23:00:00,110.7277133435537
2026-06-04 00:00:00,132.1283259436439
2026-06-04 01:00:00,118.8665336831281
2026-06-04 02:00:00,138.2287326692231
2026-06-04 03:00:00,130.2061654051471
2026-06-04 04:00:00,143.9931148112587
2026-06-04 05:00:00,152.9471847769541
2026-06-04 06:00:00,155.9032536748553
2026-06-04 07:00:00,143.0146953286077
2026-06-04 08:00:00,149.0442243898163
2026-06-04 09:00:00,135.40770242797
2026-06-04 10:00:00,125.9280857179897
2026-06-04 11:00:00,113.57933318246
2026-06-04 12:00:00,116.7805311028242
2026-06-04 13:00:00,109.9972010789347
2026-06-04 14:00:00,83.57158101664166
2026-06-04 15:00:00,84.4385962281066
2026-06-04 16:00:00,84.79625938653393
2026-06-04 17:00:00,75.36408446736758
2026-06-04 18:00:00,78.59157992279823
2026-06-04 19:00:00,84.56439574267765
2026-06-04 20:00:00,77.10789957669458
2026-06-04 21:00:00,80.51838697993222
2026-06-04 22:00:00,85.97795514053394
2026-06-04 23:00:00,87.49407533037714
2026-06-05 00:00:00,96.79501286559517
2026-06-05 01:00:00,105.1000978226487
2026-06-05 02:00:00,120.1510753258725
2026-06-05 03:00:00,122.3159379595291
2026-06-05 04:00:00,129.1256406808392
2026-06-05 05:00:00,136.4384501828272
2026-06-05 06:00:00,138.4649550556105
2026-06-05 07:00:00,115.0265607335868
2026-06-05 08:00:00,117.9542163199812
2026-06-05 09:00:00,112.126716534058
2026-06-05 10:00:00,115.9659714058571
2026-06-05 11:00:00,108.9540851698216
2026-06-05 12:00:00,88.70631425303884
2026-06-05 13:00:00,90.90394884766293
2026-06-05 14:00:00,75.68617006155662
2026-06-05 15:00:00,73.23754972089266
2026-06-05 16:00:00,66.30056155313663
2026-06-05 17:00:00,57.8812342164868
2026-06-05 18:00:00,68.4838678275081
2026-06-05 19:00:00,67.17373087118133
2026-06-05 20:00:00,71.44125500127238
2026-06-05 21:00:00,73.9667836617543
2026-06-05 22:00:00,82.9693778852313
2026-06-05 23:00:00,81.07520763907264
2026-06-06 00:00:00,95.40011174010336
2026-06-06 01:00:00,94.76209022725968
2026-06-06 02:00:00,115.8888255747975
2026-06-06 03:00:00,113.9701272156989
2026-06-06 04:00:00,111.1690886332325
2026-06-06 05:00:00,127.384237848233
2026-06-06 06:00:00,124.0760258719748
2026-06-06 07:00:00,111.2145907926172
2026-06-06 08:00:00,125.9435562239082
2026-06-06 09:00:00,103.5140310728701
2026-06-06 10:00:00,109.3021130157464
2026-06-06 11:00:00,98.11570351798827
2026-06-06 12:00:00,81.45200340020043
2026-06-06 13:00:00,84.26125099243762
2026-06-06 14:00:00,78.68543029078863
2026-06-06 15:00:00,72.6657979964968
2026-06-06 16:00:00,59.56799835398301
2026-06-06 17:00:00,62.71796619273535
2026-06-06 18:00:00,63.46128032623489
2026-06-06 19:00:00,63.18029814604925
2026-06-06 20:00:00,65.32863334214044
2026-06-06 21:00:00,85.15038753102158
2026-06-06 22:00:00,84.37523352025474
2026-06-06 23:00:00,87.53621475671936
2026-06-07 00:00:00,107.3057338094751
2026-06-07 01:00:00,119.2268532075933
2026-06-07 02:00:00,110.9457093497423
2026-06-07 03:00:00,113.347159300417
2026-06-07 04:00:00,120.9897984164478
2026-06-07 05:00:00,116.8740613869802
2026-06-07 06:00:00,119.3150823128601
2026-06-07 07:00:00,115.864089781393
2026-06-07 08:00:00,119.8848316352869
2026-06-07 09:00:00,119.7279934886356
2026-06-07 10:00:00,121.8713248551705
2026-06-07 11:00:00,100.4873798653747
2026-06-07 12:00:00,94.8797835769461
2026-06-07 13:00:00,98.8547713071291
2026-06-07 14:00:00,92.21818674112016
2026-06-07 15:00:00,88.45856840306399
2026-06-07 16:00:00,75.17527098121836
2026-06-07 17:00:00,77.21546017662654
2026-06-07 18:00:00,78.45607596051367
2026-06-07 19:00:00,86.44753281511571
2026-06-07 20:00:00,86.45457321141876
2026-06-07 21:00:00,94.69863977706216
2026-06-07 22:00:00,99.10511129938085
2026-06-07 23:00:00,104.0718158901964
2026-06-08 00:00:00,112.3064181436229
2026-06-08 01:00:00,123.3737515310529
2026-06-08 02:00:00,118.7889970287757
2026-06-08 03:00:00,134.4037505183944
2026-06-08 04:00:00,139.2196105483478
2026-06-08 05:00:00,154.5418549091534
2026-06-08 06:00:00,146.36435314114
2026-06-08 07:00:00,157.9467472383487
2026-06-08 08:00:00,137.170586195843
2026-06-08 09:00:00,134.7082546235569
2026-06-08 10:00:00,122.6542942402844
2026-06-08 11:00:00,131.9418562855982
2026-06-08 12:00:00,111.4481317427704
2026-06-08 13:00:00,109.8666910663752
2026-06-08 14:00:00,94.14213540383433
2026-06-08 15:00:00,108.7138847126608
2026-06-08 16:00:00,101.600868888128
2026-06-08 17:00:00,91.41468634725125
2026-06-08 18:00:00,90.81826807465961
2026-06-08 19:00:00,103.0357992514016
2026-06-08 20:00:00,107.7319213957089
2026-06-08 21:00:00,112.266325408212
2026-06-08 22:00:00,102.6202319104776
2026-06-08 23:00:00,127.8152569726303
2026-06-09 00:00:00,132.1153075654988
2026-06-09 01:00:00,143.9837247220318
2026-06-09 02:00:00,143.9131438168897
2026-06-09 03:00:00,142.8088146055864
2026-06-09 04:00:00,144.0628059776666
2026-06-09 05:00:00,167.8013876602571
2026-06-09 06:00:00,154.7588586764434
2026-06-09 07:00:00,163.9603484976763
2026-06-09 08:00:00,148.04387583733
2026-06-09 09:00:00,146.3855083297619
2026-06-09 10:00:00,141.1483048948285
2026-06-09 11:00:00,138.4133204618144
2026-06-09 12:00:00,126.5178055287383
2026-06-09 13:00:00,126.5231464240101
2026-06-09 14:00:00,127.3423837401556
2026-06-09 15:00:00,118.0512061377572
2026-06-09 16:00:00,113.8399205474561
2026-06-09 17:00:00,102.8697275182888
2026-06-09 18:00:00,105.5563740484946
2026-06-09 19:00:00,105.9969796936492
2026-06-09 20:00:00,100.9954949552807
2026-06-09 21:00:00,97.8186028492064
2026-06-09 22:00:00,104.0506125413614
2026-06-09 23:00:00,107.451395501203
2026-06-10 00:00:00,129.4853618950984
2026-06-10 01:00:00,128.6038433983048
2026-06-10 02:00:00,136.5834938815064
2026-06-10 03:00:00,159.1565472583911
2026-06-10 04:00:00,147.8183175712887
2026-06-10 05:00:00,163.2052853619109
2026-06-10 06:00:00,151.4174445559257
2026-06-10 07:00:00,149.0318020349015
2026-06-10 08:00:00,158.119267867038
2026-06-10 09:00:00,147.1685210878762
2026-06-10 10:00:00,127.9597289798356
2026-06-10 11:00:00,126.3900391768286
2026-06-10 12:00:00,121.8314563693819
2026-06-10 13:00:00,127.6858092415941
2026-06-10 14:00:00,118.0328924911476
2026-06-10 15:00:00,110.3265816460723
2026-06-10 16:00:00,101.9292097309457
2026-06-10 17:00:00,87.51047094655426
2026-06-10 18:00:00,94.77047877500266
2026-06-10 19:00:00,98.42344301661045
2026-06-10 20:00:00,95.410578194534
2026-06-10 21:00:00,104.1754799305972
2026-06-10 22:00:00,99.83705492305896
2026-06-10 23:00:00,123.7451541047098
2026-06-11 00:00:00,131.9462500305183
2026-06-11 01:00:00,121.3613047981141
2026-06-11 02:00:00,143.1900567238056
2026-06-11 03:00:00,135.0308822653516
2026-06-11 04:00:00,137.1494231120768
2026-06-11 05:00:00,132.5799381878852
2026-06-11 06:00:00,152.1940271791107
2026-06-11 07:00:00,137.9597906164113
2026-06-11 08:00:00,124.6754998477615
2026-06-11 09:00:00,127.7415806813415
2026-06-11 10:00:00,114.1320892612581
2026-06-11 11:00:00,104.1934439503852
2026-06-11 12:00:00,109.6817717283644
2026-06-11 13:00:00,103.2629840929688
2026-06-11 14:00:00,97.05501122400047
2026-06-11 15:00:00,87.60736771231429
2026-06-11 16:00:00,75.69189102990174
2026-06-11 17:00:00,76.10360573387571
2026-06-11 18:00:00,74.26909739254116
2026-06-11 19:00:00,70.20613223999354
2026-06-11 20:00:00,79.59600033914413
2026-06-11 21:00:00,74.33805930445438
2026-06-11 22:00:00,92.483378291773
2026-06-11 23:00:00,91.63913837059451
2026-06-12 00:00:00,108.9135965419794
2026-06-12 01:00:00,116.6092860333526
2026-06-12 02:00:00,119.0285589931265
2026-06-12 03:00:00,127.3210425502171
2026-06-12 04:00:00,122.3074290956551
2026-06-12 05:00:00,126.174124048556
2026-06-12 06:00:00,124.2987329080102
2026-06-12 07:00:00,134.7863964795223
2026-06-12 08:00:00,130.6082100404027
2026-06-12 09:00:00,124.9757728962778
2026-06-12 10:00:00,113.282985129066
2026-06-12 11:00:00,93.98559163297381
2026-06-12 12:00:00,93.01510574523398
2026-06-12 13:00:00,90.78648378936148
2026-06-12 14:00:00,82.69780065221768
2026-06-12 15:00:00,65.41615277915777
2026-06-12 16:00:00,66.33862094861357
2026-06-12 17:00:00,61.33122605560054
2026-06-12 18:00:00,57.26179472119579
2026-06-12 19:00:00,56.12829207364571
2026-06-12 20:00:00,66.98605324774543
2026-06-12 21:00:00,70.21136500149547
2026-06-12 22:00:00,77.56117526749813
2026-06-12 23:00:00,78.17812373083274
2026-06-13 00:00:00,92.96259166033217
2026-06-13 01:00:00,97.26545640412195
2026-06-13 02:00:00,107.6016807985311
2026-06-13 03:00:00,112.0415638626431
2026-06-13 04:00:00,110.1591886490969
2026-06-13 05:00:00,108.6003094455091
2026-06-13 06:00:00,121.6790571462791
2026-06-13 07:00:00,119.8048164587911
2026-06-13 08:00:00,119.3300194376606
2026-06-13 09:00:00,110.4897009726784
2026-06-13 10:00:00,100.6520246836436
2026-06-13 11:00:00,103.0741670355564
2026-06-13 12:00:00,95.56055012664987
2026-06-13 13:00:00,79.32264426146783
2026-06-13 14:00:00,69.03418859028167
2026-06-13 15:00:00,63.79001848308455
2026-06-13 16:00:00,59.95958271632069
2026-06-13 17:00:00,57.02224767937599
2026-06-13 18:00:00,54.03069934645979
2026-06-13 19:00:00,55.30753290012087
2026-06-13 20:00:00,59.95424250940608
2026-06-13 21:00:00,75.25995051989881
2026-06-13 22:00:00,69.65147515999
2026-06-13 23:00:00,86.91977078907698
2026-06-14 00:00:00,89.9021918614952
2026-06-14 01:00:00,109.6259770890479
2026-06-14 02:00:00,115.3378178640309
2026-06-14 03:00:00,105.8272507788767
2026-06-14 04:00:00,117.6433764952768
2026-06-14 05:00:00,118.4299276008185
2026-06-14 06:00:00,119.4710833126322
2026-06-14 07:00:00,113.6970528463258
2026-06-14 08:00:00,132.2009258061258
2026-06-14 09:00:00,126.295741798808
2026-06-14 10:00:00,103.0862538454912
2026-06-14 11:00:00,98.7818407819464
2026-06-14 12:00:00,87.75055252448594
2026-06-14 13:00:00,85.33988119550453
2026-06-14 14:00:00,82.90358945339155
2026-06-14 15:00:00,72.8916240611574
2026-06-14 16:00:00,75.8171678379364
2026-06-14 17:00:00,74.65959568850438
2026-06-14 18:00:00,78.62413838947163
2026-06-14 19:00:00,83.45999673683927
2026-06-14 20:00:00,74.16858185714997
2026-06-14 21:00:00,93.53080665019934
2026-06-14 22:00:00,98.07765030679717
2026-06-14 23:00:00,112.1490226687465
2026-06-15 00:00:00,117.8620457403758
2026-06-15 01:00:00,131.6862311370654
2026-06-15 02:00:00,137.6405836337699
2026-06-15 03:00:00,130.9812351663511
2026-06-15 04:00:00,136.2000983046447
2026-06-15 05:00:00,149.0807961499744
2026-06-15 06:00:00,127.2381081661905
2026-06-15 07:00:00,132.8702724254697
2026-06-15 08:00:00,123.3379876349411
2026-06-15 09:00:00,124.1410948144276
2026-06-15 10:00:00,114.1901766882176
2026-06-15 11:00:00,120.5546967992255
2026-06-15 12:00:00,112.1065448062727
2026-06-15 13:00:00,111.1251605551912
2026-06-15 14:00:00,86.99323175028537
2026-06-15 15:00:00,94.91742170543456
2026-06-15 16:00:00,82.04621211699296
2026-06-15 17:00:00,93.0697784430821
2026-06-15 18:00:00,83.49431602837304
2026-06-15 19:00:00,103.0262637863863
2026-06-15 20:00:00,93.87131325299816
2026-06-15 21:00:00,104.1666550021501
2026-06-15 22:00:00,107.6796481777147
2026-06-15 23:00:00,126.0143087560216
2026-06-16 00:00:00,132.9997592604986
2026-06-16 01:00:00,142.752074944395
2026-06-16 02:00:00,141.3950453015163
2026-06-16 03:00:00,154.7291321825485
2026-06-16 04:00:00,157.9063047535955
2026-06-16 05:00:00,153.3689310693283
2026-06-16 06:00:00,156.8893098932818
2026-06-16 07:00:00,151.4412297393717
2026-06-16 08:00:00,139.0851943204937
2026-06-16 09:00:00,153.2647828326317
2026-06-16 10:00:00,124.9790857342887
2026-06-16 11:00:00,140.1799545134336
2026-06-16 12:00:00,126.8147081929748
2026-06-16 13:00:00,122.8348226151249
2026-06-16 14:00:00,109.4189173728526
2026-06-16 15:00:00,113.3373861791403
2026-06-16 16:00:00,103.8015601425924
2026-06-16 17:00:00,101.6699305511666
2026-06-16 18:00:00,88.21052841680363
2026-06-16 19:00:00,93.48931830366466
2026-06-16 20:00:00,106.0723480936208
2026-06-16 21:00:00,107.1928107419031
2026-06-16 22:00:00,119.2228535592425
2026-06-16 23:00:00,125.3252602812923
2026-06-17 00:00:00,116.1491526903894
2026-06-17 01:00:00,127.5709367393644
2026-06-17 02:00:00,132.8642341380111
2026-06-17 03:00:00,132.8874788344216
2026-06-17 04:00:00,143.8478441087414
2026-06-17 05:00:00,162.1418067673222
2026-06-17 06:00:00,167.2636217502526
2026-06-17 07:00:00,154.200710282832
2026-06-17 08:00:00,165.1870922788963
2026-06-17 09:00:00,144.7662529846447
2026-06-17 10:00:00,141.2364817726518
2026-06-17 11:00:00,137.7939089418681
2026-06-17 12:00:00,114.5681899011156
2026-06-17 13:00:00,123.2057804814856
2026-06-17 14:00:00,108.1551393312256
2026-06-17 15:00:00,97.98513093674194
2026-06-17 16:00:00,102.0635349411579
2026-06-17 17:00:00,96.10506867249188
2026-06-17 18:00:00,96.36638919123487
2026-06-17 19:00:00,91.60563794144761
2026-06-17 20:00:00,87.07231516465949
2026-06-17 21:00:00,93.14996703848782
2026-06-17 22:00:00,88.71096798497187
2026-06-17 23:00:00,109.6763337919891
2026-06-18 00:00:00,103.2985819615811
2026-06-18 01:00:00,113.3910736791178
2026-06-18 02:00:00,123.3530984505144
2026-06-18 03:00:00,127.3805886936063
2026-06-18 04:00:00,145.6975515166796
2026-06-18 05:00:00,136.9536638432904
2026-06-18 06:00:00,129.3020686580273
2026-06-18 07:00:00,130.8302074024084
2026-06-18 08:00:00,129.2023067754976
2026-06-18 09:00:00,129.4792356519997
2026-06-18 10:00:00,128.1597558479025
2026-06-18 11:00:00,113.6879417224946
2026-06-18 12:00:00,97.7156589183365
2026-06-18 13:00:00,95.60761501234727
2026-06-18 14:00:00,96.98193763036616
2026-06-18 15:00:00,79.55402305303795
2026-06-18 16:00:00,82.96969791176716
2026-06-18 17:00:00,76.1283893851647
2026-06-18 18:00:00,75.51160614810983
2026-06-18 19:00:00,70.67040833974352
2026-06-18 20:00:00,73.75392057867913
2026-06-18 21:00:00,80.26027419679603
2026-06-18 22:00:00,95.24717872996419
2026-06-18 23:00:00,95.29988279154298
2026-06-19 00:00:00,114.7423722911244
2026-06-19 01:00:00,120.1551619121242
2026-06-19 02:00:00,112.958139723178
2026-06-19 03:00:00,122.7955808667337
2026-06-19 04:00:00,113.4471158846426
2026-06-19 05:00:00,119.7419167183919
2026-06-19 06:00:00,129.0086480623245
2026-06-19 07:00:00,121.0914370015086
2026-06-19 08:00:00,109.0827618115081
2026-06-19 09:00:00,113.6519516132774
2026-06-19 10:00:00,102.9997742347606
2026-06-19 11:00:00,84.7019814089727
2026-06-19 12:00:00,88.17913181340855
2026-06-19 13:00:00,72.57932101848508
2026-06-19 14:00:00,70.46119975596139
2026-06-19 15:00:00,65.89195742694056
2026-06-19 16:00:00,58.78102818684646
2026-06-19 17:00:00,54.4728607585951
2026-06-19 18:00:00,57.23067681965651
2026-06-19 19:00:00,65.67815126339569
2026-06-19 20:00:00,67.82276438909064
2026-06-19 21:00:00,68.36781946348795
2026-06-19 22:00:00,76.3150703934049
2026-06-19 23:00:00,85.35287221138391
2026-06-20 00:00:00,85.66327673662032
2026-06-20 01:00:00,96.63470999151205
2026-06-20 02:00:00,105.2989851014217
2026-06-20 03:00:00,103.6357528099816
2026-06-20 04:00:00,114.9310829529573
2026-06-20 05:00:00,108.6842980264602
2026-06-20 06:00:00,120.3801076290175
2026-06-20 07:00:00,112.5085577563898
2026-06-20 08:00:00,98.8204723270525
2026-06-20 09:00:00,101.012438825833
2026-06-20 10:00:00,87.29476255918686
2026-06-20 11:00:00,84.92356569925882
2026-06-20 12:00:00,84.33717745147099
2026-06-20 13:00:00,80.38818869613381
2026-06-20 14:00:00,64.56840211677965
2026-06-20 15:00:00,62.14123188629866
2026-06-20 16:00:00,54.38548762732319
2026-06-20 17:00:00,52.3723643164408
2026-06-20 18:00:00,58.24236588934352
2026-06-20 19:00:00,63.24017414418507
2026-06-20 20:00:00,65.15226998373807
2026-06-20 21:00:00,68.57151162104643
2026-06-20 22:00:00,76.11544432722914
2026-06-20 23:00:00,81.0486295546523
2026-06-21 00:00:00,90.2061041804958
2026-06-21 01:00:00,99.63723268700282
2026-06-21 02:00:00,102.7034681686043
2026-06-21 03:00:00,100.2760590389786
2026-06-21 04:00:00,120.9813291350757
2026-06-21 05:00:00,110.8205920010913
2026-06-21 06:00:00,129.6397808359971
2026-06-21 07:00:00,121.3763688472277
2026-06-21 08:00:00,120.5245891701595
2026-06-21 09:00:00,111.5467138865721
2026-06-21 10:00:00,102.6751925361548
2026-06-21 11:00:00,105.6059621412294
2026-06-21 12:00:00,98.92659147078194
2026-06-21 13:00:00,81.51773604443035
2026-06-21 14:00:00,74.30194300493663
2026-06-21 15:00:00,78.89710749136314
2026-06-21 16:00:00,68.64949847632921
2026-06-21 17:00:00,65.3993763887965
2026-06-21 18:00:00,67.77361107291912
2026-06-21 19:00:00,75.25892260033055
2026-06-21 20:00:00,73.39181621693517
2026-06-21 21:00:00,76.99611764028207
2026-06-21 22:00:00,78.42853494741496
2026-06-21 23:00:00,85.61006373994725
2026-06-22 00:00:00,107.0604111556509
2026-06-22 01:00:00,101.2812142761513
2026-06-22 02:00:00,125.6179562809958
2026-06-22 03:00:00,130.3760821437837
2026-06-22 04:00:00,143.0460867598539
2026-06-22 05:00:00,141.2967122487551
2026-06-22 06:00:00,144.211485861893
2026-06-22 07:00:00,143.6237463018305
2026-06-22 08:00:00,124.0825273624338
2026-06-22 09:00:00,117.6379716957173
2026-06-22 10:00:00,119.6684675569338
2026-06-22 11:00:00,125.1395760438932
2026-06-22 12:00:00,115.7935502612445
2026-06-22 13:00:00,97.44783400973728
2026-06-22 14:00:00,102.2799889684634
2026-06-22 15:00:00,87.45284736911113
2026-06-22 16:00:00,82.09889977580646
2026-06-22 17:00:00,84.61256959191523
2026-06-22 18:00:00,79.3055714438384
2026-06-22 19:00:00,97.13695588773925
2026-06-22 20:00:00,90.32205487564599
2026-06-22 21:00:00,97.2926497607597
2026-06-22 22:00:00,105.5669416319821
2026-06-22 23:00:00,109.7765360892852
2026-06-23 00:00:00,115.796102922966
2026-06-23 01:00:00,121.7511996410779
2026-06-23 02:00:00,147.5725753514844
2026-06-23 03:00:00,151.8701780520111
2026-06-23 04:00:00,155.0309799758723
2026-06-23 05:00:00,152.6472591660983
2026-06-23 06:00:00,145.8207967645102
2026-06-23 07:00:00,154.3629278242985
2026-06-23 08:00:00,143.0443648610464
2026-06-23 09:00:00,140.3900171544894
2026-06-23 10:00:00,134.598964030826
2026-06-23 11:00:00,122.395472419553
2026-06-23 12:00:00,119.4791990878064
2026-06-23 13:00:00,108.20316041954
2026-06-23 14:00:00,100.9707993073577
2026-06-23 15:00:00,100.7808426118338
2026-06-23 16:00:00,101.5722525329101
2026-06-23 17:00:00,88.93122663507948
2026-06-23 18:00:00,102.0201877352521
2026-06-23 19:00:00,101.0511403624832
2026-06-23 20:00:00,101.0733725921257
2026-06-23 21:00:00,104.0579143500755
2026-06-23 22:00:00,100.9896049494907
2026-06-23 23:00:00,129.3798810385955
2026-06-24 00:00:00,138.1626611206675
2026-06-24 01:00:00,136.5791265256045
2026-06-24 02:00:00,145.7729928541301
2026-06-24 03:00:00,147.1605764152743
2026-06-24 04:00:00,145.3891790658193
2026-06-24 05:00:00,166.1675749881281
2026-06-24 06:00:00,144.8590237190038
2026-06-24 07:00:00,141.3484878076251
2026-06-24 08:00:00,154.7034740766498
2026-06-24 09:00:00,133.6607054443542
2026-06-24 10:00:00,140.2314906735331
2026-06-24 11:00:00,112.8924814227243
2026-06-24 12:00:00,123.4979284899463
2026-06-24 13:00:00,102.1018130678129
2026-06-24 14:00:00,109.7783428500858
2026-06-24 15:00:00,98.76378347230501
2026-06-24 16:00:00,89.83158110282977
2026-06-24 17:00:00,82.46923552976169
2026-06-24 18:00:00,89.21407799434127
2026-06-24 19:00:00,88.72858459179434
2026-06-24 20:00:00,99.03299103053384
2026-06-24 21:00:00,93.98870976817264
2026-06-24 22:00:00,98.86503605795916
2026-06-24 23:00:00,109.3417015704134
2026-06-25 00:00:00,116.4347219506129
2026-06-25 01:00:00,118.0314059814242
2026-06-25 02:00:00,120.8019519078214
2026-06-25 03:00:00,120.0289592302358
2026-06-25 04:00:00,146.5361699455609
2026-06-25 05:00:00,130.5432184434558
2026-06-25 06:00:00,137.8124529233908
2026-06-25 07:00:00,143.2810197458303
2026-06-25 08:00:00,119.2079353095612
2026-06-25 09:00:00,122.1858493964123
2026-06-25 10:00:00,120.8781699257041
2026-06-25 11:00:00,113.1878808022813
2026-06-25 12:00:00,95.02520802944582
2026-06-25 13:00:00,97.51431698051886
2026-06-25 14:00:00,93.9172975267178
2026-06-25 15:00:00,81.28112370242688
2026-06-25 16:00:00,79.4564303763612
2026-06-25 17:00:00,75.50389887424488
2026-06-25 18:00:00,65.56713365836026
2026-06-25 19:00:00,62.69069649374178
2026-06-25 20:00:00,74.73377901635436
2026-06-25 21:00:00,66.80981715736033
2026-06-25 22:00:00,73.74591077523274
2026-06-25 23:00:00,88.27384166786484
2026-06-26 00:00:00,88.51259180299562
2026-06-26 01:00:00,95.30354698543904
2026-06-26 02:00:00,112.3252073551265
2026-06-26 03:00:00,122.0913096153388
2026-06-26 04:00:00,113.3826144012213
2026-06-26 05:00:00,122.7745088014402
2026-06-26 06:00:00,108.3288411766152
2026-06-26 07:00:00,117.5441136751914
2026-06-26 08:00:00,123.068897557172
2026-06-26 09:00:00,103.1322288750469
2026-06-26 10:00:00,109.7799599075938
2026-06-26 11:00:00,98.42297926496492
2026-06-26 12:00:00,76.9898460094196
2026-06-26 13:00:00,75.99708119805071
2026-06-26 14:00:00,65.73515425277199
2026-06-26 15:00:00,62.67898211155369
2026-06-26 16:00:00,57.32000469263934
2026-06-26 17:00:00,53.74512106476355
2026-06-26 18:00:00,53.17822350587276
2026-06-26 19:00:00,55.51409816264084
2026-06-26 20:00:00,53.79513945228633
2026-06-26 21:00:00,65.15890478619625
2026-06-26 22:00:00,73.26901070748559
2026-06-26 23:00:00,79.92551866731952
2026-06-27 00:00:00,93.13908204636937
2026-06-27 01:00:00,98.02177061278677
2026-06-27 02:00:00,100.5105109363951
2026-06-27 03:00:00,114.7483820860984
2026-06-27 04:00:00,109.5397100318714
2026-06-27 05:00:00,105.0329114615557
2026-06-27 06:00:00,105.9593573571801
2026-06-27 07:00:00,100.6973660414769
2026-06-27 08:00:00,107.6188063750029
2026-06-27 09:00:00,100.4156710996159
2026-06-27 10:00:00,92.20006717823883
2026-06-27 11:00:00,84.46748976940124
2026-06-27 12:00:00,81.07606714180449
2026-06-27 13:00:00,76.41181394354439
2026-06-27 14:00:00,69.65422490818003
2026-06-27 15:00:00,59.84661017251845
2026-06-27 16:00:00,56.44096918476291
2026-06-27 17:00:00,52.94925013642443
2026-06-27 18:00:00,56.16970469539481
2026-06-27 19:00:00,59.17593552110779
2026-06-27 20:00:00,65.62965672444174
2026-06-27 21:00:00,67.74562887006934
2026-06-27 22:00:00,76.01168237585479
2026-06-27 23:00:00,81.1241648587513
2026-06-28 00:00:00,80.64169625754619
2026-06-28 01:00:00,92.07980076247352
2026-06-28 02:00:00,101.3158928482723
2026-06-28 03:00:00,109.985357448192
2026-06-28 04:00:00,121.2116936328375
2026-06-28 05:00:00,112.4118047991767
2026-06-28 06:00:00,119.7051169737661
2026-06-28 07:00:00,122.719889794716
2026-06-28 08:00:00,129.2127399928637
2026-06-28 09:00:00,111.3926203335499
2026-06-28 10:00:00,112.1439275327177
2026-06-28 11:00:00,93.08709910510791
2026-06-28 12:00:00,89.8267695413685
2026-06-28 13:00:00,95.55329204059008
2026-06-28 14:00:00,88.7498038973498
2026-06-28 15:00:00,69.09300763794758
2026-06-28 16:00:00,68.81681054912657
2026-06-28 17:00:00,72.66138224022369
2026-06-28 18:00:00,70.49586184106818
2026-06-28 19:00:00,65.24420357868527
2026-06-28 20:00:00,77.38756396784513
2026-06-28 21:00:00,72.70010088549309
2026-06-28 22:00:00,80.94691360094559
2026-06-28 23:00:00,97.937006818636
2026-06-29 00:00:00,93.47131036008012
2026-06-29 01:00:00,115.4332098321415
2026-06-29 02:00:00,123.161837190619
2026-06-29 03:00:00,118.1971683766168
2026-06-29 04:00:00,124.4173211622079
2026-06-29 05:00:00,138.6259682905304
2026-06-29 06:00:00,145.8073605677255
2026-06-29 07:00:00,136.9020703449036
2026-06-29 08:00:00,131.7137569192832
2026-06-29 09:00:00,140.5729353418907
2026-06-29 10:00:00,140.1743271113968
2026-06-29 11:00:00,131.5624772601056
2026-06-29 12:00:00,120.7171191655048
2026-06-29 13:00:00,104.6084859913482
2026-06-29 14:00:00,91.7606635834337
2026-06-29 15:00:00,94.98030163379657
2026-06-29 16:00:00,84.69644048964098
2026-06-29 17:00:00,93.34214586913613
2026-06-29 18:00:00,78.40391222379154
2026-06-29 19:00:00,89.07819238917601
2026-06-29 20:00:00,92.42995818030418
2026-06-29 21:00:00,83.04266197277904
2026-06-29 22:00:00,92.34683922739431
2026-06-29 23:00:00,112.0010028117269
2026-06-30 00:00:00,109.966867757857
2026-06-30 01:00:00,123.1319030410703
2026-06-30 02:00:00,129.8390308505693
2026-06-30 03:00:00,145.8794465373317
2026-06-30 04:00:00,128.5844648602374
2026-06-30 05:00:00,146.3988412816271
2026-06-30 06:00:00,150.7909007085268
2026-06-30 07:00:00,145.9511975222748
2026-06-30 08:00:00,152.0987560181108
2026-06-30 09:00:00,145.5584397938175
2026-06-30 10:00:00,135.0548707180445
2026-06-30 11:00:00,140.1857452679879
2026-06-30 12:00:00,110.5839486313441
2026-06-30 13:00:00,120.0719143327283
2026-06-30 14:00:00,98.81367932558052
2026-06-30 15:00:00,98.62747762417467
2026-06-30 16:00:00,93.27212812610769
2026-06-30 17:00:00,84.50757696794359
2026-06-30 18:00:00,82.1312951152688
2026-06-30 19:00:00,85.29359463912488
2026-06-30 20:00:00,90.1857221114618
2026-06-30 21:00:00,110.8590200803958
2026-06-30 22:00:00,101.1500252762985
2026-06-30 23:00:00,116.9884804586309
2026-07-01 00:00:00,137.5863171962529
2026-07-01 01:00:00,132.2495021924274
2026-07-01 02:00:00,141.0360516617104
2026-07-01 03:00:00,135.4605776459923
2026-07-01 04:00:00,156.9130464414794
2026-07-01 05:00:00,151.4225801690708
2026-07-01 06:00:00,141.9166984006673
2026-07-01 07:00:00,143.8849884792216
2026-07-01 08:00:00,139.0260618530162
2026-07-01 09:00:00,125.3374061879756
2026-07-01 10:00:00,123.8740119795239
2026-07-01 11:00:00,122.0495946064784
2026-07-01 12:00:00,104.685056622994
2026-07-01 13:00:00,110.412812581212
2026-07-01 14:00:00,100.41142774354
2026-07-01 15:00:00,91.54631428023112
2026-07-01 16:00:00,82.62714317099466
2026-07-01 17:00:00,85.44969675667362
2026-07-01 18:00:00,89.08899955724058
2026-07-01 19:00:00,84.06410259877474
2026-07-01 20:00:00,88.67717214726942
2026-07-01 21:00:00,96.1472982607603
2026-07-01 22:00:00,87.66906710525872
2026-07-01 23:00:00,101.8169345342614
2026-07-02 00:00:00,107.2549076922371
2026-07-02 01:00:00,119.4513462535774
2026-07-02 02:00:00,134.9090205142566
2026-07-02 03:00:00,128.4413539724647
2026-07-02 04:00:00,126.6439369343128
2026-07-02 05:00:00,121.3994293443904
2026-07-02 06:00:00,139.1615738152056
2026-07-02 07:00:00,119.2951250338359
2026-07-02 08:00:00,122.7777382522666
2026-07-02 09:00:00,112.0852042284113
2026-07-02 10:00:00,105.0059600769473
2026-07-02 11:00:00,102.8308140678473
2026-07-02 12:00:00,105.1444222400315
2026-07-02 13:00:00,94.38989629433185
2026-07-02 14:00:00,84.82812287453034
2026-07-02 15:00:00,79.26736736232485
2026-07-02 16:00:00,71.9266575676399
2026-07-02 17:00:00,66.48988477674534
2026-07-02 18:00:00,66.5292442559715
2026-07-02 19:00:00,64.26135413888932
2026-07-02 20:00:00,67.44273926607163
2026-07-02 21:00:00,78.57542291276819
2026-07-02 22:00:00,72.00795961007361
2026-07-02 23:00:00,92.82860182768711
2026-07-03 00:00:00,102.4406138281064
2026-07-03 01:00:00,92.34613106044249
2026-07-03 02:00:00,98.1163238950171
2026-07-03 03:00:00,107.4297373602522
2026-07-03 04:00:00,109.0398323233325
2026-07-03 05:00:00,128.1751762065538
2026-07-03 06:00:00,125.6780986083424
2026-07-03 07:00:00,115.9147308267289
2026-07-03 08:00:00,106.9756939375801
2026-07-03 09:00:00,110.1018498972224
2026-07-03 10:00:00,102.1183210942394
2026-07-03 11:00:00,96.08493781656216
2026-07-03 12:00:00,78.49621552769541
2026-07-03 13:00:00,75.57481463598985
2026-07-03 14:00:00,73.33428314758748
2026-07-03 15:00:00,63.58608512723458
2026-07-03 16:00:00,54.74983204252711
2026-07-03 17:00:00,55.53669382378408
2026-07-03 18:00:00,53.79140994106299
2026-07-03 19:00:00,58.05916660076645
2026-07-03 20:00:00,59.46403788781745
2026-07-03 21:00:00,63.23923612514682
2026-07-03 22:00:00,62.87984472387827
2026-07-03 23:00:00,74.07712306235852
2026-07-04 00:00:00,72.826849372596
2026-07-04 01:00:00,96.26991383892297
2026-07-04 02:00:00,104.4570958075961
2026-07-04 03:00:00,93.94890456639031
2026-07-04 04:00:00,102.554786363621
2026-07-04 05:00:00,103.219856034946
2026-07-04 06:00:00,104.5062474965561
2026-07-04 07:00:00,102.4976376622256
2026-07-04 08:00:00,97.11309131210264
2026-07-04 09:00:00,111.7546864378355
2026-07-04 10:00:00,96.87559150644846
2026-07-04 11:00:00,96.32300641104159
2026-07-04 12:00:00,80.75917392515558
2026-07-04 13:00:00,78.32347892126928
2026-07-04 14:00:00,74.07434913671499
2026-07-04 15:00:00,66.87723909856487
2026-07-04 16:00:00,61.09737239003566
2026-07-04 17:00:00,51.71581322156395
2026-07-04 18:00:00,50.37902218898672
2026-07-04 19:00:00,59.16592023308763
2026-07-04 20:00:00,63.52222487683776
2026-07-04 21:00:00,58.61092038509887
2026-07-04 22:00:00,68.68346616229917
2026-07-04 23:00:00,80.26104754503588
2026-07-05 00:00:00,84.46581870834902
2026-07-05 01:00:00,93.77237705173901
2026-07-05 02:00:00,102.2132674210791
2026-07-05 03:00:00,118.6016166968536
2026-07-05 04:00:00,120.3736879296308
2026-07-05 05:00:00,119.4530973076778
2026-07-05 06:00:00,128.5232230996533
2026-07-05 07:00:00,129.6744658095031
2026-07-05 08:00:00,123.7869152860711
2026-07-05 09:00:00,118.7149801014523
2026-07-05 10:00:00,99.17653249784007
2026-07-05 11:00:00,101.8718636586389
2026-07-05 12:00:00,94.89191802084916
2026-07-05 13:00:00,82.08970171220301
2026-07-05 14:00:00,77.25786933093723
2026-07-05 15:00:00,78.1682605638813
2026-07-05 16:00:00,64.71564779190497
2026-07-05 17:00:00,62.60674075586854
2026-07-05 18:00:00,63.16757623987363
2026-07-05 19:00:00,73.84261047718505
2026-07-05 20:00:00,70.12837986708081
2026-07-05 21:00:00,72.2578622380643
2026-07-05 22:00:00,86.4254825224092
2026-07-05 23:00:00,84.08922887762645
2026-07-06 00:00:00,98.08245920426782
2026-07-06 01:00:00,105.5131494184274
2026-07-06 02:00:00,107.7910578597611
2026-07-06 03:00:00,118.1906505473249
2026-07-06 04:00:00,135.5339904913802
2026-07-06 05:00:00,140.2741822830076
2026-07-06 06:00:00,145.8886787358794
2026-07-06 07:00:00,149.0247351371928
2026-07-06 08:00:00,133.0560464948091
2026-07-06 09:00:00,139.1420089382851
2026-07-06 10:00:00,124.0577157265078
2026-07-06 11:00:00,130.9364325862738
2026-07-06 12:00:00,114.0762766952591
2026-07-06 13:00:00,107.6486017805873
2026-07-06 14:00:00,91.82544063786695
2026-07-06 15:00:00,89.27829853696556
2026-07-06 16:00:00,86.56816393567536
2026-07-06 17:00:00,84.58001564731552
2026-07-06 18:00:00,79.24050297548074
2026-07-06 19:00:00,86.21575242249985
2026-07-06 20:00:00,80.30863189918412
2026-07-06 21:00:00,89.64420217817377
2026-07-06 22:00:00,94.28446814915755
2026-07-06 23:00:00,104.3601678270624
2026-07-07 00:00:00,122.0207422021157
2026-07-07 01:00:00,134.7564952878629
2026-07-07 02:00:00,136.068389063841
2026-07-07 03:00:00,146.035935395865
2026-07-07 04:00:00,129.9382822882165
2026-07-07 05:00:00,155.5972669332162
2026-07-07 06:00:00,139.9590399181793
2026-07-07 07:00:00,141.9787207001652
2026-07-07 08:00:00,160.0156391875283
2026-07-07 09:00:00,156.4514658289753
2026-07-07 10:00:00,146.8813284919628
2026-07-07 11:00:00,133.2767214392145
2026-07-07 12:00:00,136.9794568343648
2026-07-07 13:00:00,121.7413270360231
2026-07-07 14:00:00,107.9445492288549
2026-07-07 15:00:00,115.0813502621117
2026-07-07 16:00:00,94.07024396756317
2026-07-07 17:00:00,86.26439442853031
2026-07-07 18:00:00,94.3531861051856
2026-07-07 19:00:00,100.4927744102654
2026-07-07 20:00:00,86.19607304626061
2026-07-07 21:00:00,91.24682765000296
2026-07-07 22:00:00,110.1413911694484
2026-07-07 23:00:00,116.6707628791424
2026-07-08 00:00:00,111.1776315876482
2026-07-08 01:00:00,127.9412932712489
2026-07-08 02:00:00,125.1938176485123
2026-07-08 03:00:00,145.3823250079192
2026-07-08 04:00:00,134.5356501965677
2026-07-08 05:00:00,162.1700408568647
2026-07-08 06:00:00,162.387877722673
2026-07-08 07:00:00,143.0524776762905
2026-07-08 08:00:00,139.8470116557667
2026-07-08 09:00:00,132.9227520202553
2026-07-08 10:00:00,141.478426662225
2026-07-08 11:00:00,131.7651337582616
2026-07-08 12:00:00,115.7801709852881
2026-07-08 13:00:00,104.9724838674782
2026-07-08 14:00:00,100.8349983981204
2026-07-08 15:00:00,100.9328602231127
2026-07-08 16:00:00,99.52979928130051
2026-07-08 17:00:00,86.25696142031705
2026-07-08 18:00:00,87.53618402594249
2026-07-08 19:00:00,86.89805851795099
2026-07-08 20:00:00,84.66831618104725
2026-07-08 21:00:00,88.81907575522933
2026-07-08 22:00:00,89.25191125258925
2026-07-08 23:00:00,99.63878830512414
2026-07-09 00:00:00,102.5244802943302
2026-07-09 01:00:00,110.6007097504248
2026-07-09 02:00:00,120.8787121246415
2026-07-09 03:00:00,137.8540748592325
2026-07-09 04:00:00,127.8472765097529
2026-07-09 05:00:00,127.295199235411
2026-07-09 06:00:00,140.2400418088315
2026-07-09 07:00:00,141.2561716234716
2026-07-09 08:00:00,129.5103074923692
2026-07-09 09:00:00,135.2728022331048
2026-07-09 10:00:00,122.4989612289105
2026-07-09 11:00:00,127.7640858695035
2026-07-09 12:00:00,111.6762618695803
2026-07-09 13:00:00,102.1985134130334
2026-07-09 14:00:00,92.11851267165453
2026-07-09 15:00:00,82.05102533382814
2026-07-09 16:00:00,84.62294435979723
2026-07-09 17:00:00,70.70228292452616
2026-07-09 18:00:00,67.3270561536983
2026-07-09 19:00:00,74.7618238858722
2026-07-09 20:00:00,76.24539282242846
2026-07-09 21:00:00,68.09040448782714
2026-07-09 22:00:00,75.69940800404859
2026-07-09 23:00:00,79.31395461759276
2026-07-10 00:00:00,80.41420111477557
2026-07-10 01:00:00,103.7755705920919
2026-07-10 02:00:00,113.7493488976634
2026-07-10 03:00:00,109.4119754533934
2026-07-10 04:00:00,117.0882728618288
2026-07-10 05:00:00,119.703595707544
2026-07-10 06:00:00,115.3956677139786
2026-07-10 07:00:00,110.3564649721371
2026-07-10 08:00:00,121.8069084390007
2026-07-10 09:00:00,121.8701253591717
2026-07-10 10:00:00,120.0152206417259
2026-07-10 11:00:00,108.9517881180226
2026-07-10 12:00:00,102.3133435352338
2026-07-10 13:00:00,89.89465692599067
2026-07-10 14:00:00,81.62137595455864
2026-07-10 15:00:00,69.82655998074523
2026-07-10 16:00:00,61.90265303891672
2026-07-10 17:00:00,55.51726508793603
2026-07-10 18:00:00,58.47290423688604
2026-07-10 19:00:00,51.81985532982872
2026-07-10 20:00:00,53.93827098414386
2026-07-10 21:00:00,63.68121664567813
2026-07-10 22:00:00,69.61829320690352
2026-07-10 23:00:00,81.26470207023506
2026-07-11 00:00:00,76.04201832360143
2026-07-11 01:00:00,98.21493691176875
2026-07-11 02:00:00,105.8006495150349
2026-07-11 03:00:00,101.2194471643314
2026-07-11 04:00:00,106.4687183426303
2026-07-11 05:00:00,120.4071217626969
2026-07-11 06:00:00,114.6222992638762
2026-07-11 07:00:00,108.6429024341482
2026-07-11 08:00:00,102.5416469181903
2026-07-11 09:00:00,105.1944686729068
2026-07-11 10:00:00,108.504045687326
2026-07-11 11:00:00,93.67998555579771
2026-07-11 12:00:00,79.45786595471675
2026-07-11 13:00:00,69.40255993556309
2026-07-11 14:00:00,67.09943342382222
2026-07-11 15:00:00,59.73429535242011
2026-07-11 16:00:00,52.89237737544799
2026-07-11 17:00:00,51.91044734818419
2026-07-11 18:00:00,51.08037695118583
2026-07-11 19:00:00,57.99556553303352
2026-07-11 20:00:00,58.98660332102127
2026-07-11 21:00:00,71.27134560420153
2026-07-11 22:00:00,82.53429988356675
2026-07-11 23:00:00,90.87396925958842
2026-07-12 00:00:00,103.102756311554
2026-07-12 01:00:00,108.3577399644919
2026-07-12 02:00:00,115.896646250179
2026-07-12 03:00:00,125.383993828691
2026-07-12 04:00:00,107.7870864314066
2026-07-12 05:00:00,114.3988397283649
2026-07-12 06:00:00,120.70439029177
2026-07-12 07:00:00,114.2009511068782
2026-07-12 08:00:00,103.6430711200202
2026-07-12 09:00:00,107.3201464991127
2026-07-12 10:00:00,93.14811641485404
2026-07-12 11:00:00,87.18703409010057
2026-07-12 12:00:00,83.7961453297706
2026-07-12 13:00:00,74.33265931220032
2026-07-12 14:00:00,73.43118888189863
2026-07-12 15:00:00,67.81437892058722
2026-07-12 16:00:00,68.98009966529392
2026-07-12 17:00:00,66.43184877272206
2026-07-12 18:00:00,76.3096438873562
2026-07-12 19:00:00,67.14781676415896
2026-07-12 20:00:00,73.19032507744527
2026-07-12 21:00:00,84.85131554988638
2026-07-12 22:00:00,101.3609574691016
2026-07-12 23:00:00,111.8255611947093
2026-07-13 00:00:00,120.9940650953929
2026-07-13 01:00:00,116.4535314808177
2026-07-13 02:00:00,127.2992900749692
2026-07-13 03:00:00,126.2947758022814
2026-07-13 04:00:00,124.4227684999443
2026-07-13 05:00:00,126.1011343413797
2026-07-13 06:00:00,140.9198969177212
2026-07-13 07:00:00,129.8943413950244
2026-07-13 08:00:00,134.7746900577676
2026-07-13 09:00:00,128.9369693927436
2026-07-13 10:00:00,115.9214937058221
2026-07-13 11:00:00,123.412649823389
2026-07-13 12:00:00,100.0751049678062
2026-07-13 13:00:00,96.46396149603964
2026-07-13 14:00:00,104.7406422839302
2026-07-13 15:00:00,94.33419671457338
2026-07-13 16:00:00,90.91806828524756
2026-07-13 17:00:00,86.65639545623273
2026-07-13 18:00:00,85.32141061804732
2026-07-13 19:00:00,90.62155642613035
2026-07-13 20:00:00,93.96374530947705
2026-07-13 21:00:00,105.2930251587655
2026-07-13 22:00:00,96.39643653115002
2026-07-13 23:00:00,102.8504266915055
2026-07-14 00:00:00,111.1880011557435
2026-07-14 01:00:00,139.3261495461213
2026-07-14 02:00:00,145.2463176827444
2026-07-14 03:00:00,135.2697193245675
2026-07-14 04:00:00,156.4497300308635
2026-07-14 05:00:00,143.3572427148106
2026-07-14 06:00:00,161.0938173216787
2026-07-14 07:00:00,163.336339431658
2026-07-14 08:00:00,158.6731827680942
2026-07-14 09:00:00,158.0370520544477
2026-07-14 10:00:00,128.7240860770909
2026-07-14 11:00:00,128.0353917577656
2026-07-14 12:00:00,132.3814689138194
2026-07-14 13:00:00,127.4912368627791
2026-07-14 14:00:00,114.9340127223956
2026-07-14 15:00:00,110.5410286965116
2026-07-14 16:00:00,104.7044090474019
2026-07-14 17:00:00,99.35015046240933
2026-07-14 18:00:00,92.55112959788555
2026-07-14 19:00:00,96.71763275029835
2026-07-14 20:00:00,101.6786992196422
2026-07-14 21:00:00,109.8589062074426
2026-07-14 22:00:00,116.6830896650498
2026-07-14 23:00:00,123.8914791695335
2026-07-15 00:00:00,120.752873800462
2026-07-15 01:00:00,130.86653976614
2026-07-15 02:00:00,146.882136385736
2026-07-15 03:00:00,146.1883550289419
2026-07-15 04:00:00,158.9789575861209
2026-07-15 05:00:00,153.1492160745376
2026-07-15 06:00:00,146.7822961299687
2026-07-15 07:00:00,148.5922109790918
2026-07-15 08:00:00,149.2833981316216
2026-07-15 09:00:00,161.455411949327
2026-07-15 10:00:00,154.4902080551093
2026-07-15 11:00:00,144.6119296837884
2026-07-15 12:00:00,129.7926485847399
2026-07-15 13:00:00,111.9179048563156
2026-07-15 14:00:00,119.914575249264
2026-07-15 15:00:00,110.9349600138676
2026-07-15 16:00:00,89.3596516542943
2026-07-15 17:00:00,83.90301433782287
2026-07-15 18:00:00,98.50285401365687
2026-07-15 19:00:00,83.71490792914825
2026-07-15 20:00:00,87.88322085513626
2026-07-15 21:00:00,86.8516373557342
2026-07-15 22:00:00,90.33625281015516
2026-07-15 23:00:00,98.28628191433758
2026-07-16 00:00:00,107.0369821725909
2026-07-16 01:00:00,116.8461137787697
2026-07-16 02:00:00,111.8808331733754
2026-07-16 03:00:00,120.9678210619607
2026-07-16 04:00:00,132.1989313827993
2026-07-16 05:00:00,131.6685852260187
2026-07-16 06:00:00,146.6365118371136
2026-07-16 07:00:00,133.6519284250874
2026-07-16 08:00:00,126.9692145943952
2026-07-16 09:00:00,135.7290100358571
2026-07-16 10:00:00,136.9763628764001
2026-07-16 11:00:00,124.7084228050172
2026-07-16 12:00:00,107.6986106494516
2026-07-16 13:00:00,95.95357294135812
2026-07-16 14:00:00,99.45990296272105
2026-07-16 15:00:00,79.59033066828226
2026-07-16 16:00:00,72.56723264948465
2026-07-16 17:00:00,79.63033373879466
2026-07-16 18:00:00,67.00904192008609
2026-07-16 19:00:00,65.92635295413803
2026-07-16 20:00:00,72.14577299860667
2026-07-16 21:00:00,84.81277934864147
2026-07-16 22:00:00,77.65712523355877
2026-07-16 23:00:00,92.64676269115294
2026-07-17 00:00:00,88.27040498965154
2026-07-17 01:00:00,114.6647766651093
2026-07-17 02:00:00,109.5378563284391
2026-07-17 03:00:00,117.0325315237025
2026-07-17 04:00:00,119.673691466937
2026-07-17 05:00:00,121.8329829027041
2026-07-17 06:00:00,116.7976139830149
2026-07-17 07:00:00,120.654748812968
2026-07-17 08:00:00,131.6976468577187
2026-07-17 09:00:00,114.7275898993061
2026-07-17 10:00:00,99.50837377745977
2026-07-17 11:00:00,99.70671387163684
2026-07-17 12:00:00,95.79180738264547
2026-07-17 13:00:00,83.47158471176336
2026-07-17 14:00:00,70.72635395284681
2026-07-17 15:00:00,73.96877191837642
2026-07-17 16:00:00,59.37595510133815
2026-07-17 17:00:00,55.34776413644352
2026-07-17 18:00:00,63.00076774547779
2026-07-17 19:00:00,61.3819405034076
2026-07-17 20:00:00,58.96448488316487
2026-07-17 21:00:00,64.16322098057924
2026-07-17 22:00:00,77.91870818301639
2026-07-17 23:00:00,87.52681333949046
2026-07-18 00:00:00,88.8998479103143
2026-07-18 01:00:00,100.4806265942354
2026-07-18 02:00:00,98.93546951093346
2026-07-18 03:00:00,110.1703213622299
2026-07-18 04:00:00,104.9257029320624
2026-07-18 05:00:00,110.4861392222955
2026-07-18 06:00:00,128.1310694597415
2026-07-18 07:00:00,118.601163772096
2026-07-18 08:00:00,112.2297311847039
2026-07-18 09:00:00,101.8429734222144
2026-07-18 10:00:00,98.68118767195361
2026-07-18 11:00:00,88.91447896581792
2026-07-18 12:00:00,81.68563781428385
2026-07-18 13:00:00,80.28134461659018
2026-07-18 14:00:00,64.18221524164225
2026-07-18 15:00:00,64.04505955431105
2026-07-18 16:00:00,58.09116741362259
2026-07-18 17:00:00,62.54473389307184
2026-07-18 18:00:00,65.01526950030004
2026-07-18 19:00:00,67.0824709122669
2026-07-18 20:00:00,73.73746404849666
2026-07-18 21:00:00,76.8386110979229
2026-07-18 22:00:00,89.18408619724795
2026-07-18 23:00:00,84.48211376974508
2026-07-19 00:00:00,96.60728348738913
2026-07-19 01:00:00,116.5113771865441
2026-07-19 02:00:00,109.3088179292016
2026-07-19 03:00:00,116.5831974570615
2026-07-19 04:00:00,117.9763903141527
2026-07-19 05:00:00,119.868905526283
2026-07-19 06:00:00,128.178353188983
2026-07-19 07:00:00,122.2547688352129
2026-07-19 08:00:00,122.9142380173217
2026-07-19 09:00:00,121.111567242703
2026-07-19 10:00:00,109.4810595696531
2026-07-19 11:00:00,106.9810769693098
2026-07-19 12:00:00,97.36878619720262
2026-07-19 13:00:00,90.31374423371557
2026-07-19 14:00:00,75.64045512950013
2026-07-19 15:00:00,69.7732555650013
2026-07-19 16:00:00,67.34978640348456
2026-07-19 17:00:00,69.62810158084262
2026-07-19 18:00:00,73.8049596910451
2026-07-19 19:00:00,75.13534587057659
2026-07-19 20:00:00,75.99990787301611
2026-07-19 21:00:00,87.08754200837436
2026-07-19 22:00:00,99.18755004648011
2026-07-19 23:00:00,94.7772788203206
2026-07-20 00:00:00,123.9370710807045
2026-07-20 01:00:00,121.1606153454243
2026-07-20 02:00:00,117.8820947859221
2026-07-20 03:00:00,136.2274113040455
2026-07-20 04:00:00,131.12785052862
2026-07-20 05:00:00,142.4541642332309
2026-07-20 06:00:00,137.8704536551047
2026-07-20 07:00:00,146.5619298742878
2026-07-20 08:00:00,133.2458087873932
2026-07-20 09:00:00,126.8459219513377
2026-07-20 10:00:00,130.6358491946735
2026-07-20 11:00:00,116.748234282032
2026-07-20 12:00:00,104.7971911897324
2026-07-20 13:00:00,113.9000026990521
2026-07-20 14:00:00,97.22474105424655
2026-07-20 15:00:00,87.51110340940578
2026-07-20 16:00:00,95.58196553794471
2026-07-20 17:00:00,83.3558703694517
2026-07-20 18:00:00,81.79084146274536
2026-07-20 19:00:00,96.64856448150576
2026-07-20 20:00:00,97.60007344106576
2026-07-20 21:00:00,110.0147615568562
2026-07-20 22:00:00,120.7006207975215
2026-07-20 23:00:00,126.4445629595248
2026-07-21 00:00:00,114.8128077511934
2026-07-21 01:00:00,147.4473540619548
2026-07-21 02:00:00,150.2991869959184
2026-07-21 03:00:00,139.6767886869876
2026-07-21 04:00:00,150.2570138285274
2026-07-21 05:00:00,152.9589621113597
2026-07-21 06:00:00,163.6563364623433
2026-07-21 07:00:00,142.3802672853327
2026-07-21 08:00:00,158.0393046675563
2026-07-21 09:00:00,132.6573942120592
2026-07-21 10:00:00,126.9279239668234
2026-07-21 11:00:00,138.1419649449605
2026-07-21 12:00:00,136.0800966500798
2026-07-21 13:00:00,120.7882011849469
2026-07-21 14:00:00,103.5818131923351
2026-07-21 15:00:00,103.1908344826381
2026-07-21 16:00:00,110.8405281660566
2026-07-21 17:00:00,100.2236199030725
2026-07-21 18:00:00,101.37641047585
2026-07-21 19:00:00,93.80084997546209
2026-07-21 20:00:00,104.8881838545681
2026-07-21 21:00:00,117.884203832388
2026-07-21 22:00:00,115.4918463822779
2026-07-21 23:00:00,117.7987196763805
2026-07-22 00:00:00,120.2495457649955
2026-07-22 01:00:00,127.6725502550345
2026-07-22 02:00:00,148.7982162915702
2026-07-22 03:00:00,138.8999011021194
2026-07-22 04:00:00,166.2204387919357
2026-07-22 05:00:00,171.2032080645683
2026-07-22 06:00:00,169.3075186750994
2026-07-22 07:00:00,165.3635658934298
2026-07-22 08:00:00,163.3518764224403
2026-07-22 09:00:00,157.6152703350031
2026-07-22 10:00:00,134.2471931585899
2026-07-22 11:00:00,141.4443410559795
2026-07-22 12:00:00,123.3240728731109
2026-07-22 13:00:00,106.9904558386781
2026-07-22 14:00:00,99.94456325446248
2026-07-22 15:00:00,107.1370405782046
2026-07-22 16:00:00,95.59104380242651
2026-07-22 17:00:00,96.37929040141367
2026-07-22 18:00:00,84.19756722689864
2026-07-22 19:00:00,86.21880576955327
2026-07-22 20:00:00,101.9384305951466
2026-07-22 21:00:00,102.9442559083557
2026-07-22 22:00:00,102.4508595586005
2026-07-22 23:00:00,109.5966940557219
2026-07-23 00:00:00,121.8235912499444
2026-07-23 01:00:00,111.1257186369927
2026-07-23 02:00:00,135.3323224942241
2026-07-23 03:00:00,134.9617216467562
2026-07-23 04:00:00,128.2088519675926
2026-07-23 05:00:00,134.6076375828841
2026-07-23 06:00:00,154.2821968206
2026-07-23 07:00:00,141.7084071457939
2026-07-23 08:00:00,146.2318125298787
2026-07-23 09:00:00,138.422175803882
2026-07-23 10:00:00,129.8039493315593
2026-07-23 11:00:00,118.6086031253036
2026-07-23 12:00:00,122.0859631402873
2026-07-23 13:00:00,98.4055048343441
2026-07-23 14:00:00,94.09976884591447
2026-07-23 15:00:00,94.8785365352388
2026-07-23 16:00:00,78.7004135741011
2026-07-23 17:00:00,82.19101863494137
2026-07-23 18:00:00,73.07331882634354
2026-07-23 19:00:00,80.34619937108663
2026-07-23 20:00:00,82.39059144223519
2026-07-23 21:00:00,74.94414826299395
2026-07-23 22:00:00,81.11889174577901
2026-07-23 23:00:00,88.49640719455923
2026-07-24 00:00:00,102.959935585575
2026-07-24 01:00:00,108.7708526752396
2026-07-24 02:00:00,115.6244999686812
2026-07-24 03:00:00,121.1797818808363
2026-07-24 04:00:00,124.6544383625447
2026-07-24 05:00:00,115.498967243072
2026-07-24 06:00:00,127.3756302807021
2026-07-24 07:00:00,119.658923636001
2026-07-24 08:00:00,133.6722157265909
2026-07-24 09:00:00,121.9195428014747
2026-07-24 10:00:00,102.5626064277742
2026-07-24 11:00:00,96.37945353467128
2026-07-24 12:00:00,88.51780613915862
2026-07-24 13:00:00,77.78621530091749
2026-07-24 14:00:00,83.25224508519123
2026-07-24 15:00:00,68.86418795025106
2026-07-24 16:00:00,59.48885599401656
2026-07-24 17:00:00,64.86959225464733
2026-07-24 18:00:00,60.52016725771587
2026-07-24 19:00:00,65.83467687515808
2026-07-24 20:00:00,64.26939025486622
2026-07-24 21:00:00,71.54072008739404
2026-07-24 22:00:00,83.1899749221375
2026-07-24 23:00:00,84.7456668030836
2026-07-25 00:00:00,105.5662771071124
2026-07-25 01:00:00,94.32647418061255
2026-07-25 02:00:00,113.1274161662142
2026-07-25 03:00:00,112.6315661429798
2026-07-25 04:00:00,128.6090179838631
2026-07-25 05:00:00,115.9333716425921
2026-07-25 06:00:00,128.097537183583
2026-07-25 07:00:00,110.0472402263124
2026-07-25 08:00:00,123.3693391964995
2026-07-25 09:00:00,102.6148736514608
2026-07-25 10:00:00,100.626475924596
2026-07-25 11:00:00,92.63809518232334
2026-07-25 12:00:00,80.79221480656565
2026-07-25 13:00:00,81.52933691986212
2026-07-25 14:00:00,74.05243987015051
2026-07-25 15:00:00,61.54447698411349
2026-07-25 16:00:00,62.24511505208073
2026-07-25 17:00:00,65.17876051459446
2026-07-25 18:00:00,57.68644333909624
2026-07-25 19:00:00,67.59868570900392
2026-07-25 20:00:00,78.31997747209073
2026-07-25 21:00:00,79.58611151547215
2026-07-25 22:00:00,92.61683446435613
2026-07-25 23:00:00,91.73662034511013
2026-07-26 00:00:00,102.3702539350336
2026-07-26 01:00:00,110.8775431847398
2026-07-26 02:00:00,107.7700789859913
2026-07-26 03:00:00,115.4209696103907
2026-07-26 04:00:00,132.3692279712729
2026-07-26 05:00:00,127.8463682831162
2026-07-26 06:00:00,120.8938506228673
2026-07-26 07:00:00,117.7856573720046
2026-07-26 08:00:00,133.7520286529715
2026-07-26 09:00:00,112.140774412653
2026-07-26 10:00:00,119.4219579915807
2026-07-26 11:00:00,109.9968321017123
2026-07-26 12:00:00,89.5255248518303
2026-07-26 13:00:00,89.21569556367797
2026-07-26 14:00:00,81.03503079717149
2026-07-26 15:00:00,79.27618157800914
2026-07-26 16:00:00,78.64345552213578
2026-07-26 17:00:00,70.40529404372087
2026-07-26 18:00:00,83.80690342451125
2026-07-26 19:00:00,79.06781853467393
2026-07-26 20:00:00,83.5960207226253
2026-07-26 21:00:00,81.43867589654722
2026-07-26 22:00:00,100.3874246029176
2026-07-26 23:00:00,112.6427041038636
2026-07-27 00:00:00,115.6546823479868
2026-07-27 01:00:00,134.0994191446632
2026-07-27 02:00:00,121.1233338793826
2026-07-27 03:00:00,150.2303752417039
2026-07-27 04:00:00,153.2011206696744
2026-07-27 05:00:00,150.0106752550392
2026-07-27 06:00:00,140.5544093582264
2026-07-27 07:00:00,141.4789859638726
2026-07-27 08:00:00,150.152520037072
2026-07-27 09:00:00,134.9146427468724
2026-07-27 10:00:00,130.1234216178487
2026-07-27 11:00:00,115.5771442403085
2026-07-27 12:00:00,123.563617982091
2026-07-27 13:00:00,119.8543836641149
2026-07-27 14:00:00,114.2844993150681
2026-07-27 15:00:00,108.5146187361553
2026-07-27 16:00:00,102.0819589255771
2026-07-27 17:00:00,91.19199407039297
2026-07-27 18:00:00,97.14836762015018
2026-07-27 19:00:00,92.14393378419767
2026-07-27 20:00:00,100.6810529506139
2026-07-27 21:00:00,104.8238644055296
2026-07-27 22:00:00,101.7956343764049
2026-07-27 23:00:00,119.9944894690986
2026-07-28 00:00:00,132.9989995418792
2026-07-28 01:00:00,146.7643442184247
2026-07-28 02:00:00,134.6554498516904
2026-07-28 03:00:00,162.3741442412898
2026-07-28 04:00:00,169.4269923276678
2026-07-28 05:00:00,158.5165802473154
2026-07-28 06:00:00,159.7482230856791
2026-07-28 07:00:00,171.6768384473484
2026-07-28 08:00:00,163.1716744122675
2026-07-28 09:00:00,156.6268459004151
2026-07-28 10:00:00,145.2837306222843
2026-07-28 11:00:00,130.8341709847076
2026-07-28 12:00:00,119.1993389288902
2026-07-28 13:00:00,123.4538799275057
2026-07-28 14:00:00,106.4001072804052
2026-07-28 15:00:00,108.9948737343612
2026-07-28 16:00:00,111.7539648370892
2026-07-28 17:00:00,97.17535089247943
2026-07-28 18:00:00,110.7024673359266
2026-07-28 19:00:00,113.3545305455141
2026-07-28 20:00:00,114.7568310347907
2026-07-28 21:00:00,113.0145763061957
2026-07-28 22:00:00,133.1628975131887
2026-07-28 23:00:00,142.0996829839283
2026-07-29 00:00:00,128.9415276149653
2026-07-29 01:00:00,139.9335151478997
2026-07-29 02:00:00,153.8297431951475
2026-07-29 03:00:00,153.1073938356654
2026-07-29 04:00:00,171.1654404199991
2026-07-29 05:00:00,164.0149886646053
2026-07-29 06:00:00,168.4832609684506
2026-07-29 07:00:00,164.5341787698763
2026-07-29 08:00:00,147.866914344739
2026-07-29 09:00:00,152.3241025844253
2026-07-29 10:00:00,132.5601043647653
2026-07-29 11:00:00,133.5722018903931
2026-07-29 12:00:00,116.1430517823061
2026-07-29 13:00:00,106.1716973111239
2026-07-29 14:00:00,104.7908244498616
2026-07-29 15:00:00,92.5149337188689
2026-07-29 16:00:00,87.53577734657078
2026-07-29 17:00:00,98.73134348154242
2026-07-29 18:00:00,103.1813901450387
2026-07-29 19:00:00,90.11175545103758
2026-07-29 20:00:00,100.6119517278118
2026-07-29 21:00:00,109.8470306909292
2026-07-29 22:00:00,109.9730138734705
2026-07-29 23:00:00,112.8412839555648
2026-07-30 00:00:00,122.2568655725442
2026-07-30 01:00:00,119.9922118513581
2026-07-30 02:00:00,134.4618590983487
2026-07-30 03:00:00,136.2687734806444
2026-07-30 04:00:00,145.8572057543298
2026-07-30 05:00:00,142.2688072709616
2026-07-30 06:00:00,135.4379580961293
2026-07-30 07:00:00,128.6505146760789
2026-07-30 08:00:00,132.8661813542877
2026-07-30 09:00:00,120.7716529815786
2026-07-30 10:00:00,123.9205434509209
2026-07-30 11:00:00,103.2975595156277
2026-07-30 12:00:00,102.2139767037302
2026-07-30 13:00:00,106.3255088264241
2026-07-30 14:00:00,88.85159036533771
2026-07-30 15:00:00,80.6956129308003
2026-07-30 16:00:00,73.59828437024316
2026-07-30 17:00:00,81.23122664177811
2026-07-30 18:00:00,77.46609108700537
2026-07-30 19:00:00,85.55627707651009
2026-07-30 20:00:00,75.2230439487123
2026-07-30 21:00:00,83.11100207186973
2026-07-30 22:00:00,103.7618449851384
2026-07-30 23:00:00,93.48413999536868
2026-07-31 00:00:00,105.5798128658532
2026-07-31 01:00:00,110.9484793226409
2026-07-31 02:00:00,131.6889125134397
2026-07-31 03:00:00,135.437578254697
2026-07-31 04:00:00,131.5239297402624
2026-07-31 05:00:00,119.4997446936384
2026-07-31 06:00:00,121.6508000243521
2026-07-31 07:00:00,117.3570345026525
2026-07-31 08:00:00,131.3162441536819
2026-07-31 09:00:00,117.9274780693028
2026-07-31 10:00:00,110.8937322820592
2026-07-31 11:00:00,109.485168320166
2026-07-31 12:00:00,87.34628187983465
2026-07-31 13:00:00,78.9291452246783
2026-07-31 14:00:00,78.25390476498683
2026-07-31 15:00:00,65.04168294095038
2026-07-31 16:00:00,66.56196588558741
2026-07-31 17:00:00,65.24766188090963
2026-07-31 18:00:00,67.44769886847223
2026-07-31 19:00:00,60.82977193562817
2026-07-31 20:00:00,67.27506465601468
2026-07-31 21:00:00,81.56723380779441
2026-07-31 22:00:00,76.9987644631812
2026-07-31 23:00:00,96.93754553879441
2026-08-01 00:00:00,100.7340726034558
2026-08-01 01:00:00,96.82750379376279
2026-08-01 02:00:00,99.69930357102493
2026-08-01 03:00:00,108.6043264143449
2026-08-01 04:00:00,131.70002218284
2026-08-01 05:00:00,128.9423549706982
2026-08-01 06:00:00,132.4345849655056
2026-08-01 07:00:00,113.0411046664826
2026-08-01 08:00:00,115.7416818958066
2026-08-01 09:00:00,115.7990538524288
2026-08-01 10:00:00,104.8603683724906
2026-08-01 11:00:00,106.3147908776723
2026-08-01 12:00:00,92.85481374984707
2026-08-01 13:00:00,76.22874717579131
2026-08-01 14:00:00,74.1719440602054
2026-08-01 15:00:00,68.27862370946322
2026-08-01 16:00:00,61.7918512927597
2026-08-01 17:00:00,64.13576983668769
2026-08-01 18:00:00,72.1209203947147
2026-08-01 19:00:00,63.34406968887258
2026-08-01 20:00:00,71.48893047238806
2026-08-01 21:00:00,74.99444354088438
2026-08-01 22:00:00,78.94459160842422
2026-08-01 23:00:00,90.64315642486929
2026-08-02 00:00:00,100.9295283572597
2026-08-02 01:00:00,104.0289525454449
2026-08-02 02:00:00,123.3011589104988
2026-08-02 03:00:00,130.437185255454
2026-08-02 04:00:00,134.1826140091625
2026-08-02 05:00:00,136.701142186983
2026-08-02 06:00:00,129.5770647876591
2026-08-02 07:00:00,143.604059125875
2026-08-02 08:00:00,123.7576514405229
2026-08-02 09:00:00,116.3507190635812
2026-08-02 10:00:00,115.0846574608268
2026-08-02 11:00:00,114.4114671583024
2026-08-02 12:00:00,109.0799402960699
2026-08-02 13:00:00,93.27606281129698
2026-08-02 14:00:00,91.95254757977011
2026-08-02 15:00:00,89.57674872886786
2026-08-02 16:00:00,76.42336475752616
2026-08-02 17:00:00,88.53813852726245
2026-08-02 18:00:00,87.97919911261795
2026-08-02 19:00:00,86.90848910317702
2026-08-02 20:00:00,93.91773225185537
2026-08-02 21:00:00,91.72713510397028
2026-08-02 22:00:00,109.9286751797555
2026-08-02 23:00:00,102.691868053653
2026-08-03 00:00:00,112.2614948239351
2026-08-03 01:00:00,122.95715795607
2026-08-03 02:00:00,142.7530402759581
2026-08-03 03:00:00,137.3925258396404
2026-08-03 04:00:00,149.2685919197588
2026-08-03 05:00:00,139.3524958837675
2026-08-03 06:00:00,141.1527878586663
2026-08-03 07:00:00,140.5721102034838
2026-08-03 08:00:00,143.9858909834812
2026-08-03 09:00:00,129.1891318255514
2026-08-03 10:00:00,141.7699337621888
2026-08-03 11:00:00,119.1056406757273
2026-08-03 12:00:00,116.6256637594122
2026-08-03 13:00:00,103.2372128156187
2026-08-03 14:00:00,113.6777987112
2026-08-03 15:00:00,102.446282484643
2026-08-03 16:00:00,109.2758877958608
2026-08-03 17:00:00,93.9043473057598
2026-08-03 18:00:00,90.88422652669716
2026-08-03 19:00:00,105.6519899720565
2026-08-03 20:00:00,102.6479769443687
2026-08-03 21:00:00,100.085341164782
2026-08-03 22:00:00,124.6484656577436
2026-08-03 23:00:00,126.0423048463691
2026-08-04 00:00:00,142.4378821443839
2026-08-04 01:00:00,135.0269952296693
2026-08-04 02:00:00,135.2552463797519
2026-08-04 03:00:00,170.5116514318672
2026-08-04 04:00:00,174.5048740361932
2026-08-04 05:00:00,164.4497815294965
2026-08-04 06:00:00,169.9204132188158
2026-08-04 07:00:00,160.1837309182006
2026-08-04 08:00:00,157.2135772166124
2026-08-04 09:00:00,153.9129691632654
2026-08-04 10:00:00,160.0831923477009
2026-08-04 11:00:00,154.349254614103
2026-08-04 12:00:00,142.550723926671
2026-08-04 13:00:00,137.2192025792006
2026-08-04 14:00:00,115.102195383247
2026-08-04 15:00:00,123.7922450959676
2026-08-04 16:00:00,109.0681000311142
2026-08-04 17:00:00,103.0917069335151
2026-08-04 18:00:00,108.6112137575797
2026-08-04 19:00:00,116.0697135280377
2026-08-04 20:00:00,103.8855006771152
2026-08-04 21:00:00,122.9723543521645
2026-08-04 22:00:00,125.4950195813486
2026-08-04 23:00:00,131.0493765417692
2026-08-05 00:00:00,131.5295507472012
2026-08-05 01:00:00,156.1118956893547
2026-08-05 02:00:00,161.9332431106838
2026-08-05 03:00:00,155.5648146212765
2026-08-05 04:00:00,159.0123542131612
2026-08-05 05:00:00,169.1835764495586
2026-08-05 06:00:00,157.5426156368511
2026-08-05 07:00:00,153.6854641763833
2026-08-05 08:00:00,164.8511691323389
2026-08-05 09:00:00,145.3189965736725
2026-08-05 10:00:00,154.8620208074447
2026-08-05 11:00:00,127.3173396393136
2026-08-05 12:00:00,119.4654202798176
2026-08-05 13:00:00,126.4591191927501
2026-08-05 14:00:00,116.9029540970221
2026-08-05 15:00:00,118.2791107843378
2026-08-05 16:00:00,105.5384901439871
2026-08-05 17:00:00,92.48851486435109
2026-08-05 18:00:00,91.26376966189747
2026-08-05 19:00:00,96.26332093371518
2026-08-05 20:00:00,99.08490579334823
2026-08-05 21:00:00,91.87934615100531
2026-08-05 22:00:00,109.225049989792
2026-08-05 23:00:00,120.5091821053024
2026-08-06 00:00:00,120.4727143643866
2026-08-06 01:00:00,130.2021483043913
2026-08-06 02:00:00,140.5840551153706
2026-08-06 03:00:00,127.0732554276912
2026-08-06 04:00:00,134.5317914165343
2026-08-06 05:00:00,160.9583666952264
2026-08-06 06:00:00,154.6567718308317
2026-08-06 07:00:00,137.0240911748699
2026-08-06 08:00:00,130.5712963984533
2026-08-06 09:00:00,133.1469182931329
2026-08-06 10:00:00,124.8122113086574
2026-08-06 11:00:00,133.5259042031426
2026-08-06 12:00:00,109.7834768678647
2026-08-06 13:00:00,115.0961396421322
2026-08-06 14:00:00,91.41161742327392
2026-08-06 15:00:00,91.47454480347467
2026-08-06 16:00:00,77.55076953013908
2026-08-06 17:00:00,76.94741602370162
2026-08-06 18:00:00,84.17322164463498
2026-08-06 19:00:00,80.06198080355183
2026-08-06 20:00:00,90.3469294880348
2026-08-06 21:00:00,96.00027118335763
2026-08-06 22:00:00,94.94856664906021
2026-08-06 23:00:00,101.3798590414459
2026-08-07 00:00:00,104.2156544610842
2026-08-07 01:00:00,113.7261177334053
2026-08-07 02:00:00,128.4234338677085
2026-08-07 03:00:00,136.277112968725
2026-08-07 04:00:00,144.031272169004
2026-08-07 05:00:00,123.222375812117
2026-08-07 06:00:00,134.5835156079171
2026-08-07 07:00:00,130.5933816023644
2026-08-07 08:00:00,126.9228246127668
2026-08-07 09:00:00,126.9697666304745
2026-08-07 10:00:00,112.2273480855718
2026-08-07 11:00:00,96.58055841199196
2026-08-07 12:00:00,96.48120006313131
2026-08-07 13:00:00,86.94115526254228
2026-08-07 14:00:00,77.98261491994738
2026-08-07 15:00:00,82.99037970045475
2026-08-07 16:00:00,71.99624673720844
2026-08-07 17:00:00,69.02231053383855
2026-08-07 18:00:00,64.90749692889531
2026-08-07 19:00:00,64.09919876050087
2026-08-07 20:00:00,68.10748050126091
2026-08-07 21:00:00,72.78722177544105
2026-08-07 22:00:00,83.70880384855315
2026-08-07 23:00:00,90.4953277137243
2026-08-08 00:00:00,84.55136188983255
2026-08-08 01:00:00,108.4424185469588
2026-08-08 02:00:00,107.4198205524722
2026-08-08 03:00:00,120.7344146665571
2026-08-08 04:00:00,126.6053757434824
2026-08-08 05:00:00,123.8661236063674
2026-08-08 06:00:00,127.3559292633084
2026-08-08 07:00:00,116.30926551305
2026-08-08 08:00:00,125.7764375094017
2026-08-08 09:00:00,121.8195519328742
2026-08-08 10:00:00,124.7410501857654
2026-08-08 11:00:00,106.141016917046
2026-08-08 12:00:00,98.404332222988
2026-08-08 13:00:00,98.46556506227026
2026-08-08 14:00:00,76.48185616542946
2026-08-08 15:00:00,77.57527069463056
2026-08-08 16:00:00,80.2568796770488
2026-08-08 17:00:00,71.10033968546418
2026-08-08 18:00:00,69.66397089459674
2026-08-08 19:00:00,67.77754697976935
2026-08-08 20:00:00,70.0143904753674
2026-08-08 21:00:00,83.41126815516805
2026-08-08 22:00:00,93.80371714095118
2026-08-08 23:00:00,96.89567935364244
2026-08-09 00:00:00,94.03544826970295
2026-08-09 01:00:00,110.9129345156752
2026-08-09 02:00:00,106.8589418452999
2026-08-09 03:00:00,115.2633687022392
2026-08-09 04:00:00,139.5085432205616
2026-08-09 05:00:00,138.8035467080906
2026-08-09 06:00:00,143.3549166197934
2026-08-09 07:00:00,147.1943855846348
2026-08-09 08:00:00,140.5007703659637
2026-08-09 09:00:00,123.7069801133276
2026-08-09 10:00:00,135.122633264694
2026-08-09 11:00:00,115.1322737287681
2026-08-09 12:00:00,104.2963650273597
2026-08-09 13:00:00,106.153548199056
2026-08-09 14:00:00,95.68180743220533
2026-08-09 15:00:00,99.70652629189208
2026-08-09 16:00:00,94.41306902945432
2026-08-09 17:00:00,88.2402969523748
2026-08-09 18:00:00,84.65241839016538
2026-08-09 19:00:00,85.44514504079045
2026-08-09 20:00:00,81.56527546584861
2026-08-09 21:00:00,101.2242002252995
2026-08-09 22:00:00,105.8233156155054
2026-08-09 23:00:00,108.1829306986998
2026-08-10 00:00:00,117.8370508446548
2026-08-10 01:00:00,132.1381989554986
2026-08-10 02:00:00,138.2282880778215
2026-08-10 03:00:00,130.3230483369331
2026-08-10 04:00:00,131.1239379440586
2026-08-10 05:00:00,142.7823629663716
2026-08-10 06:00:00,160.7279110063983
2026-08-10 07:00:00,152.1087449143373
2026-08-10 08:00:00,144.4373580156376
2026-08-10 09:00:00,144.9512293315449
2026-08-10 10:00:00,141.8903393405188
2026-08-10 11:00:00,130.8856411232438
2026-08-10 12:00:00,132.6040190887356
2026-08-10 13:00:00,132.9928398047668
2026-08-10 14:00:00,112.6921359660383
2026-08-10 15:00:00,102.5436984506446
2026-08-10 16:00:00,116.2528956216071
2026-08-10 17:00:00,106.9608698700186
2026-08-10 18:00:00,92.4391050513107
2026-08-10 19:00:00,95.74579744420414
2026-08-10 20:00:00,109.6021408557096
2026-08-10 21:00:00,98.5311664981198
2026-08-10 22:00:00,120.1655714102141
2026-08-10 23:00:00,121.7821084022411
2026-08-11 00:00:00,117.401847051109
2026-08-11 01:00:00,141.0236336061977
2026-08-11 02:00:00,156.8632236869141
2026-08-11 03:00:00,163.9871925930037
2026-08-11 04:00:00,145.9025650798019
2026-08-11 05:00:00,153.2739861713085
2026-08-11 06:00:00,164.9315628942288
2026-08-11 07:00:00,153.7326474928184
2026-08-11 08:00:00,157.0021956503875
2026-08-11 09:00:00,165.9633996491341
2026-08-11 10:00:00,145.4095638432727
2026-08-11 11:00:00,145.4279177023034
2026-08-11 12:00:00,127.8743096941017
2026-08-11 13:00:00,125.2575125364608
2026-08-11 14:00:00,136.4992198538279
2026-08-11 15:00:00,129.8680574968858
2026-08-11 16:00:00,114.7146245071137
2026-08-11 17:00:00,112.9351322604761
2026-08-11 18:00:00,111.1349764804627
2026-08-11 19:00:00,110.797242183901
2026-08-11 20:00:00,117.1618540523519
2026-08-11 21:00:00,109.4786040289443
2026-08-11 22:00:00,111.698062173435
2026-08-11 23:00:00,135.3098173984293
2026-08-12 00:00:00,151.5142006136471
2026-08-12 01:00:00,144.7840311228754
2026-08-12 02:00:00,163.7580987128802
2026-08-12 03:00:00,159.2178531808025
2026-08-12 04:00:00,168.0905753005452
2026-08-12 05:00:00,158.4212427200342
2026-08-12 06:00:00,176.501593819112
2026-08-12 07:00:00,154.7181569254641
2026-08-12 08:00:00,158.3916737758047
2026-08-12 09:00:00,162.8542820906025
2026-08-12 10:00:00,138.7926623029312
2026-08-12 11:00:00,146.4384977611727
2026-08-12 12:00:00,131.0024518849062
2026-08-12 13:00:00,122.2972387859998
2026-08-12 14:00:00,119.9959540412191
2026-08-12 15:00:00,107.8398380475411
2026-08-12 16:00:00,114.8569563503847
2026-08-12 17:00:00,100.5362655769036
2026-08-12 18:00:00,105.2488331483149
2026-08-12 19:00:00,102.088198010561
2026-08-12 20:00:00,101.766530830134
2026-08-12 21:00:00,105.7450151888448
2026-08-12 22:00:00,114.9082018983948
2026-08-12 23:00:00,118.8366988737918
2026-08-13 00:00:00,110.8147281828084
2026-08-13 01:00:00,138.4160920285601
2026-08-13 02:00:00,134.0903729327933
2026-08-13 03:00:00,138.1708020193539
2026-08-13 04:00:00,150.6978556109737
2026-08-13 05:00:00,164.4731684855402
2026-08-13 06:00:00,157.6334523616437
2026-08-13 07:00:00,156.6059555313579
2026-08-13 08:00:00,139.1924701394777
2026-08-13 09:00:00,132.122121740284
2026-08-13 10:00:00,129.4919894309887
2026-08-13 11:00:00,138.9625206602042
2026-08-13 12:00:00,127.1920950650635
2026-08-13 13:00:00,108.9821992239904
2026-08-13 14:00:00,106.6549808852031
2026-08-13 15:00:00,99.74702002945297
2026-08-13 16:00:00,95.69921814183535
2026-08-13 17:00:00,91.93082131200673
2026-08-13 18:00:00,88.24180352253995
2026-08-13 19:00:00,79.2830395842904
2026-08-13 20:00:00,84.19385597782295
2026-08-13 21:00:00,87.62727427752078
2026-08-13 22:00:00,89.8253890224423
2026-08-13 23:00:00,109.6140288306449
2026-08-14 00:00:00,104.4895594506037
2026-08-14 01:00:00,110.9958320787574
2026-08-14 02:00:00,121.8907261049419
2026-08-14 03:00:00,125.863865885187
2026-08-14 04:00:00,143.7348921122473
2026-08-14 05:00:00,137.9886238362106
2026-08-14 06:00:00,128.0968459350022
2026-08-14 07:00:00,129.372669240548
2026-08-14 08:00:00,118.488536863663
2026-08-14 09:00:00,133.0831994552892
2026-08-14 10:00:00,107.7712440499048
2026-08-14 11:00:00,109.7299428092214
2026-08-14 12:00:00,97.48411701893055
2026-08-14 13:00:00,94.43058133796123
2026-08-14 14:00:00,76.48191105079061
2026-08-14 15:00:00,70.3610609925475
2026-08-14 16:00:00,67.54708271801057
2026-08-14 17:00:00,78.38590135228874
2026-08-14 18:00:00,75.25863262667278
2026-08-14 19:00:00,75.38405399109018
2026-08-14 20:00:00,82.71258378223543
2026-08-14 21:00:00,88.69557152248139
2026-08-14 22:00:00,82.89602403965031
2026-08-14 23:00:00,94.91463308178207
2026-08-15 00:00:00,104.6218178188764
2026-08-15 01:00:00,122.8766651511621
2026-08-15 02:00:00,118.9584785890463
2026-08-15 03:00:00,117.9540839047871
2026-08-15 04:00:00,115.6512374688319
2026-08-15 05:00:00,139.564847414538
2026-08-15 06:00:00,127.5302740192944
2026-08-15 07:00:00,124.137858096741
2026-08-15 08:00:00,123.2948618653304
2026-08-15 09:00:00,112.9855954052471
2026-08-15 10:00:00,120.771246691662
2026-08-15 11:00:00,102.526579548065
2026-08-15 12:00:00,99.38542120847306
2026-08-15 13:00:00,94.34001997494506
2026-08-15 14:00:00,83.75843456442969
2026-08-15 15:00:00,77.43616689038869
2026-08-15 16:00:00,76.56579016948106
2026-08-15 17:00:00,79.78030629845264
2026-08-15 18:00:00,74.9868077384481
2026-08-15 19:00:00,71.27891598346947
2026-08-15 20:00:00,79.79753782898729
2026-08-15 21:00:00,73.9993131432499
2026-08-15 22:00:00,86.9138483163932
2026-08-15 23:00:00,92.57347450596819
2026-08-16 00:00:00,88.97607614300865
2026-08-16 01:00:00,97.35349308258637
2026-08-16 02:00:00,108.8280045134018
2026-08-16 03:00:00,122.3856755161875
2026-08-16 04:00:00,134.2898787478181
2026-08-16 05:00:00,145.6363000055694
2026-08-16 06:00:00,147.1513769630533
2026-08-16 07:00:00,131.2462330446364
2026-08-16 08:00:00,136.824674179259
2026-08-16 09:00:00,143.6132760897025
2026-08-16 10:00:00,122.7327795494304
2026-08-16 11:00:00,123.3413570360781
2026-08-16 12:00:00,115.5436948000637
2026-08-16 13:00:00,109.0708713442318
2026-08-16 14:00:00,106.2409964863386
2026-08-16 15:00:00,86.14764089232257
2026-08-16 16:00:00,84.16313210432804
2026-08-16 17:00:00,82.69552833203807
2026-08-16 18:00:00,81.44506341877893
2026-08-16 19:00:00,81.18119744978458
2026-08-16 20:00:00,97.225437741662
2026-08-16 21:00:00,91.91576436050299
2026-08-16 22:00:00,102.8186222358155
2026-08-16 23:00:00,103.6274453951866
2026-08-17 00:00:00,114.5332614737058
2026-08-17 01:00:00,132.6798457878778
2026-08-17 02:00:00,134.5663850727483
2026-08-17 03:00:00,139.5619814990044
2026-08-17 04:00:00,142.3978114728039
2026-08-17 05:00:00,161.4435374288347
2026-08-17 06:00:00,139.9695058605204
2026-08-17 07:00:00,164.7465567175207
2026-08-17 08:00:00,161.2226039312838
2026-08-17 09:00:00,160.3028509536825
2026-08-17 10:00:00,128.8116349474895
2026-08-17 11:00:00,144.2901288685106
2026-08-17 12:00:00,120.1196975447872
2026-08-17 13:00:00,119.1349530378256
2026-08-17 14:00:00,127.0557805292056
2026-08-17 15:00:00,110.0104994589422
2026-08-17 16:00:00,102.5031401529014
2026-08-17 17:00:00,106.6145959873567
2026-08-17 18:00:00,105.2937664223952
2026-08-17 19:00:00,107.6135770392082
2026-08-17 20:00:00,103.6279983963946
2026-08-17 21:00:00,107.0442575129321
2026-08-17 22:00:00,103.8736671443374
2026-08-17 23:00:00,113.8530043787727
2026-08-18 00:00:00,137.3469589923018
2026-08-18 01:00:00,141.689999843422
2026-08-18 02:00:00,160.9475576607577
2026-08-18 03:00:00,156.1115991637308
2026-08-18 04:00:00,160.1664493821556
2026-08-18 05:00:00,155.0015167805904
2026-08-18 06:00:00,158.9824924017098
2026-08-18 07:00:00,178.8960326677162
2026-08-18 08:00:00,174.0823281967476
2026-08-18 09:00:00,163.1224850195163
2026-08-18 10:00:00,153.2429917290195
2026-08-18 11:00:00,164.2343151521003
2026-08-18 12:00:00,158.3028832670488
2026-08-18 13:00:00,129.1275564526786
2026-08-18 14:00:00,130.628143224312
2026-08-18 15:00:00,122.6700261350987
2026-08-18 16:00:00,112.1443151465487
2026-08-18 17:00:00,113.2365642840742
2026-08-18 18:00:00,100.4994654426383
2026-08-18 19:00:00,119.6509093921472
2026-08-18 20:00:00,103.7936978474575
2026-08-18 21:00:00,128.4126944981248
2026-08-18 22:00:00,125.2039964771787
2026-08-18 23:00:00,126.88642951461
2026-08-19 00:00:00,150.4270851179873
2026-08-19 01:00:00,149.4430441430306
2026-08-19 02:00:00,146.9740207803393
2026-08-19 03:00:00,171.8567164642793
2026-08-19 04:00:00,164.6345766305909
2026-08-19 05:00:00,163.2099159906798
2026-08-19 06:00:00,180.5876681301401
2026-08-19 07:00:00,161.496522911281
2026-08-19 08:00:00,180.2624084375009
2026-08-19 09:00:00,168.9129048943452
2026-08-19 10:00:00,156.7450800369884
2026-08-19 11:00:00,132.1084719410698
2026-08-19 12:00:00,145.1082293359517
2026-08-19 13:00:00,115.01106385368
2026-08-19 14:00:00,114.5055378481766
2026-08-19 15:00:00,115.8758018004524
2026-08-19 16:00:00,100.5642026973347
2026-08-19 17:00:00,97.40906576579842
2026-08-19 18:00:00,103.179281457568
2026-08-19 19:00:00,110.1999587428374
2026-08-19 20:00:00,101.7194242525286
2026-08-19 21:00:00,120.1878870925522
2026-08-19 22:00:00,123.4306020460191
2026-08-19 23:00:00,135.8562203049745
2026-08-20 00:00:00,144.8261417641623
2026-08-20 01:00:00,145.1610236451883
2026-08-20 02:00:00,145.5424851941163
2026-08-20 03:00:00,155.738404321092
2026-08-20 04:00:00,153.7010908289893
2026-08-20 05:00:00,166.6347636591032
2026-08-20 06:00:00,170.6526692929813
2026-08-20 07:00:00,153.4283223102267
2026-08-20 08:00:00,149.6194670355899
2026-08-20 09:00:00,140.5094740695477
2026-08-20 10:00:00,121.873268332081
2026-08-20 11:00:00,129.2728283763482
2026-08-20 12:00:00,105.4290036550603
2026-08-20 13:00:00,111.3754219211848
2026-08-20 14:00:00,106.9243209491038
2026-08-20 15:00:00,89.3837330487462
2026-08-20 16:00:00,82.39894829793316
2026-08-20 17:00:00,81.05580006047069
2026-08-20 18:00:00,95.91992717332856
2026-08-20 19:00:00,93.72281097714749
2026-08-20 20:00:00,94.83016961596906
2026-08-20 21:00:00,99.06100061401132
2026-08-20 22:00:00,99.38565400580262
2026-08-20 23:00:00,101.7843346539195
2026-08-21 00:00:00,127.3429870338071
2026-08-21 01:00:00,112.5388258684442
2026-08-21 02:00:00,133.1357328124682
2026-08-21 03:00:00,128.3171719173952
2026-08-21 04:00:00,143.0153868836323
2026-08-21 05:00:00,146.331522580074
2026-08-21 06:00:00,151.597482784302
2026-08-21 07:00:00,146.2847667220825
2026-08-21 08:00:00,135.301064882639
2026-08-21 09:00:00,121.594050696759
2026-08-21 10:00:00,130.2544586033457
2026-08-21 11:00:00,115.1097303593088
2026-08-21 12:00:00,99.91096188941687
2026-08-21 13:00:00,94.73567734003797
2026-08-21 14:00:00,90.38234322164985
2026-08-21 15:00:00,81.00505328024381
2026-08-21 16:00:00,75.60231865743057
2026-08-21 17:00:00,74.53520059350548
2026-08-21 18:00:00,72.07875754965818
2026-08-21 19:00:00,82.57349995408886
2026-08-21 20:00:00,73.79635318582392
2026-08-21 21:00:00,84.30785297768354
2026-08-21 22:00:00,89.75399068382528
2026-08-21 23:00:00,87.93781707655666
2026-08-22 00:00:00,100.9424739314666
2026-08-22 01:00:00,114.5268455981125
2026-08-22 02:00:00,111.7294332496197
2026-08-22 03:00:00,127.4144700696617
2026-08-22 04:00:00,132.5817202433057
2026-08-22 05:00:00,140.737632129439
2026-08-22 06:00:00,130.0503206699929
2026-08-22 07:00:00,138.0695374923284
2026-08-22 08:00:00,125.9504684658897
2026-08-22 09:00:00,110.5913430568969
2026-08-22 10:00:00,107.1954844736656
2026-08-22 11:00:00,100.2136489197223
2026-08-22 12:00:00,96.66954540189397
2026-08-22 13:00:00,94.26358072753395
2026-08-22 14:00:00,93.24929982320141
2026-08-22 15:00:00,85.96522378976431
2026-08-22 16:00:00,71.70173760661952
2026-08-22 17:00:00,81.05857417538907
2026-08-22 18:00:00,82.64670836880269
2026-08-22 19:00:00,82.81542784047569
2026-08-22 20:00:00,83.74665718579828
2026-08-22 21:00:00,82.1505307995171
2026-08-22 22:00:00,106.7826378408188
2026-08-22 23:00:00,97.56505866727417
2026-08-23 00:00:00,125.9118951333023
2026-08-23 01:00:00,116.9067279388084
2026-08-23 02:00:00,120.5166412752122
2026-08-23 03:00:00,128.8633968528943
2026-08-23 04:00:00,143.6877795649519
2026-08-23 05:00:00,154.9899223618771
2026-08-23 06:00:00,129.8950544516478
2026-08-23 07:00:00,128.1214476102899
2026-08-23 08:00:00,131.0701460004019
2026-08-23 09:00:00,133.4047645692312
2026-08-23 10:00:00,132.1503923900821
2026-08-23 11:00:00,115.7655806156002
2026-08-23 12:00:00,118.0998908125915
2026-08-23 13:00:00,99.0915788636624
2026-08-23 14:00:00,94.3439571180346
2026-08-23 15:00:00,93.0750906293571
2026-08-23 16:00:00,82.4119936530125
2026-08-23 17:00:00,94.82402265493214
2026-08-23 18:00:00,90.95111824426027
2026-08-23 19:00:00,89.35547875978506
2026-08-23 20:00:00,97.73820054703523
2026-08-23 21:00:00,102.7190801494927
2026-08-23 22:00:00,104.1908216005496
2026-08-23 23:00:00,111.1146091310193
2026-08-24 00:00:00,138.7129983530378
2026-08-24 01:00:00,134.8906743882807
2026-08-24 02:00:00,131.8323162515689
2026-08-24 03:00:00,146.6541427498163
2026-08-24 04:00:00,145.045337066078
2026-08-24 05:00:00,171.455707181665
2026-08-24 06:00:00,148.6887524912287
2026-08-24 07:00:00,170.4100953796452
2026-08-24 08:00:00,170.8571820611492
2026-08-24 09:00:00,143.4354785085906
2026-08-24 10:00:00,135.8949369691823
2026-08-24 11:00:00,137.85102242522
2026-08-24 12:00:00,126.6337189382792
2026-08-24 13:00:00,138.5324572846351
2026-08-24 14:00:00,118.8440982325533
2026-08-24 15:00:00,111.5322188242954
2026-08-24 16:00:00,114.7104827400274
2026-08-24 17:00:00,108.9234405579255
2026-08-24 18:00:00,115.4057483205339
2026-08-24 19:00:00,106.613633584084
2026-08-24 20:00:00,120.2918233572965
2026-08-24 21:00:00,108.1002974687566
2026-08-24 22:00:00,134.7919215919177
2026-08-24 23:00:00,130.7320289181823
2026-08-25 00:00:00,143.8311544186534
2026-08-25 01:00:00,155.6140031255593
2026-08-25 02:00:00,142.5596046989455
2026-08-25 03:00:00,155.3719158873836
2026-08-25 04:00:00,155.0670297085078
2026-08-25 05:00:00,176.8058568975323
2026-08-25 06:00:00,165.1215515681892
2026-08-25 07:00:00,169.0935690475198
2026-08-25 08:00:00,163.5628037932378
2026-08-25 09:00:00,177.4772762426546
2026-08-25 10:00:00,159.8692996655515
2026-08-25 11:00:00,143.1981980688568
2026-08-25 12:00:00,136.0088077232962
2026-08-25 13:00:00,141.7035964216093
2026-08-25 14:00:00,123.253098996921
2026-08-25 15:00:00,137.9944933732725
2026-08-25 16:00:00,110.8504153195202
2026-08-25 17:00:00,113.3503284173788
2026-08-25 18:00:00,103.2137597548158
2026-08-25 19:00:00,116.4144000856985
2026-08-25 20:00:00,123.5210710470672
2026-08-25 21:00:00,108.6776952761277
2026-08-25 22:00:00,135.0870366609575
2026-08-25 23:00:00,137.0641267691626
2026-08-26 00:00:00,131.6520548077945
2026-08-26 01:00:00,154.8544976971864
2026-08-26 02:00:00,160.8598137455756
2026-08-26 03:00:00,149.9289722215277
2026-08-26 04:00:00,160.7906281440519
2026-08-26 05:00:00,175.0358127760274
2026-08-26 06:00:00,158.7690290441842
2026-08-26 07:00:00,182.9745797929261
2026-08-26 08:00:00,179.1327370436013
2026-08-26 09:00:00,175.36146067799
2026-08-26 10:00:00,171.8839690650432
2026-08-26 11:00:00,142.3797440719896
2026-08-26 12:00:00,137.157959651273
2026-08-26 13:00:00,140.1096095832373
2026-08-26 14:00:00,120.9694747418766
2026-08-26 15:00:00,112.9157318772754
2026-08-26 16:00:00,117.5821404040385
2026-08-26 17:00:00,117.2351022458812
2026-08-26 18:00:00,116.0144710151024
2026-08-26 19:00:00,118.2082128017844
2026-08-26 20:00:00,106.5917410447577
2026-08-26 21:00:00,127.812566204689
2026-08-26 22:00:00,130.5918195531987
2026-08-26 23:00:00,135.1005885518165
2026-08-27 00:00:00,128.3452097787058
2026-08-27 01:00:00,141.329115148962
2026-08-27 02:00:00,141.2933575802366
2026-08-27 03:00:00,149.2659410036471
2026-08-27 04:00:00,150.3350995700993
2026-08-27 05:00:00,148.8467001019909
2026-08-27 06:00:00,158.4305715690632
2026-08-27 07:00:00,143.7259063868617
2026-08-27 08:00:00,150.1635496584076
2026-08-27 09:00:00,134.5681481709428
2026-08-27 10:00:00,154.5013006574167
2026-08-27 11:00:00,120.6140105718061
2026-08-27 12:00:00,133.926838777534
2026-08-27 13:00:00,119.5603100263143
2026-08-27 14:00:00,114.1960636270028
2026-08-27 15:00:00,109.7222490741072
2026-08-27 16:00:00,104.6972833059339
2026-08-27 17:00:00,101.3112789042635
2026-08-27 18:00:00,93.36936450855275
2026-08-27 19:00:00,83.51023684131259
2026-08-27 20:00:00,85.9972397389315
2026-08-27 21:00:00,102.1904950354693
2026-08-27 22:00:00,90.61621810545175
2026-08-27 23:00:00,112.4482114184112
2026-08-28 00:00:00,118.1879618385234
2026-08-28 01:00:00,127.519037780908
2026-08-28 02:00:00,128.788631337164
2026-08-28 03:00:00,136.5541926828749
2026-08-28 04:00:00,147.6577442462702
2026-08-28 05:00:00,136.5419492426717
2026-08-28 06:00:00,134.5128282990902
2026-08-28 07:00:00,150.6136623528785
2026-08-28 08:00:00,137.626010265034
2026-08-28 09:00:00,144.4470311111986
2026-08-28 10:00:00,135.8754864119685
2026-08-28 11:00:00,135.1532715820069
2026-08-28 12:00:00,124.5781335793991
2026-08-28 13:00:00,103.4030111114932
2026-08-28 14:00:00,108.1745755111218
2026-08-28 15:00:00,102.2423312225441
2026-08-28 16:00:00,92.49161694332471
2026-08-28 17:00:00,84.88220430193708
2026-08-28 18:00:00,72.00563440756754
2026-08-28 19:00:00,72.46490064691592
2026-08-28 20:00:00,78.49484202999724
2026-08-28 21:00:00,75.85526310264201
2026-08-28 22:00:00,82.77611108120718
2026-08-28 23:00:00,99.95803310754236
2026-08-29 00:00:00,96.02558675052241
2026-08-29 01:00:00,108.9162023804453
2026-08-29 02:00:00,105.306139304343
2026-08-29 03:00:00,128.8099377642581
2026-08-29 04:00:00,131.4860710327142
2026-08-29 05:00:00,126.1580256276467
2026-08-29 06:00:00,142.368004917784
2026-08-29 07:00:00,139.0779772515338
2026-08-29 08:00:00,125.5267589272871
2026-08-29 09:00:00,137.2881708402209
2026-08-29 10:00:00,137.7972445681314
2026-08-29 11:00:00,108.9322135153768
2026-08-29 12:00:00,105.68917082851
2026-08-29 13:00:00,108.7178462470136
2026-08-29 14:00:00,98.1709824917081
2026-08-29 15:00:00,90.1720787805409
2026-08-29 16:00:00,90.6303945871378
2026-08-29 17:00:00,72.40418645764011
2026-08-29 18:00:00,71.10437681642533
2026-08-29 19:00:00,79.3049585759523
2026-08-29 20:00:00,88.6903311839748
2026-08-29 21:00:00,90.91494231685765
2026-08-29 22:00:00,93.26378235599516
2026-08-29 23:00:00,95.89572813608508
2026-08-30 00:00:00,111.0953058858772
2026-08-30 01:00:00,122.9722406121652
2026-08-30 02:00:00,124.3117855493642
2026-08-30 03:00:00,139.2865915007161
2026-08-30 04:00:00,133.9368382542621
2026-08-30 05:00:00,139.152308963945
2026-08-30 06:00:00,147.6853952566995
2026-08-30 07:00:00,145.549761529451
2026-08-30 08:00:00,152.8719153393573
2026-08-30 09:00:00,135.4083315339479
2026-08-30 10:00:00,136.5900160644632
2026-08-30 11:00:00,126.7530151408143
2026-08-30 12:00:00,122.9354798660018
2026-08-30 13:00:00,105.8202489481925
2026-08-30 14:00:00,109.7540295405366
2026-08-30 15:00:00,97.34163044915041
2026-08-30 16:00:00,98.74064167837834
2026-08-30 17:00:00,97.9385972692498
2026-08-30 18:00:00,84.09114089072729
2026-08-30 19:00:00,85.18685025014996
2026-08-30 20:00:00,103.9102503352601
2026-08-30 21:00:00,107.0369477380628
2026-08-30 22:00:00,112.6701783356714
2026-08-30 23:00:00,110.9121894769371
2026-08-31 00:00:00,127.7988133101338
2026-08-31 01:00:00,138.673482514334
2026-08-31 02:00:00,135.016219074696
2026-08-31 03:00:00,166.4152624052111
2026-08-31 04:00:00,147.1473617212964
2026-08-31 05:00:00,164.3960495269853
2026-08-31 06:00:00,163.3958160708322
2026-08-31 07:00:00,173.3288324767025
2026-08-31 08:00:00,144.9408537689818
2026-08-31 09:00:00,164.1733716049947
2026-08-31 10:00:00,153.3317173100311
2026-08-31 11:00:00,127.987245889359
2026-08-31 12:00:00,124.3497673671389
2026-08-31 13:00:00,119.4532019734182
2026-08-31 14:00:00,134.8992862482872
2026-08-31 15:00:00,110.6072034951156
2026-08-31 16:00:00,109.2872566545082
2026-08-31 17:00:00,110.3659543010929
2026-08-31 18:00:00,119.9131612634285
2026-08-31 19:00:00,98.92817766585665
2026-08-31 20:00:00,103.1466057358862
2026-08-31 21:00:00,109.5017816873134
2026-08-31 22:00:00,109.5567646933707
2026-08-31 23:00:00,138.2972164921163
2026-09-01 00:00:00,145.7648451965869
2026-09-01 01:00:00,135.1888835545691
2026-09-01 02:00:00,147.2538320498138
2026-09-01 03:00:00,144.8891846883078
2026-09-01 04:00:00,155.6678151958128
2026-09-01 05:00:00,162.5895898882633
2026-09-01 06:00:00,165.7187550185139
2026-09-01 07:00:00,165.6621103128047
2026-09-01 08:00:00,176.0641156330377
2026-09-01 09:00:00,167.9812538885616
2026-09-01 10:00:00,157.53408652307
2026-09-01 11:00:00,167.1298560974545
2026-09-01 12:00:00,150.4582606278154
2026-09-01 13:00:00,137.2565834325646
2026-09-01 14:00:00,136.1950587900161
2026-09-01 15:00:00,124.0567756975763
2026-09-01 16:00:00,123.6945395071829
2026-09-01 17:00:00,116.9727622783965
2026-09-01 18:00:00,126.6484412145643
2026-09-01 19:00:00,119.2528911646296
2026-09-01 20:00:00,117.7171937627665
2026-09-01 21:00:00,134.2194971119558
2026-09-01 22:00:00,128.7094473830919
2026-09-01 23:00:00,145.2395874603898
2026-09-02 00:00:00,141.0560141661826
2026-09-02 01:00:00,145.8040915203802
2026-09-02 02:00:00,157.0656165121807
2026-09-02 03:00:00,153.0100947100331
2026-09-02 04:00:00,156.3248788717367
2026-09-02 05:00:00,163.8727018328312
2026-09-02 06:00:00,187.5844673894319
2026-09-02 07:00:00,180.4499007570358
2026-09-02 08:00:00,187.5080368584811
2026-09-02 09:00:00,177.7732662518343
2026-09-02 10:00:00,166.7312530830769
2026-09-02 11:00:00,157.0837179934015
2026-09-02 12:00:00,134.650907688179
2026-09-02 13:00:00,140.0115400475523
2026-09-02 14:00:00,119.9946980548762
2026-09-02 15:00:00,115.7581279722459
2026-09-02 16:00:00,111.7570494435592
2026-09-02 17:00:00,102.5555938563538
2026-09-02 18:00:00,108.1822308535002
2026-09-02 19:00:00,105.809269697779
2026-09-02 20:00:00,108.8839894456669
2026-09-02 21:00:00,104.8321118429086
2026-09-02 22:00:00,110.1940758930535
2026-09-02 23:00:00,112.7391591594929
2026-09-03 00:00:00,122.1426973420491
2026-09-03 01:00:00,147.2589208763669
2026-09-03 02:00:00,131.5628166813995
2026-09-03 03:00:00,151.2099924912899
2026-09-03 04:00:00,159.0367220403897
2026-09-03 05:00:00,172.498315713843
2026-09-03 06:00:00,163.1926042593983
2026-09-03 07:00:00,151.8544160741717
2026-09-03 08:00:00,161.112638648582
2026-09-03 09:00:00,168.8013849070751
2026-09-03 10:00:00,147.372759133461
2026-09-03 11:00:00,141.4198080022568
2026-09-03 12:00:00,139.8061464990624
2026-09-03 13:00:00,113.4990330371869
2026-09-03 14:00:00,109.8460199883016
2026-09-03 15:00:00,106.5727594378685
2026-09-03 16:00:00,91.31151681349793
2026-09-03 17:00:00,96.64882043291169
2026-09-03 18:00:00,96.05937745328998
2026-09-03 19:00:00,91.28804494604829
2026-09-03 20:00:00,89.61900621494985
2026-09-03 21:00:00,107.0723774691101
2026-09-03 22:00:00,97.43438910220259
2026-09-03 23:00:00,103.707801327288
2026-09-04 00:00:00,115.2196816048287
2026-09-04 01:00:00,121.7930079520547
2026-09-04 02:00:00,133.0236718282962
2026-09-04 03:00:00,125.3372022424294
2026-09-04 04:00:00,150.3282155350009
2026-09-04 05:00:00,143.8584321799305
2026-09-04 06:00:00,158.2994841238264
2026-09-04 07:00:00,148.9929962158737
2026-09-04 08:00:00,142.2251733122334
2026-09-04 09:00:00,134.0061610033007
2026-09-04 10:00:00,120.0373046287522
2026-09-04 11:00:00,113.0631848827632
2026-09-04 12:00:00,106.7739142683217
2026-09-04 13:00:00,95.68358998991972
2026-09-04 14:00:00,101.9181775618193
2026-09-04 15:00:00,87.18983598755784
2026-09-04 16:00:00,87.53440479519081
2026-09-04 17:00:00,75.55290557210297
2026-09-04 18:00:00,86.9644399977863
2026-09-04 19:00:00,79.18877547971456
2026-09-04 20:00:00,82.88099875208825
2026-09-04 21:00:00,88.53844161753473
2026-09-04 22:00:00,100.7225642938487
2026-09-04 23:00:00,99.37861723790766
2026-09-05 00:00:00,110.5061878212168
2026-09-05 01:00:00,114.5898158649609
2026-09-05 02:00:00,131.9984615335628
2026-09-05 03:00:00,139.6308886510819
2026-09-05 04:00:00,123.9750358397343
2026-09-05 05:00:00,129.245847308241
2026-09-05 06:00:00,138.3547124418675
2026-09-05 07:00:00,140.5318493034643
2026-09-05 08:00:00,125.4326792320939
2026-09-05 09:00:00,123.0271876498376
2026-09-05 10:00:00,137.8797851399543
2026-09-05 11:00:00,114.5175519807537
2026-09-05 12:00:00,112.9570858955423
2026-09-05 13:00:00,107.3228523683893
2026-09-05 14:00:00,105.3951467947511
2026-09-05 15:00:00,83.10591527618908
2026-09-05 16:00:00,81.20781744283718
2026-09-05 17:00:00,85.21556956995188
2026-09-05 18:00:00,88.59783702571438
2026-09-05 19:00:00,75.17301627504105
2026-09-05 20:00:00,85.27787822923833
2026-09-05 21:00:00,81.78181153544448
2026-09-05 22:00:00,95.50552876005096
2026-09-05 23:00:00,113.3775924701396
2026-09-06 00:00:00,102.3047471925262
2026-09-06 01:00:00,118.3097514016726
2026-09-06 02:00:00,131.816030951834
2026-09-06 03:00:00,140.8844486015582
2026-09-06 04:00:00,131.3152430224332
2026-09-06 05:00:00,137.3608913290277
2026-09-06 06:00:00,144.4052216150967
2026-09-06 07:00:00,135.5417441902251
2026-09-06 08:00:00,157.5300732446007
2026-09-06 09:00:00,141.0773146951368
2026-09-06 10:00:00,132.1372278141739
2026-09-06 11:00:00,138.010935598044
2026-09-06 12:00:00,117.021481903901
2026-09-06 13:00:00,116.7427730502456
2026-09-06 14:00:00,109.1418522375361
2026-09-06 15:00:00,101.4731875120443
2026-09-06 16:00:00,95.32517889701171
2026-09-06 17:00:00,96.02879222504382
2026-09-06 18:00:00,97.15262609158223
2026-09-06 19:00:00,100.995617230117
2026-09-06 20:00:00,115.2687386550068
2026-09-06 21:00:00,103.531078010381
2026-09-06 22:00:00,121.5015467848389
2026-09-06 23:00:00,127.4186015620909
2026-09-07 00:00:00,138.3611112360322
2026-09-07 01:00:00,137.4679037122395
2026-09-07 02:00:00,166.7170230043957
2026-09-07 03:00:00,168.7453849870458
2026-09-07 04:00:00,151.484855678463
2026-09-07 05:00:00,180.0965739606063
2026-09-07 06:00:00,159.7624191590169
2026-09-07 07:00:00,151.2823859476724
2026-09-07 08:00:00,170.4867962004343
2026-09-07 09:00:00,146.8229167475506
2026-09-07 10:00:00,140.2709572615778
2026-09-07 11:00:00,149.9248406709692
2026-09-07 12:00:00,138.2169975425791
2026-09-07 13:00:00,140.6240904781732
2026-09-07 14:00:00,116.5805456063655
2026-09-07 15:00:00,131.3857157443973
2026-09-07 16:00:00,127.5665554798138
2026-09-07 17:00:00,115.8909803872971
2026-09-07 18:00:00,107.4217882732658
2026-09-07 19:00:00,124.7624488584376
2026-09-07 20:00:00,121.979645384936
2026-09-07 21:00:00,131.6821566502504
2026-09-07 22:00:00,128.3953067798239
2026-09-07 23:00:00,143.2984490969936
2026-09-08 00:00:00,151.1384939691736
2026-09-08 01:00:00,146.8259456104256
2026-09-08 02:00:00,157.7726135549798
2026-09-08 03:00:00,174.5430042311461
2026-09-08 04:00:00,186.1570065277327
2026-09-08 05:00:00,179.94226678064
2026-09-08 06:00:00,166.3575412085981
2026-09-08 07:00:00,175.7660241026451
2026-09-08 08:00:00,193.5920904591281
2026-09-08 09:00:00,169.3189173144392
2026-09-08 10:00:00,155.1112725972396
2026-09-08 11:00:00,166.9993873521546
2026-09-08 12:00:00,164.2210307660816
2026-09-08 13:00:00,154.442925701678
2026-09-08 14:00:00,140.1297551811066
2026-09-08 15:00:00,125.996711815918
2026-09-08 16:00:00,119.6752535914991
2026-09-08 17:00:00,114.5776709833344
2026-09-08 18:00:00,109.8704030677096
2026-09-08 19:00:00,124.8827428299317
2026-09-08 20:00:00,125.0860717090876
2026-09-08 21:00:00,123.3039130236306
2026-09-08 22:00:00,138.0777062394199
2026-09-08 23:00:00,124.6539177796909
2026-09-09 00:00:00,144.8616965059105
2026-09-09 01:00:00,140.6925415256497
2026-09-09 02:00:00,164.5446092011841
2026-09-09 03:00:00,163.6485058489303
2026-09-09 04:00:00,171.0297789075036
2026-09-09 05:00:00,169.6894203901404
2026-09-09 06:00:00,179.7432449155806
2026-09-09 07:00:00,180.948153616538
2026-09-09 08:00:00,173.9508528757321
2026-09-09 09:00:00,176.7228708978621
2026-09-09 10:00:00,158.042794572599
2026-09-09 11:00:00,158.9898877904391
2026-09-09 12:00:00,140.0275345520276
2026-09-09 13:00:00,125.3671677775023
2026-09-09 14:00:00,131.8856930043075
2026-09-09 15:00:00,110.7207855411203
2026-09-09 16:00:00,125.2225036676133
2026-09-09 17:00:00,114.4495280454113
2026-09-09 18:00:00,103.1160074494441
2026-09-09 19:00:00,117.8875519524727
2026-09-09 20:00:00,119.1256745419115
2026-09-09 21:00:00,131.3790724134906
2026-09-09 22:00:00,128.5610854345738
2026-09-09 23:00:00,139.7492447477041
2026-09-10 00:00:00,141.2088393424976
2026-09-10 01:00:00,163.0185766698939
2026-09-10 02:00:00,141.1024746675182
2026-09-10 03:00:00,174.8247288903912
2026-09-10 04:00:00,178.7676416291031
2026-09-10 05:00:00,177.0226819754853
2026-09-10 06:00:00,164.6321648933198
2026-09-10 07:00:00,162.0706800902053
2026-09-10 08:00:00,145.5873011830726
2026-09-10 09:00:00,167.1968288003976
2026-09-10 10:00:00,135.900337489667
2026-09-10 11:00:00,148.4950848954348
2026-09-10 12:00:00,140.5972755565728
2026-09-10 13:00:00,124.3434180766125
2026-09-10 14:00:00,109.5749816460487
2026-09-10 15:00:00,112.0505775969646
2026-09-10 16:00:00,102.5037536346267
2026-09-10 17:00:00,103.9435037441316
2026-09-10 18:00:00,94.63864992567684
2026-09-10 19:00:00,86.59181700798395
2026-09-10 20:00:00,91.86209702359969
2026-09-10 21:00:00,102.1217519352511
2026-09-10 22:00:00,109.0880012411148
2026-09-10 23:00:00,99.97270868945294
2026-09-11 00:00:00,124.2820856567945
2026-09-11 01:00:00,133.3339117452328
2026-09-11 02:00:00,128.7777309306794
2026-09-11 03:00:00,125.5403730310893
2026-09-11 04:00:00,138.5740268408606
2026-09-11 05:00:00,149.9759715413925
2026-09-11 06:00:00,145.3519829044764
2026-09-11 07:00:00,136.6046446999377
2026-09-11 08:00:00,130.1591296020436
2026-09-11 09:00:00,126.4564670323457
2026-09-11 10:00:00,142.2882635579752
2026-09-11 11:00:00,127.100276230115
2026-09-11 12:00:00,103.7665233279255
2026-09-11 13:00:00,114.3202659752174
2026-09-11 14:00:00,88.87879040614752
2026-09-11 15:00:00,89.98181937140163
2026-09-11 16:00:00,85.69719581896933
2026-09-11 17:00:00,84.38379052317143
2026-09-11 18:00:00,78.88903164208189
2026-09-11 19:00:00,88.07673106486752
2026-09-11 20:00:00,96.5180682832873
2026-09-11 21:00:00,86.36220338285315
2026-09-11 22:00:00,101.0177460902307
2026-09-11 23:00:00,122.0225369844129
2026-09-12 00:00:00,115.765035356355
2026-09-12 01:00:00,124.7896110849869
2026-09-12 02:00:00,125.186522555911
2026-09-12 03:00:00,124.8720165660389
2026-09-12 04:00:00,149.6500939245535
2026-09-12 05:00:00,155.0289561341586
2026-09-12 06:00:00,151.8732161973222
2026-09-12 07:00:00,129.9233830808687
2026-09-12 08:00:00,137.0532693796246
2026-09-12 09:00:00,117.0150609784385
2026-09-12 10:00:00,134.7473261161252
2026-09-12 11:00:00,125.3340263827498
2026-09-12 12:00:00,99.14052808303214
2026-09-12 13:00:00,99.92852494983539
2026-09-12 14:00:00,87.64928330721243
2026-09-12 15:00:00,82.66759779777202
2026-09-12 16:00:00,93.50265697542179
2026-09-12 17:00:00,90.86616010493991
2026-09-12 18:00:00,80.23081354888899
2026-09-12 19:00:00,79.34737199000809
2026-09-12 20:00:00,87.04933381666297
2026-09-12 21:00:00,102.3885422045201
2026-09-12 22:00:00,93.8107434455342
2026-09-12 23:00:00,102.468734221081
2026-09-13 00:00:00,110.2352055055385
2026-09-13 01:00:00,135.951704194436
2026-09-13 02:00:00,135.8960070046562
2026-09-13 03:00:00,128.8085711125401
2026-09-13 04:00:00,151.5645949336155
2026-09-13 05:00:00,150.8907641152084
2026-09-13 06:00:00,148.7217541017986
2026-09-13 07:00:00,153.4830157124009
2026-09-13 08:00:00,160.8552714471757
2026-09-13 09:00:00,131.0338156590049
2026-09-13 10:00:00,147.4717916004103
2026-09-13 11:00:00,137.5764999144536
2026-09-13 12:00:00,122.8476618997639
2026-09-13 13:00:00,116.7106058258667
2026-09-13 14:00:00,118.0060557789829
2026-09-13 15:00:00,113.5775116097062
2026-09-13 16:00:00,104.6744787263559
2026-09-13 17:00:00,93.90973996949569
2026-09-13 18:00:00,107.9668031464343
2026-09-13 19:00:00,103.8569931048553
2026-09-13 20:00:00,108.2360411865651
2026-09-13 21:00:00,106.9144334629704
2026-09-13 22:00:00,122.7446403047222
2026-09-13 23:00:00,119.5397362477379
2026-09-14 00:00:00,122.6864258318506
2026-09-14 01:00:00,150.0616429485801
2026-09-14 02:00:00,140.2565299967099
2026-09-14 03:00:00,166.7111821230778
2026-09-14 04:00:00,144.826036776408
2026-09-14 05:00:00,168.3201442444596
2026-09-14 06:00:00,176.8846441660683
2026-09-14 07:00:00,185.0503874645521
2026-09-14 08:00:00,173.4173427373555
2026-09-14 09:00:00,152.0894704421003
2026-09-14 10:00:00,157.4142344623689
2026-09-14 11:00:00,160.0193430915438
2026-09-14 12:00:00,129.229868196144
2026-09-14 13:00:00,147.3363086207789
2026-09-14 14:00:00,122.8724969419819
2026-09-14 15:00:00,121.5391931852933
2026-09-14 16:00:00,123.8811222526109
2026-09-14 17:00:00,109.2980413542899
2026-09-14 18:00:00,116.7970116919805
2026-09-14 19:00:00,118.5104177386083
2026-09-14 20:00:00,129.5678122974132
2026-09-14 21:00:00,117.9234061662725
2026-09-14 22:00:00,138.7748559158235
2026-09-14 23:00:00,151.864659537758
2026-09-15 00:00:00,150.5931072971414
2026-09-15 01:00:00,154.7286572122105
2026-09-15 02:00:00,167.2963096858242
2026-09-15 03:00:00,166.9973200636105
2026-09-15 04:00:00,181.220655864556
2026-09-15 05:00:00,171.5525929013358
2026-09-15 06:00:00,194.2300597522989
2026-09-15 07:00:00,164.8663949198926
2026-09-15 08:00:00,160.3246600055557
2026-09-15 09:00:00,168.3832661472389
2026-09-15 10:00:00,159.3319576307257
2026-09-15 11:00:00,168.3492318745132
2026-09-15 12:00:00,143.8226972034142
2026-09-15 13:00:00,138.0510960221491
2026-09-15 14:00:00,149.5922391109314
2026-09-15 15:00:00,130.5811365617681
2026-09-15 16:00:00,136.2440501021965
2026-09-15 17:00:00,133.1149921558313
2026-09-15 18:00:00,134.2871743839901
2026-09-15 19:00:00,120.2380466077392
2026-09-15 20:00:00,135.4520934283211
2026-09-15 21:00:00,139.6050790439545
2026-09-15 22:00:00,128.7562143517346
2026-09-15 23:00:00,151.346237057123
2026-09-16 00:00:00,162.8900287862033
2026-09-16 01:00:00,145.9211510372428
2026-09-16 02:00:00,170.873868803015
2026-09-16 03:00:00,161.0579895074042
2026-09-16 04:00:00,167.9704878474417
2026-09-16 05:00:00,187.5409080484898
2026-09-16 06:00:00,163.8232080860418
2026-09-16 07:00:00,188.9090650785712
2026-09-16 08:00:00,162.5107206833473
2026-09-16 09:00:00,156.0066650776293
2026-09-16 10:00:00,175.3169435594923
2026-09-16 11:00:00,142.5632118908526
2026-09-16 12:00:00,145.5230938935437
2026-09-16 13:00:00,128.6077825303253
2026-09-16 14:00:00,119.0545019093308
2026-09-16 15:00:00,122.7758461430777
2026-09-16 16:00:00,121.6805464598748
2026-09-16 17:00:00,125.5197958954582
2026-09-16 18:00:00,105.5080342070036
2026-09-16 19:00:00,122.1036186089208
2026-09-16 20:00:00,120.9492708060312
2026-09-16 21:00:00,116.5653752990234
2026-09-16 22:00:00,124.0901930439662
2026-09-16 23:00:00,126.1488778129668
2026-09-17 00:00:00,133.479410947701
2026-09-17 01:00:00,137.413955383551
2026-09-17 02:00:00,158.968324136978
2026-09-17 03:00:00,167.643236987786
2026-09-17 04:00:00,171.4781456909942
2026-09-17 05:00:00,181.8051315849793
2026-09-17 06:00:00,152.3567172787377
2026-09-17 07:00:00,164.6622884851169
2026-09-17 08:00:00,163.561638732995
2026-09-17 09:00:00,147.3102501429501
2026-09-17 10:00:00,134.1783537080273
2026-09-17 11:00:00,139.1812151710162
2026-09-17 12:00:00,127.3019734056112
2026-09-17 13:00:00,121.2427737214706
2026-09-17 14:00:00,108.165373892485
2026-09-17 15:00:00,99.60174024626072
2026-09-17 16:00:00,96.96694505904381
2026-09-17 17:00:00,107.4336786659218
2026-09-17 18:00:00,108.7958809507422
2026-09-17 19:00:00,101.5370977035092
2026-09-17 20:00:00,106.3161135728217
2026-09-17 21:00:00,110.2605021784676
2026-09-17 22:00:00,124.5740336201485
2026-09-17 23:00:00,117.4523022280046
2026-09-18 00:00:00,127.8905759121709
2026-09-18 01:00:00,148.999333876505
2026-09-18 02:00:00,151.7059817778698
2026-09-18 03:00:00,135.0047037307507
2026-09-18 04:00:00,150.1733920236615
2026-09-18 05:00:00,151.3405375886714
2026-09-18 06:00:00,162.5963910543667
2026-09-18 07:00:00,137.262271159197
2026-09-18 08:00:00,142.8331407422754
2026-09-18 09:00:00,129.2971225422116
2026-09-18 10:00:00,137.0896852293361
2026-09-18 11:00:00,138.8678246156357
2026-09-18 12:00:00,107.258684284828
2026-09-18 13:00:00,104.5286245228141
2026-09-18 14:00:00,109.3185059220976
2026-09-18 15:00:00,102.7145205579088
2026-09-18 16:00:00,92.31507898335269
2026-09-18 17:00:00,85.03446408299082
2026-09-18 18:00:00,86.78683475651006
2026-09-18 19:00:00,95.18760088078594
2026-09-18 20:00:00,96.88461365453759
2026-09-18 21:00:00,96.66905837130979
2026-09-18 22:00:00,89.82200676182174
2026-09-18 23:00:00,96.55679874919052
2026-09-19 00:00:00,116.8869767240879
2026-09-19 01:00:00,118.4285949729687
2026-09-19 02:00:00,114.054532229804
2026-09-19 03:00:00,133.3212887227996
2026-09-19 04:00:00,143.2253406801494
2026-09-19 05:00:00,151.0331427796606
2026-09-19 06:00:00,155.6143908124272
2026-09-19 07:00:00,144.7259735040071
2026-09-19 08:00:00,150.6806666509285
2026-09-19 09:00:00,142.883772350234
2026-09-19 10:00:00,133.4102103625748
2026-09-19 11:00:00,133.2359843195584
2026-09-19 12:00:00,120.2966612941998
2026-09-19 13:00:00,105.5065193778677
2026-09-19 14:00:00,108.2468014157187
2026-09-19 15:00:00,91.38126595080657
2026-09-19 16:00:00,83.20600339257507
2026-09-19 17:00:00,85.1163013020829
2026-09-19 18:00:00,86.83533105887923
2026-09-19 19:00:00,92.64371382973125
2026-09-19 20:00:00,85.42674562645354
2026-09-19 21:00:00,97.23568064298176
2026-09-19 22:00:00,99.92024048824236
2026-09-19 23:00:00,116.2510675070327
2026-09-20 00:00:00,122.249774945304
2026-09-20 01:00:00,116.4209316888052
2026-09-20 02:00:00,124.4482309863099
2026-09-20 03:00:00,156.1207468151759
2026-09-20 04:00:00,148.0256421818851
2026-09-20 05:00:00,162.1419656642966
2026-09-20 06:00:00,139.7390782428582
2026-09-20 07:00:00,151.3643609803
2026-09-20 08:00:00,148.853941865554
2026-09-20 09:00:00,158.050628398954
2026-09-20 10:00:00,129.2542757225287
2026-09-20 11:00:00,139.3273141545912
2026-09-20 12:00:00,140.003678696544
2026-09-20 13:00:00,131.1625439686288
2026-09-20 14:00:00,105.8482377606533
2026-09-20 15:00:00,119.750078072579
2026-09-20 16:00:00,103.6801409560261
2026-09-20 17:00:00,102.5621279816095
2026-09-20 18:00:00,93.70458689965439
2026-09-20 19:00:00,111.8167580091491
2026-09-20 20:00:00,108.8895839300212
2026-09-20 21:00:00,101.3402894507446
2026-09-20 22:00:00,121.8029223868399
2026-09-20 23:00:00,116.9990626529416
2026-09-21 00:00:00,119.9368737905329
2026-09-21 01:00:00,149.0863006296314
2026-09-21 02:00:00,159.5477694707535
2026-09-21 03:00:00,146.2431117198379
2026-09-21 04:00:00,148.3415761058884
2026-09-21 05:00:00,157.6667801512385
2026-09-21 06:00:00,168.2200796381569
2026-09-21 07:00:00,184.4801855940036
2026-09-21 08:00:00,182.8374874735121
2026-09-21 09:00:00,161.4815915462751
2026-09-21 10:00:00,159.2333188813749
2026-09-21 11:00:00,160.6454126811534
2026-09-21 12:00:00,143.0423793540265
2026-09-21 13:00:00,128.322625970434
2026-09-21 14:00:00,126.03430583124
2026-09-21 15:00:00,138.5226319871559
2026-09-21 16:00:00,124.381035392367
2026-09-21 17:00:00,108.7838925151262
2026-09-21 18:00:00,128.0367388030772
2026-09-21 19:00:00,121.5241663256589
2026-09-21 20:00:00,113.726474949744
2026-09-21 21:00:00,140.7915686277648
2026-09-21 22:00:00,146.5045522165711
2026-09-21 23:00:00,133.9727957194862
2026-09-22 00:00:00,152.2962800246119
2026-09-22 01:00:00,145.2794460543651
2026-09-22 02:00:00,173.8918440479139
2026-09-22 03:00:00,176.16573946205
2026-09-22 04:00:00,184.5984599473568
2026-09-22 05:00:00,186.9454004304526
2026-09-22 06:00:00,172.8769133015556
2026-09-22 07:00:00,187.3611688110192
2026-09-22 08:00:00,183.7796640561856
2026-09-22 09:00:00,168.5064792204958
2026-09-22 10:00:00,168.7635068250361
2026-09-22 11:00:00,152.7702501941911
2026-09-22 12:00:00,156.8235999789933
2026-09-22 13:00:00,149.8416169137531
2026-09-22 14:00:00,138.1769134729431
2026-09-22 15:00:00,142.1391183152229
2026-09-22 16:00:00,127.9952791873475
2026-09-22 17:00:00,127.2086842022123
2026-09-22 18:00:00,116.3844515971135
2026-09-22 19:00:00,117.3532438463721
2026-09-22 20:00:00,130.2273938976867
2026-09-22 21:00:00,145.6837717368524
2026-09-22 22:00:00,158.8546250468229
2026-09-22 23:00:00,161.0725111593891
2026-09-23 00:00:00,146.6235851167254
2026-09-23 01:00:00,173.863934871804
2026-09-23 02:00:00,162.8421756632617
2026-09-23 03:00:00,172.9400249064987
2026-09-23 04:00:00,200.2628055274608
2026-09-23 05:00:00,185.633534010567
2026-09-23 06:00:00,177.2570961030094
2026-09-23 07:00:00,179.9695947279901
2026-09-23 08:00:00,176.254534125494
2026-09-23 09:00:00,157.8486748621152
2026-09-23 10:00:00,162.5129090368441
2026-09-23 11:00:00,153.6527870501748
2026-09-23 12:00:00,164.4157958131237
2026-09-23 13:00:00,155.6744822171387
2026-09-23 14:00:00,133.5718573550056
2026-09-23 15:00:00,138.3828480113102
2026-09-23 16:00:00,123.6877915565159
2026-09-23 17:00:00,126.642838973222
2026-09-23 18:00:00,129.0377154319265
2026-09-23 19:00:00,123.1948178693259
2026-09-23 20:00:00,131.7280876562041
2026-09-23 21:00:00,125.8915663614047
2026-09-23 22:00:00,116.376767904523
2026-09-23 23:00:00,136.9865300074588
2026-09-24 00:00:00,136.6879183301975
2026-09-24 01:00:00,136.7477448758513
2026-09-24 02:00:00,166.9410741688632
2026-09-24 03:00:00,162.5302514026423
2026-09-24 04:00:00,174.3991549278291
2026-09-24 05:00:00,182.9462202212948
2026-09-24 06:00:00,166.1701412772429
2026-09-24 07:00:00,160.893124777812
2026-09-24 08:00:00,168.8435896643332
2026-09-24 09:00:00,179.6610745139087
2026-09-24 10:00:00,157.168085154854
2026-09-24 11:00:00,150.1917641849165
2026-09-24 12:00:00,128.963609780838
2026-09-24 13:00:00,126.0181055060977
2026-09-24 14:00:00,126.8010184249729
2026-09-24 15:00:00,107.4674733480993
2026-09-24 16:00:00,105.5912055054127
2026-09-24 17:00:00,105.508757775223
2026-09-24 18:00:00,101.0998303207445
2026-09-24 19:00:00,107.3546370791863
2026-09-24 20:00:00,105.3846427175603
2026-09-24 21:00:00,100.0391075609741
2026-09-24 22:00:00,109.4233996965852
2026-09-24 23:00:00,119.4605882944218
2026-09-25 00:00:00,113.0518965152218
2026-09-25 01:00:00,133.27794868734
2026-09-25 02:00:00,135.9282066432204
2026-09-25 03:00:00,145.7020951162222
2026-09-25 04:00:00,161.5675418804836
2026-09-25 05:00:00,160.1179549542411
2026-09-25 06:00:00,143.2552724906063
2026-09-25 07:00:00,154.9258927156856
2026-09-25 08:00:00,165.9670043819812
2026-09-25 09:00:00,140.0267981554291
2026-09-25 10:00:00,131.7637829031931
2026-09-25 11:00:00,138.9564505667595
2026-09-25 12:00:00,131.1107470034814
2026-09-25 13:00:00,117.7055058006441
2026-09-25 14:00:00,99.58172230091981
2026-09-25 15:00:00,103.8750363596442
2026-09-25 16:00:00,100.7119208367378
2026-09-25 17:00:00,95.64340150246272
2026-09-25 18:00:00,89.37256930629516
2026-09-25 19:00:00,86.44433750518007
2026-09-25 20:00:00,100.8743692571575
2026-09-25 21:00:00,96.88136221489577
2026-09-25 22:00:00,111.4453238553233
2026-09-25 23:00:00,117.3117559764226
2026-09-26 00:00:00,130.4611202070218
2026-09-26 01:00:00,130.769195266559
2026-09-26 02:00:00,124.348178877241
2026-09-26 03:00:00,137.057033266506
2026-09-26 04:00:00,133.9314232239026
2026-09-26 05:00:00,141.2607442634043
2026-09-26 06:00:00,155.1494331222464
2026-09-26 07:00:00,139.9272610255493
2026-09-26 08:00:00,134.7077496359504
2026-09-26 09:00:00,128.7713538190482
2026-09-26 10:00:00,121.7930715606547
2026-09-26 11:00:00,130.8144215169802
2026-09-26 12:00:00,126.744489690066
2026-09-26 13:00:00,118.3230301513271
2026-09-26 14:00:00,102.6822098561425
2026-09-26 15:00:00,105.6660963996918
2026-09-26 16:00:00,95.20125785878179
2026-09-26 17:00:00,100.1167136366301
2026-09-26 18:00:00,91.16352720798749
2026-09-26 19:00:00,98.6305923351476
2026-09-26 20:00:00,91.09106525610927
2026-09-26 21:00:00,94.5104795619047
2026-09-26 22:00:00,114.35615908094
2026-09-26 23:00:00,117.0044659015813
2026-09-27 00:00:00,123.8765041065909
2026-09-27 01:00:00,115.8650014072627
2026-09-27 02:00:00,139.1950333677332
2026-09-27 03:00:00,132.4338915536619
2026-09-27 04:00:00,151.5059383955788
2026-09-27 05:00:00,142.950202991838
2026-09-27 06:00:00,150.0724897729828
2026-09-27 07:00:00,147.9895684458051
2026-09-27 08:00:00,152.7358127365777
2026-09-27 09:00:00,162.3292592316623
2026-09-27 10:00:00,140.6740376774634
2026-09-27 11:00:00,142.3754758193679
2026-09-27 12:00:00,133.5725087328014
2026-09-27 13:00:00,134.6772870076434
2026-09-27 14:00:00,114.4785151913892
2026-09-27 15:00:00,125.5931752759564
2026-09-27 16:00:00,100.4396114474324
2026-09-27 17:00:00,104.9081300942266
2026-09-27 18:00:00,99.05882061030104
2026-09-27 19:00:00,108.9159252334702
2026-09-27 20:00:00,117.0311809690349
2026-09-27 21:00:00,115.2233103683091
2026-09-27 22:00:00,111.3018005540719
2026-09-27 23:00:00,137.962974296762
2026-09-28 00:00:00,141.43345262746
2026-09-28 01:00:00,130.8539988635406
2026-09-28 02:00:00,152.3079208842608
2026-09-28 03:00:00,168.0820491076531
2026-09-28 04:00:00,160.8862010896522
2026-09-28 05:00:00,174.3336506912346
2026-09-28 06:00:00,186.178070721355
2026-09-28 07:00:00,179.1582129466125
2026-09-28 08:00:00,187.4040424834691
2026-09-28 09:00:00,161.2927096792988
2026-09-28 10:00:00,177.2292951741577
2026-09-28 11:00:00,146.9775079276692
2026-09-28 12:00:00,139.0622784763118
2026-09-28 13:00:00,151.6596742752048
2026-09-28 14:00:00,124.217796653802
2026-09-28 15:00:00,141.7715037880722
2026-09-28 16:00:00,116.1106884120989
2026-09-28 17:00:00,125.0066936127188
2026-09-28 18:00:00,111.3064378388074
2026-09-28 19:00:00,118.9610675093889
2026-09-28 20:00:00,140.1760484220188
2026-09-28 21:00:00,129.6154170864267
2026-09-28 22:00:00,133.2663394160807
2026-09-28 23:00:00,160.9221102890562
2026-09-29 00:00:00,166.2124695352915
2026-09-29 01:00:00,174.0863220516983
2026-09-29 02:00:00,167.2175099004943
2026-09-29 03:00:00,183.717269769394
2026-09-29 04:00:00,175.7951158277256
2026-09-29 05:00:00,189.5055353954779
2026-09-29 06:00:00,197.3577204829954
2026-09-29 07:00:00,195.1302328200754
2026-09-29 08:00:00,177.3059036163926
2026-09-29 09:00:00,189.1329128919247
2026-09-29 10:00:00,166.261469201833
2026-09-29 11:00:00,162.9029745064108
2026-09-29 12:00:00,152.2704088636717
2026-09-29 13:00:00,138.425685450244
2026-09-29 14:00:00,149.8674183696318
2026-09-29 15:00:00,143.9291664858437
2026-09-29 16:00:00,139.7618381082166
2026-09-29 17:00:00,127.8889407740376
2026-09-29 18:00:00,122.7052969178589
2026-09-29 19:00:00,135.1294607426885
2026-09-29 20:00:00,128.1291761567511
2026-09-29 21:00:00,152.1170498474268
2026-09-29 22:00:00,132.2944528961432
2026-09-29 23:00:00,156.7350888655598
2026-09-30 00:00:00,172.1716638276393
2026-09-30 01:00:00,179.968212428119
2026-09-30 02:00:00,179.6585391478552
2026-09-30 03:00:00,168.6161357216916
2026-09-30 04:00:00,191.5100376393693
2026-09-30 05:00:00,186.6537561851349
2026-09-30 06:00:00,201.4954523005205
2026-09-30 07:00:00,172.6958125785753
2026-09-30 08:00:00,191.2714114453764
2026-09-30 09:00:00,180.4106065033955
2026-09-30 10:00:00,168.0788944191364
2026-09-30 11:00:00,162.5240502141975
2026-09-30 12:00:00,159.8862754660565
2026-09-30 13:00:00,155.4805152770003
2026-09-30 14:00:00,140.7546844661391
2026-09-30 15:00:00,117.8476249540842
2026-09-30 16:00:00,136.56707818157
2026-09-30 17:00:00,134.8258926565125
2026-09-30 18:00:00,116.9890154141909
2026-09-30 19:00:00,134.08895075835
2026-09-30 20:00:00,114.6121728515244
2026-09-30 21:00:00,132.7951495964639
2026-09-30 22:00:00,134.9617792563292
2026-09-30 23:00:00,156.3251897791751
2026-10-01 00:00:00,150.1326565086373
2026-10-01 01:00:00,166.0438601695854
2026-10-01 02:00:00,166.9002820978312
2026-10-01 03:00:00,185.8108110246266
2026-10-01 04:00:00,181.8299285028133
2026-10-01 05:00:00,182.2125218968429
2026-10-01 06:00:00,174.477358825065
2026-10-01 07:00:00,165.1143700528862
2026-10-01 08:00:00,173.9313042636367
2026-10-01 09:00:00,173.4702018194007
2026-10-01 10:00:00,167.7711923595558
2026-10-01 11:00:00,153.5168518570864
2026-10-01 12:00:00,141.9069250562569
2026-10-01 13:00:00,122.892141937914
2026-10-01 14:00:00,117.2997476338413
2026-10-01 15:00:00,111.2995294325047
2026-10-01 16:00:00,101.2604824794086
2026-10-01 17:00:00,101.4433800963365
2026-10-01 18:00:00,96.01354500097204
2026-10-01 19:00:00,98.75902823970205
2026-10-01 20:00:00,113.6867665089755
2026-10-01 21:00:00,116.7333329852502
2026-10-01 22:00:00,123.2086089018523
2026-10-01 23:00:00,112.5027562044302
2026-10-02 00:00:00,137.3298411963093
2026-10-02 01:00:00,146.7741700620334
2026-10-02 02:00:00,131.8749519234416
2026-10-02 03:00:00,158.7153858559095
2026-10-02 04:00:00,159.6642143710887
2026-10-02 05:00:00,149.0399528744541
2026-10-02 06:00:00,143.3853052833445
2026-10-02 07:00:00,146.3303070074585
2026-10-02 08:00:00,142.230798427895
2026-10-02 09:00:00,145.2490639993447
2026-10-02 10:00:00,139.9251874915834
2026-10-02 11:00:00,122.7902831606828
2026-10-02 12:00:00,118.2137740693673
2026-10-02 13:00:00,110.6554811982902
2026-10-02 14:00:00,115.8050997906241
2026-10-02 15:00:00,94.55443580885195
2026-10-02 16:00:00,94.09241560678232
2026-10-02 17:00:00,100.8330976370942
2026-10-02 18:00:00,90.1107060352692
2026-10-02 19:00:00,88.19690127861422
2026-10-02 20:00:00,85.05055927919999
2026-10-02 21:00:00,101.0011622034145
2026-10-02 22:00:00,101.4025755205759
2026-10-02 23:00:00,116.6630889097311
2026-10-03 00:00:00,114.4700288509637
2026-10-03 01:00:00,121.3232536415439
2026-10-03 02:00:00,129.2064794149515
2026-10-03 03:00:00,151.0982574479459
2026-10-03 04:00:00,156.2827061465082
2026-10-03 05:00:00,153.7025421611562
2026-10-03 06:00:00,160.1733753155871
2026-10-03 07:00:00,156.4025980447116
2026-10-03 08:00:00,133.2590782052559
2026-10-03 09:00:00,152.0383856979605
2026-10-03 10:00:00,145.8074314348651
2026-10-03 11:00:00,126.9455623427679
2026-10-03 12:00:00,111.5956615969455
2026-10-03 13:00:00,115.2142187249595
2026-10-03 14:00:00,113.479181007494
2026-10-03 15:00:00,92.49828359518109
2026-10-03 16:00:00,88.73886690859256
2026-10-03 17:00:00,98.21341181504792
2026-10-03 18:00:00,90.12614950914343
2026-10-03 19:00:00,97.23283832776848
2026-10-03 20:00:00,87.41980169342501
2026-10-03 21:00:00,91.98569376898902
2026-10-03 22:00:00,116.4950424927986
2026-10-03 23:00:00,119.3287414152212
2026-10-04 00:00:00,121.4600312484492
2026-10-04 01:00:00,122.0963164835701
2026-10-04 02:00:00,129.7037461053472
2026-10-04 03:00:00,132.1453824172664
2026-10-04 04:00:00,137.7620055379894
2026-10-04 05:00:00,152.6349481672102
2026-10-04 06:00:00,167.1960813281879
2026-10-04 07:00:00,147.8033895406936
2026-10-04 08:00:00,146.7864961510466
2026-10-04 09:00:00,146.7068782554519
2026-10-04 10:00:00,141.5471165408869
2026-10-04 11:00:00,137.5334368771107
2026-10-04 12:00:00,119.2144892859553
2026-10-04 13:00:00,120.8261770635281
2026-10-04 14:00:00,106.2091923925402
2026-10-04 15:00:00,112.0024434719234
2026-10-04 16:00:00,96.522438671759
2026-10-04 17:00:00,108.3099980960814
2026-10-04 18:00:00,112.1045140786527
2026-10-04 19:00:00,112.4347200350315
2026-10-04 20:00:00,104.2565689106011
2026-10-04 21:00:00,122.9287395790816
2026-10-04 22:00:00,131.7438857629762
2026-10-04 23:00:00,146.8989797190347
2026-10-05 00:00:00,134.7565107455126
2026-10-05 01:00:00,157.1537866962408
2026-10-05 02:00:00,171.3349442491006
2026-10-05 03:00:00,165.7168065867621
2026-10-05 04:00:00,157.3355244611304
2026-10-05 05:00:00,158.4005093533542
2026-10-05 06:00:00,180.9251266527514
2026-10-05 07:00:00,166.7562560202497
2026-10-05 08:00:00,181.240540523082
2026-10-05 09:00:00,147.4387866783208
2026-10-05 10:00:00,158.2460756887741
2026-10-05 11:00:00,154.5328156503504
2026-10-05 12:00:00,152.488220719303
2026-10-05 13:00:00,146.7952299959524
2026-10-05 14:00:00,131.1534002651217
2026-10-05 15:00:00,129.0176645763581
2026-10-05 16:00:00,126.1215843081512
2026-10-05 17:00:00,123.5986500631099
2026-10-05 18:00:00,109.729774454403
2026-10-05 19:00:00,120.1422416906338
2026-10-05 20:00:00,117.7823308823407
2026-10-05 21:00:00,138.496890847668
2026-10-05 22:00:00,127.7245288391662
2026-10-05 23:00:00,141.0472250065621
2026-10-06 00:00:00,152.8646272255089
2026-10-06 01:00:00,176.753333189623
2026-10-06 02:00:00,175.353518756415
2026-10-06 03:00:00,184.5940328636591
2026-10-06 04:00:00,180.043114455373
2026-10-06 05:00:00,171.1164384036339
2026-10-06 06:00:00,178.4306514654413
2026-10-06 07:00:00,167.0968694308442
2026-10-06 08:00:00,188.6870843577192
2026-10-06 09:00:00,181.7582445659318
2026-10-06 10:00:00,181.7343787348919
2026-10-06 11:00:00,165.3092233732921
2026-10-06 12:00:00,151.951342109106
2026-10-06 13:00:00,157.0503006177356
2026-10-06 14:00:00,153.7189853423438
2026-10-06 15:00:00,145.8207072963164
2026-10-06 16:00:00,128.8940670528859
2026-10-06 17:00:00,125.6674797609031
2026-10-06 18:00:00,120.326839429283
2026-10-06 19:00:00,138.2048521495824
2026-10-06 20:00:00,122.7373202165347
2026-10-06 21:00:00,132.5462677098392
2026-10-06 22:00:00,138.3094750765937
2026-10-06 23:00:00,140.3938885090787
2026-10-07 00:00:00,148.1331197862535
2026-10-07 01:00:00,165.9215710252146
2026-10-07 02:00:00,161.846123136207
2026-10-07 03:00:00,174.4719657433772
2026-10-07 04:00:00,190.1555342423308
2026-10-07 05:00:00,200.7814850003365
2026-10-07 06:00:00,181.6743995186647
2026-10-07 07:00:00,166.8879279676199
2026-10-07 08:00:00,192.7434075155434
2026-10-07 09:00:00,194.4001885032711
2026-10-07 10:00:00,169.6933507255182
2026-10-07 11:00:00,155.3567678956972
2026-10-07 12:00:00,163.8865006127761
2026-10-07 13:00:00,132.4402044732675
2026-10-07 14:00:00,139.6518709549733
2026-10-07 15:00:00,139.2836735974866
2026-10-07 16:00:00,117.8178995775441
2026-10-07 17:00:00,132.6745159554538
2026-10-07 18:00:00,125.9712197389289
2026-10-07 19:00:00,125.9783807617919
2026-10-07 20:00:00,120.3284226355434
2026-10-07 21:00:00,117.1150877936909
2026-10-07 22:00:00,139.6538483728284
2026-10-07 23:00:00,127.9192951627202
2026-10-08 00:00:00,157.3123365559959
2026-10-08 01:00:00,157.9702271439697
2026-10-08 02:00:00,159.1595263334775
2026-10-08 03:00:00,165.5321615042069
2026-10-08 04:00:00,182.0693328195322
2026-10-08 05:00:00,186.4838241939722
2026-10-08 06:00:00,154.7592170631255
2026-10-08 07:00:00,170.02885529952
2026-10-08 08:00:00,167.1999729442488
2026-10-08 09:00:00,146.3503619099332
2026-10-08 10:00:00,169.3036080865139
2026-10-08 11:00:00,133.7051979224821
2026-10-08 12:00:00,145.7630273627499
2026-10-08 13:00:00,132.9047293615834
2026-10-08 14:00:00,117.4898511439913
2026-10-08 15:00:00,121.0778059890552
2026-10-08 16:00:00,106.0332797070891
2026-10-08 17:00:00,99.12652956598038
2026-10-08 18:00:00,98.10406198290853
2026-10-08 19:00:00,101.5251376446112
2026-10-08 20:00:00,106.1015440562484
2026-10-08 21:00:00,96.2138879080025
2026-10-08 22:00:00,116.697502691398
2026-10-08 23:00:00,117.6691847828473
2026-10-09 00:00:00,113.5236159609917
2026-10-09 01:00:00,133.1645199929666
2026-10-09 02:00:00,126.6686973970538
2026-10-09 03:00:00,138.4530593576378
2026-10-09 04:00:00,148.9805311002982
2026-10-09 05:00:00,138.7115240470533
2026-10-09 06:00:00,155.1250015046203
2026-10-09 07:00:00,165.7058493315039
2026-10-09 08:00:00,149.9669203678682
2026-10-09 09:00:00,152.7624870462284
2026-10-09 10:00:00,150.4076815999179
2026-10-09 11:00:00,140.5626178566692
2026-10-09 12:00:00,128.8206785152002
2026-10-09 13:00:00,115.6830115037299
2026-10-09 14:00:00,107.9660984016413
2026-10-09 15:00:00,89.88753142689183
2026-10-09 16:00:00,84.29339064863035
2026-10-09 17:00:00,83.64524987226469
2026-10-09 18:00:00,80.38726578682662
2026-10-09 19:00:00,92.34997183955824
2026-10-09 20:00:00,91.10522881114575
2026-10-09 21:00:00,97.23784027169236
2026-10-09 22:00:00,100.1586556329669
2026-10-09 23:00:00,108.6007955180689
2026-10-10 00:00:00,109.2791919649328
2026-10-10 01:00:00,133.4522979180873
2026-10-10 02:00:00,124.8629775835541
2026-10-10 03:00:00,124.8704821792332
2026-10-10 04:00:00,144.6665670105628
2026-10-10 05:00:00,151.7584526608895
2026-10-10 06:00:00,145.7048690488623
2026-10-10 07:00:00,143.4317352403909
2026-10-10 08:00:00,154.1518890754872
2026-10-10 09:00:00,127.3420009047731
2026-10-10 10:00:00,142.9004061346046
2026-10-10 11:00:00,129.3488023357152
2026-10-10 12:00:00,105.3391581390596
2026-10-10 13:00:00,101.6074360404796
2026-10-10 14:00:00,91.35728470780116
2026-10-10 15:00:00,93.07865934364216
2026-10-10 16:00:00,87.70184250132358
2026-10-10 17:00:00,85.20099773974489
2026-10-10 18:00:00,89.07716960530837
2026-10-10 19:00:00,96.91812994234816
2026-10-10 20:00:00,93.24402818354316
2026-10-10 21:00:00,90.75432652522903
2026-10-10 22:00:00,99.02109804643663
2026-10-10 23:00:00,112.0247682143144
2026-10-11 00:00:00,108.9704771858623
2026-10-11 01:00:00,126.3959159012853
2026-10-11 02:00:00,140.1559804495614
2026-10-11 03:00:00,141.069462839048
2026-10-11 04:00:00,138.2001928124295
2026-10-11 05:00:00,166.4107872547163
2026-10-11 06:00:00,152.4015523900106
2026-10-11 07:00:00,148.89366272082
2026-10-11 08:00:00,151.9730680034198
2026-10-11 09:00:00,148.9038356470648
2026-10-11 10:00:00,142.7243587493631
2026-10-11 11:00:00,144.6660128298828
2026-10-11 12:00:00,135.2442559063839
2026-10-11 13:00:00,126.9171933122055
2026-10-11 14:00:00,119.0633793712718
2026-10-11 15:00:00,107.9563365278716
2026-10-11 16:00:00,116.517248490882
2026-10-11 17:00:00,99.59509409058705
2026-10-11 18:00:00,108.9570377132041
2026-10-11 19:00:00,99.30729078055674
2026-10-11 20:00:00,102.3202676104602
2026-10-11 21:00:00,105.8122995242012
2026-10-11 22:00:00,121.5515288909363
2026-10-11 23:00:00,111.2305747251893
2026-10-12 00:00:00,122.6565711667604
2026-10-12 01:00:00,127.8735127677705
2026-10-12 02:00:00,138.620392426534
2026-10-12 03:00:00,153.4187435994328
2026-10-12 04:00:00,152.9335979731227
2026-10-12 05:00:00,151.9142574032753
2026-10-12 06:00:00,172.3070808357019
2026-10-12 07:00:00,187.2412723636859
2026-10-12 08:00:00,163.8211232922909
2026-10-12 09:00:00,172.8239345025435
2026-10-12 10:00:00,160.1235480768306
2026-10-12 11:00:00,163.9464145193569
2026-10-12 12:00:00,145.0027071897866
2026-10-12 13:00:00,132.1515904456146
2026-10-12 14:00:00,138.8550052993216
2026-10-12 15:00:00,139.5589998019978
2026-10-12 16:00:00,121.0570654001517
2026-10-12 17:00:00,129.977172904694
2026-10-12 18:00:00,125.8167429382062
2026-10-12 19:00:00,120.9905961837451
2026-10-12 20:00:00,115.4567849068555
2026-10-12 21:00:00,118.9883721233292
2026-10-12 22:00:00,135.2260771963063
2026-10-12 23:00:00,148.9473792017644
2026-10-13 00:00:00,132.6413256253404
2026-10-13 01:00:00,146.2691873352617
2026-10-13 02:00:00,151.9466308249086
2026-10-13 03:00:00,177.6457775516026
2026-10-13 04:00:00,158.1117200432192
2026-10-13 05:00:00,190.0166392378789
2026-10-13 06:00:00,190.9290260246882
2026-10-13 07:00:00,176.3952970686217
2026-10-13 08:00:00,197.488919077566
2026-10-13 09:00:00,186.57234107082
2026-10-13 10:00:00,175.5652200512736
2026-10-13 11:00:00,157.226267632655
2026-10-13 12:00:00,173.8327143047285
2026-10-13 13:00:00,159.3341938470196
2026-10-13 14:00:00,129.8286449100443
2026-10-13 15:00:00,123.4138520376139
2026-10-13 16:00:00,142.5071900642801
2026-10-13 17:00:00,134.0366873016278
2026-10-13 18:00:00,121.9680456719298
2026-10-13 19:00:00,126.4168174530201
2026-10-13 20:00:00,116.2764350702203
2026-10-13 21:00:00,122.843132444565
2026-10-13 22:00:00,137.4753697046773
2026-10-13 23:00:00,143.2018167805909
2026-10-14 00:00:00,163.2054216277648
2026-10-14 01:00:00,145.3649360771632
2026-10-14 02:00:00,170.9419510406202
2026-10-14 03:00:00,164.4901573745508
2026-10-14 04:00:00,172.6215961582911
2026-10-14 05:00:00,176.4106072316477
2026-10-14 06:00:00,182.7733660028319
2026-10-14 07:00:00,177.6723816068355
2026-10-14 08:00:00,170.7029780521658
2026-10-14 09:00:00,186.8437528853861
2026-10-14 10:00:00,170.0802561474113
2026-10-14 11:00:00,176.3162428896199
2026-10-14 12:00:00,137.7296663368886
2026-10-14 13:00:00,131.8217221892319
2026-10-14 14:00:00,128.2820929229816
2026-10-14 15:00:00,126.7491656162887
2026-10-14 16:00:00,112.6407634175091
2026-10-14 17:00:00,118.9395273332817
2026-10-14 18:00:00,111.277210478864
2026-10-14 19:00:00,110.7559913130801
2026-10-14 20:00:00,115.5019720341631
2026-10-14 21:00:00,113.4117078455261
2026-10-14 22:00:00,129.2757581439474
2026-10-14 23:00:00,144.0041440173843
2026-10-15 00:00:00,132.299469664057
2026-10-15 01:00:00,162.0963723336244
2026-10-15 02:00:00,150.287952105559
2026-10-15 03:00:00,168.9477249234779
2026-10-15 04:00:00,172.9579664792084
2026-10-15 05:00:00,158.0258668563082
2026-10-15 06:00:00,183.9744332764478
2026-10-15 07:00:00,182.2504240469802
2026-10-15 08:00:00,166.2933052182729
2026-10-15 09:00:00,170.8375812798668
2026-10-15 10:00:00,147.9720446174385
2026-10-15 11:00:00,146.1168577173758
2026-10-15 12:00:00,145.740820734295
2026-10-15 13:00:00,137.9713817724964
2026-10-15 14:00:00,114.2035156702998
2026-10-15 15:00:00,111.081103783909
2026-10-15 16:00:00,97.792810638021
2026-10-15 17:00:00,94.53679646142926
2026-10-15 18:00:00,109.3859832106375
2026-10-15 19:00:00,93.50301169697794
2026-10-15 20:00:00,93.59646466968512
2026-10-15 21:00:00,115.966357202386
2026-10-15 22:00:00,107.4142416633341
2026-10-15 23:00:00,122.1604649510855
2026-10-16 00:00:00,114.8946778570739
2026-10-16 01:00:00,129.6934088060581
2026-10-16 02:00:00,145.1737068603452
2026-10-16 03:00:00,131.1479624217353
2026-10-16 04:00:00,155.365714648536
2026-10-16 05:00:00,156.6977712099193
2026-10-16 06:00:00,142.6252647059918
2026-10-16 07:00:00,159.8377348775762
2026-10-16 08:00:00,140.3041308762319
2026-10-16 09:00:00,154.4817045814541
2026-10-16 10:00:00,139.6496259070273
2026-10-16 11:00:00,139.7930809742226
2026-10-16 12:00:00,115.8770262974599
2026-10-16 13:00:00,110.7216847858735
2026-10-16 14:00:00,97.81547654040038
2026-10-16 15:00:00,102.9977375266969
2026-10-16 16:00:00,99.53357870631737
2026-10-16 17:00:00,90.87009273415205
2026-10-16 18:00:00,86.23291574840108
2026-10-16 19:00:00,93.06913753958011
2026-10-16 20:00:00,82.81950150419931
2026-10-16 21:00:00,90.97576550813706
2026-10-16 22:00:00,98.74472037206047
2026-10-16 23:00:00,108.1598747826776
2026-10-17 00:00:00,103.1977382299926
2026-10-17 01:00:00,128.0087966720876
2026-10-17 02:00:00,128.5692794603313
2026-10-17 03:00:00,122.132987899577
2026-10-17 04:00:00,125.2179386948848
2026-10-17 05:00:00,132.8065940376224
2026-10-17 06:00:00,137.9855775160053
2026-10-17 07:00:00,134.5876702742567
2026-10-17 08:00:00,128.6864202803495
2026-10-17 09:00:00,138.6365369761075
2026-10-17 10:00:00,124.7420379095966
2026-10-17 11:00:00,125.7605614831167
2026-10-17 12:00:00,118.1160984210051
2026-10-17 13:00:00,100.7178588716146
2026-10-17 14:00:00,92.02829958328238
2026-10-17 15:00:00,89.29429856881261
2026-10-17 16:00:00,92.86045667204148
2026-10-17 17:00:00,80.62567879804836
2026-10-17 18:00:00,79.14421985027288
2026-10-17 19:00:00,82.41185436659096
2026-10-17 20:00:00,84.37006504280373
2026-10-17 21:00:00,88.18729982380026
2026-10-17 22:00:00,111.5496362443731
2026-10-17 23:00:00,114.3926238332963
2026-10-18 00:00:00,119.3610097653088
2026-10-18 01:00:00,125.5968348626979
2026-10-18 02:00:00,136.8894176624409
2026-10-18 03:00:00,137.6427827227223
2026-10-18 04:00:00,130.8146371497006
2026-10-18 05:00:00,160.097353025325
2026-10-18 06:00:00,145.8765951761598
2026-10-18 07:00:00,143.9524689242488
2026-10-18 08:00:00,141.9511813476567
2026-10-18 09:00:00,152.4150433219259
2026-10-18 10:00:00,129.9534621566229
2026-10-18 11:00:00,117.1408489444985
2026-10-18 12:00:00,125.4135725711416
2026-10-18 13:00:00,104.2261212169982
2026-10-18 14:00:00,111.3992509282294
2026-10-18 15:00:00,101.641463172568
2026-10-18 16:00:00,92.96799891290888
2026-10-18 17:00:00,93.87828623169746
2026-10-18 18:00:00,91.8760083974585
2026-10-18 19:00:00,104.5894988170094
2026-10-18 20:00:00,92.60524235948998
2026-10-18 21:00:00,108.9158985399825
2026-10-18 22:00:00,119.5844278419511
2026-10-18 23:00:00,114.7901465098868
2026-10-19 00:00:00,127.7386412533817
2026-10-19 01:00:00,129.156724420785
2026-10-19 02:00:00,130.4531162254885
2026-10-19 03:00:00,164.0803469679509
2026-10-19 04:00:00,154.8384246386443
2026-10-19 05:00:00,169.5170629942673
2026-10-19 06:00:00,171.1240806607348
2026-10-19 07:00:00,162.8423623588739
2026-10-19 08:00:00,153.7217565114875
2026-10-19 09:00:00,146.469082509062
2026-10-19 10:00:00,168.5671614196907
2026-10-19 11:00:00,154.7687688085634
2026-10-19 12:00:00,127.3319108587995
2026-10-19 13:00:00,142.9096179238756
2026-10-19 14:00:00,123.9026270754996
2026-10-19 15:00:00,109.8641167736561
2026-10-19 16:00:00,105.0129276945877
2026-10-19 17:00:00,110.3866038531826
2026-10-19 18:00:00,103.029254474562
2026-10-19 19:00:00,118.5384500748259
2026-10-19 20:00:00,106.8243307843522
2026-10-19 21:00:00,120.2185241522184
2026-10-19 22:00:00,123.4004079042942
2026-10-19 23:00:00,134.387012345607
2026-10-20 00:00:00,145.7811434712073
2026-10-20 01:00:00,144.9883373830583
2026-10-20 02:00:00,165.6533774524437
2026-10-20 03:00:00,152.5137560011087
2026-10-20 04:00:00,178.4809206125449
2026-10-20 05:00:00,163.2674432875284
2026-10-20 06:00:00,195.083240695607
2026-10-20 07:00:00,185.9598915060585
2026-10-20 08:00:00,189.2178454438534
2026-10-20 09:00:00,164.996489140071
2026-10-20 10:00:00,154.4424710029493
2026-10-20 11:00:00,156.7360216779606
2026-10-20 12:00:00,146.6558672686615
2026-10-20 13:00:00,149.9146048119391
2026-10-20 14:00:00,135.6607550917991
2026-10-20 15:00:00,142.3273692060408
2026-10-20 16:00:00,139.1474988283887
2026-10-20 17:00:00,117.3632771027484
2026-10-20 18:00:00,129.6692118507099
2026-10-20 19:00:00,122.4252821774458
2026-10-20 20:00:00,120.8159807844487
2026-10-20 21:00:00,134.932963368222
2026-10-20 22:00:00,132.5509130577401
2026-10-20 23:00:00,140.1499307156267
2026-10-21 00:00:00,158.4947884200974
2026-10-21 01:00:00,148.5726819452494
2026-10-21 02:00:00,157.3395903204166
2026-10-21 03:00:00,157.5556951943647
2026-10-21 04:00:00,160.525021515736
2026-10-21 05:00:00,184.3971839900389
2026-10-21 06:00:00,162.4018166541994
2026-10-21 07:00:00,164.6740513496163
2026-10-21 08:00:00,170.2003649683614
2026-10-21 09:00:00,178.065986389228
2026-10-21 10:00:00,158.8360271568094
2026-10-21 11:00:00,152.2034597985633
2026-10-21 12:00:00,139.5378959201462
2026-10-21 13:00:00,146.9702782350901
2026-10-21 14:00:00,121.5404801518105
2026-10-21 15:00:00,125.905782106101
2026-10-21 16:00:00,109.0432417200623
2026-10-21 17:00:00,124.5589995969779
2026-10-21 18:00:00,118.0262225733889
2026-10-21 19:00:00,119.5380861726809
2026-10-21 20:00:00,116.4194780059545
2026-10-21 21:00:00,116.1272791024035
2026-10-21 22:00:00,136.0166970353509
2026-10-21 23:00:00,129.8012247485738
2026-10-22 00:00:00,139.9418232753536
2026-10-22 01:00:00,152.8118908356617
2026-10-22 02:00:00,162.6749886395312
2026-10-22 03:00:00,156.4395638543108
2026-10-22 04:00:00,147.9501544853207
2026-10-22 05:00:00,175.5226226869646
2026-10-22 06:00:00,170.6193871655545
2026-10-22 07:00:00,154.8077779026232
2026-10-22 08:00:00,146.8297680589301
2026-10-22 09:00:00,157.4117525883958
2026-10-22 10:00:00,149.2615852756021
2026-10-22 11:00:00,148.8223142508552
2026-10-22 12:00:00,123.7665451054421
2026-10-22 13:00:00,117.3558070900756
2026-10-22 14:00:00,107.0114476122669
2026-10-22 15:00:00,96.42921049301138
2026-10-22 16:00:00,108.7618231977265
2026-10-22 17:00:00,107.4517253325988
2026-10-22 18:00:00,102.4972698815556
2026-10-22 19:00:00,100.9200474278422
2026-10-22 20:00:00,105.3229131187909
2026-10-22 21:00:00,93.35761633357099
2026-10-22 22:00:00,97.98241322124642
2026-10-22 23:00:00,113.6023123763429
2026-10-23 00:00:00,126.016042074771
2026-10-23 01:00:00,134.5717914737783
2026-10-23 02:00:00,122.835298035549
2026-10-23 03:00:00,135.3783485878936
2026-10-23 04:00:00,135.6279094475938
2026-10-23 05:00:00,152.4721500625259
2026-10-23 06:00:00,142.4825373472846
2026-10-23 07:00:00,137.31838204024
2026-10-23 08:00:00,140.1681565228693
2026-10-23 09:00:00,136.1004020456552
2026-10-23 10:00:00,118.3572099762023
2026-10-23 11:00:00,121.8762473547405
2026-10-23 12:00:00,100.7735951736348
2026-10-23 13:00:00,99.5289291759131
2026-10-23 14:00:00,95.1964436282009
2026-10-23 15:00:00,88.81735831112334
2026-10-23 16:00:00,83.11528104756103
2026-10-23 17:00:00,77.18295071527847
2026-10-23 18:00:00,79.64389611336382
2026-10-23 19:00:00,87.21339599944412
2026-10-23 20:00:00,89.76041413826024
2026-10-23 21:00:00,95.95772454662719
2026-10-23 22:00:00,102.5229627841777
2026-10-23 23:00:00,102.9779812094358
2026-10-24 00:00:00,120.6779454637431
2026-10-24 01:00:00,118.2377644635698
2026-10-24 02:00:00,127.4390169826986
2026-10-24 03:00:00,146.4528975475535
2026-10-24 04:00:00,140.3101358430203
2026-10-24 05:00:00,139.3174474127364
2026-10-24 06:00:00,130.5636355958693
2026-10-24 07:00:00,129.1498877528615
2026-10-24 08:00:00,131.5550578668253
2026-10-24 09:00:00,131.0233462885944
2026-10-24 10:00:00,123.7858693962066
2026-10-24 11:00:00,115.5454517362475
2026-10-24 12:00:00,110.1221976935323
2026-10-24 13:00:00,109.2872999874969
2026-10-24 14:00:00,100.9746815549403
2026-10-24 15:00:00,96.335901817745
2026-10-24 16:00:00,80.25002386281197
2026-10-24 17:00:00,85.80547003963557
2026-10-24 18:00:00,84.51623827315413
2026-10-24 19:00:00,88.70660112708856
2026-10-24 20:00:00,88.04963830001759
2026-10-24 21:00:00,85.15951633690094
2026-10-24 22:00:00,98.00709764665373
2026-10-24 23:00:00,96.02589978226695
2026-10-25 00:00:00,99.79111248514366
2026-10-25 01:00:00,126.4150342134767
2026-10-25 02:00:00,127.9091310397644
2026-10-25 03:00:00,128.599424022896
2026-10-25 04:00:00,140.033567861474
2026-10-25 05:00:00,137.4642658155401
2026-10-25 06:00:00,145.1072716698442
2026-10-25 07:00:00,135.8965290478123
2026-10-25 08:00:00,149.9159664041835
2026-10-25 09:00:00,138.7089969134429
2026-10-25 10:00:00,142.4757053627481
2026-10-25 11:00:00,120.8160599223787
2026-10-25 12:00:00,120.3925108080911
2026-10-25 13:00:00,110.733133789343
2026-10-25 14:00:00,102.0270337394123
2026-10-25 15:00:00,94.6080780182068
2026-10-25 16:00:00,99.37940275693371
2026-10-25 17:00:00,91.37427986170687
2026-10-25 18:00:00,104.720720011259
2026-10-25 19:00:00,103.057621338234
2026-10-25 20:00:00,109.0930100499628
2026-10-25 21:00:00,100.9353429081022
2026-10-25 22:00:00,121.2032866790497
2026-10-25 23:00:00,130.8188195973729
2026-10-26 00:00:00,129.1841603078583
2026-10-26 01:00:00,137.9534086635033
2026-10-26 02:00:00,157.5495263356175
2026-10-26 03:00:00,160.4791527103529
2026-10-26 04:00:00,145.1665621935147
2026-10-26 05:00:00,175.2801888698137
2026-10-26 06:00:00,169.5851767886073
2026-10-26 07:00:00,155.8796202885367
2026-10-26 08:00:00,163.5748142082911
2026-10-26 09:00:00,145.0399519278224
2026-10-26 10:00:00,158.5690747896938
2026-10-26 11:00:00,150.9987389049989
2026-10-26 12:00:00,129.7210263105585
2026-10-26 13:00:00,124.9277860105397
2026-10-26 14:00:00,126.1976504920219
2026-10-26 15:00:00,105.9147903896516
2026-10-26 16:00:00,121.0949533630618
2026-10-26 17:00:00,106.2683280330792
2026-10-26 18:00:00,116.2968313735356
2026-10-26 19:00:00,122.1707519154798
2026-10-26 20:00:00,113.8755269988957
2026-10-26 21:00:00,112.9501097104609
2026-10-26 22:00:00,126.5543332501167
2026-10-26 23:00:00,139.337567724619
2026-10-27 00:00:00,142.9436993855458
2026-10-27 01:00:00,144.9314085035029
2026-10-27 02:00:00,172.5600963936145
2026-10-27 03:00:00,173.5897209328544
2026-10-27 04:00:00,172.8821251073315
2026-10-27 05:00:00,166.0049191482509
2026-10-27 06:00:00,165.7447848947136
2026-10-27 07:00:00,162.2530649099177
2026-10-27 08:00:00,161.7541466842398
2026-10-27 09:00:00,172.1913567786393
2026-10-27 10:00:00,157.6593585295476
2026-10-27 11:00:00,142.0206445004136
2026-10-27 12:00:00,136.9765321697373
2026-10-27 13:00:00,148.4875758016374
2026-10-27 14:00:00,119.5230662516474
2026-10-27 15:00:00,134.9990361620855
2026-10-27 16:00:00,120.3053131234216
2026-10-27 17:00:00,112.4205574211329
2026-10-27 18:00:00,125.4454833312738
2026-10-27 19:00:00,125.5429850335654
2026-10-27 20:00:00,115.1265344240573
2026-10-27 21:00:00,125.5218678753667
2026-10-27 22:00:00,144.6575038933093
2026-10-27 23:00:00,142.4514371798739
2026-10-28 00:00:00,145.7616964369047
2026-10-28 01:00:00,165.664895976956
2026-10-28 02:00:00,176.1202507488686
2026-10-28 03:00:00,163.9292164642934
2026-10-28 04:00:00,158.172691901251
2026-10-28 05:00:00,169.7659786032396
2026-10-28 06:00:00,169.363861047612
2026-10-28 07:00:00,170.9361226163116
2026-10-28 08:00:00,185.2200100991212
2026-10-28 09:00:00,170.4344232294783
2026-10-28 10:00:00,170.7406524410053
2026-10-28 11:00:00,146.6897407448862
2026-10-28 12:00:00,150.0894837890334
2026-10-28 13:00:00,121.9502648329422
2026-10-28 14:00:00,133.8803478011708
2026-10-28 15:00:00,113.9358246976662
2026-10-28 16:00:00,108.6383988518915
2026-10-28 17:00:00,103.0617327173205
2026-10-28 18:00:00,109.191025948224
2026-10-28 19:00:00,105.5932552420983
2026-10-28 20:00:00,112.3610481182001
2026-10-28 21:00:00,126.5353256995672
2026-10-28 22:00:00,118.6989024824919
2026-10-28 23:00:00,125.661235927814
2026-10-29 00:00:00,140.2310294054562
2026-10-29 01:00:00,140.6073933907774
2026-10-29 02:00:00,150.5412548660395
2026-10-29 03:00:00,148.8512826440886
2026-10-29 04:00:00,169.9933384792192
2026-10-29 05:00:00,155.3234093103754
2026-10-29 06:00:00,154.508429513872
2026-10-29 07:00:00,165.4484958224706
2026-10-29 08:00:00,153.8745367065698
2026-10-29 09:00:00,153.5944585648524
2026-10-29 10:00:00,155.3176280469589
2026-10-29 11:00:00,144.1608432285346
2026-10-29 12:00:00,137.6929067987985
2026-10-29 13:00:00,106.7656491092086
2026-10-29 14:00:00,112.0360992803282
2026-10-29 15:00:00,104.3513460337916
2026-10-29 16:00:00,100.5162559159581
2026-10-29 17:00:00,94.27295355456127
2026-10-29 18:00:00,87.11714188516305
2026-10-29 19:00:00,91.14068872791862
2026-10-29 20:00:00,96.18224609789567
2026-10-29 21:00:00,111.3745830699901
2026-10-29 22:00:00,112.6714174110786
2026-10-29 23:00:00,125.8235072845844
2026-10-30 00:00:00,112.5717156830024
2026-10-30 01:00:00,132.7425994118447
2026-10-30 02:00:00,133.3716922538557
2026-10-30 03:00:00,140.307762321297
2026-10-30 04:00:00,129.7819814952133
2026-10-30 05:00:00,147.9993067281982
2026-10-30 06:00:00,138.5386207547513
2026-10-30 07:00:00,144.5510248056804
2026-10-30 08:00:00,149.481948176365
2026-10-30 09:00:00,125.672294403211
2026-10-30 10:00:00,112.2493231709908
2026-10-30 11:00:00,124.307227025433
2026-10-30 12:00:00,99.90554180748194
2026-10-30 13:00:00,100.5528667938502
2026-10-30 14:00:00,89.28236882908202
2026-10-30 15:00:00,77.63048493548466
2026-10-30 16:00:00,75.21665505208999
2026-10-30 17:00:00,83.20887122570096
2026-10-30 18:00:00,87.32393831263448
2026-10-30 19:00:00,82.43777060601202
2026-10-30 20:00:00,77.75597524563445
2026-10-30 21:00:00,88.03896177684602
2026-10-30 22:00:00,97.65392378241171
2026-10-30 23:00:00,97.57937211233629
2026-10-31 00:00:00,118.2374099355007
2026-10-31 01:00:00,133.2383681679397
2026-10-31 02:00:00,128.2236699077603
2026-10-31 03:00:00,142.7105177217563
2026-10-31 04:00:00,131.2367387849135
2026-10-31 05:00:00,130.1747813883184
2026-10-31 06:00:00,132.8883677490037
2026-10-31 07:00:00,131.2589706252028
2026-10-31 08:00:00,120.0543614294937
2026-10-31 09:00:00,114.1904332239955
2026-10-31 10:00:00,111.3444139999003
2026-10-31 11:00:00,121.0261132630594
2026-10-31 12:00:00,106.3514513274426
2026-10-31 13:00:00,99.29372256684341
2026-10-31 14:00:00,81.52364417231517
2026-10-31 15:00:00,78.05131549776543
2026-10-31 16:00:00,83.41290016336521
2026-10-31 17:00:00,79.93743225067828
2026-10-31 18:00:00,81.67493960506312
2026-10-31 19:00:00,79.82106188154009
2026-10-31 20:00:00,84.54430032683537
2026-10-31 21:00:00,83.46940477656293
2026-10-31 22:00:00,94.6323575546049
2026-10-31 23:00:00,95.88721884674844
2026-11-01 00:00:00,105.1093292026748
2026-11-01 01:00:00,127.5857141050683
2026-11-01 02:00:00,124.3974611422072
2026-11-01 03:00:00,137.8627872290942
2026-11-01 04:00:00,124.6884230756616
2026-11-01 05:00:00,147.4988892471129
2026-11-01 06:00:00,137.2794284590781
2026-11-01 07:00:00,135.8070747672719
2026-11-01 08:00:00,133.3433665953868
2026-11-01 09:00:00,142.3729488501652
2026-11-01 10:00:00,135.4965499116606
2026-11-01 11:00:00,122.4616969494962
2026-11-01 12:00:00,109.5417762316385
2026-11-01 13:00:00,103.8349038983403
2026-11-01 14:00:00,93.17579285332992
2026-11-01 15:00:00,85.8837055214621
2026-11-01 16:00:00,92.22544735508338
2026-11-01 17:00:00,82.79487541053592
2026-11-01 18:00:00,86.45663021191345
2026-11-01 19:00:00,94.79731093559036
2026-11-01 20:00:00,101.7868120372652
2026-11-01 21:00:00,102.2612624537096
2026-11-01 22:00:00,104.8051307040911
2026-11-01 23:00:00,124.8894614639301
2026-11-02 00:00:00,134.6140900630948
2026-11-02 01:00:00,128.4701116381988
2026-11-02 02:00:00,139.6252519858212
2026-11-02 03:00:00,165.3483458412911
2026-11-02 04:00:00,151.1078422227583
2026-11-02 05:00:00,160.3167337095371
2026-11-02 06:00:00,169.3035948670797
2026-11-02 07:00:00,151.1611934926192
2026-11-02 08:00:00,144.9792345168416
2026-11-02 09:00:00,142.8441574011536
2026-11-02 10:00:00,146.4770475348465
2026-11-02 11:00:00,144.9251239304172
2026-11-02 12:00:00,138.4091874070073
2026-11-02 13:00:00,113.784459587273
2026-11-02 14:00:00,120.2743671923887
2026-11-02 15:00:00,105.5563024185003
2026-11-02 16:00:00,102.19890012704
2026-11-02 17:00:00,104.5934685878128
2026-11-02 18:00:00,115.4901764191112
2026-11-02 19:00:00,115.8075322784897
2026-11-02 20:00:00,112.2868822127808
2026-11-02 21:00:00,123.836628212998
2026-11-02 22:00:00,113.9813431971067
2026-11-02 23:00:00,123.8746783997252
2026-11-03 00:00:00,130.7945095817428
2026-11-03 01:00:00,142.0249991585353
2026-11-03 02:00:00,166.6879990278215
2026-11-03 03:00:00,157.4777669025591
2026-11-03 04:00:00,171.8881360267312
2026-11-03 05:00:00,187.3882984932155
2026-11-03 06:00:00,169.9490982255623
2026-11-03 07:00:00,188.2267461287412
2026-11-03 08:00:00,163.5393049416446
2026-11-03 09:00:00,159.8094945351627
2026-11-03 10:00:00,169.9860885297588
2026-11-03 11:00:00,167.0750145285655
2026-11-03 12:00:00,142.5601801015166
2026-11-03 13:00:00,134.0177746906341
2026-11-03 14:00:00,144.930967485443
2026-11-03 15:00:00,137.7584425167092
2026-11-03 16:00:00,121.6304756920197
2026-11-03 17:00:00,108.558447046336
2026-11-03 18:00:00,117.7819148853112
2026-11-03 19:00:00,111.6312368199061
2026-11-03 20:00:00,115.9073318748289
2026-11-03 21:00:00,133.9881881390028
2026-11-03 22:00:00,134.0735168366757
2026-11-03 23:00:00,124.8497916363302
2026-11-04 00:00:00,134.9917245004066
2026-11-04 01:00:00,153.9513907070805
2026-11-04 02:00:00,147.3099205470591
2026-11-04 03:00:00,179.5719309519438
2026-11-04 04:00:00,159.0896495872085
2026-11-04 05:00:00,160.981815925607
2026-11-04 06:00:00,165.0952669461619
2026-11-04 07:00:00,184.3164719545568
2026-11-04 08:00:00,179.2953766093535
2026-11-04 09:00:00,177.6690402799032
2026-11-04 10:00:00,144.6399190459964
2026-11-04 11:00:00,151.9580158530333
2026-11-04 12:00:00,132.582361676173
2026-11-04 13:00:00,122.1388987238873
2026-11-04 14:00:00,128.1472496328615
2026-11-04 15:00:00,114.7716163831254
2026-11-04 16:00:00,119.2823233495381
2026-11-04 17:00:00,112.302592038753
2026-11-04 18:00:00,116.0734330332211
2026-11-04 19:00:00,114.6460435303775
2026-11-04 20:00:00,113.1669369551929
2026-11-04 21:00:00,103.0376396873814
2026-11-04 22:00:00,131.1264764345195
2026-11-04 23:00:00,128.5523735580623
2026-11-05 00:00:00,130.5229507061849
2026-11-05 01:00:00,126.7969270289719
2026-11-05 02:00:00,150.6863958702295
2026-11-05 03:00:00,166.983346138755
2026-11-05 04:00:00,145.4181043734505
2026-11-05 05:00:00,173.1105197280706
2026-11-05 06:00:00,168.9189997236081
2026-11-05 07:00:00,143.5230672610361
2026-11-05 08:00:00,162.8819773412562
2026-11-05 09:00:00,134.6725654483026
2026-11-05 10:00:00,139.903868787342
2026-11-05 11:00:00,126.9039047653041
2026-11-05 12:00:00,135.2150402367492
2026-11-05 13:00:00,122.0502482103161
2026-11-05 14:00:00,114.7419737606302
2026-11-05 15:00:00,103.9710829657756
2026-11-05 16:00:00,94.58271404448003
2026-11-05 17:00:00,97.11536948313953
2026-11-05 18:00:00,95.06337833238409
2026-11-05 19:00:00,91.84016582608307
2026-11-05 20:00:00,91.80755645961878
2026-11-05 21:00:00,89.205898931257
2026-11-05 22:00:00,94.74955195741117
2026-11-05 23:00:00,99.97470462870562
2026-11-06 00:00:00,113.9962033046085
2026-11-06 01:00:00,110.5150130189544
2026-11-06 02:00:00,114.7462675344836
2026-11-06 03:00:00,123.6848823457503
2026-11-06 04:00:00,128.9581545726738
2026-11-06 05:00:00,127.4830972371145
2026-11-06 06:00:00,137.3173020059335
2026-11-06 07:00:00,147.4729001918298
2026-11-06 08:00:00,128.1226708406582
2026-11-06 09:00:00,141.7113691113382
2026-11-06 10:00:00,126.2069627920297
2026-11-06 11:00:00,122.3903403562069
2026-11-06 12:00:00,110.8049752169357
2026-11-06 13:00:00,105.0250959432091
2026-11-06 14:00:00,92.1806654084493
2026-11-06 15:00:00,96.18983537485997
2026-11-06 16:00:00,89.03128141377418
2026-11-06 17:00:00,72.27928646849013
2026-11-06 18:00:00,70.39845759447496
2026-11-06 19:00:00,82.22398420662255
2026-11-06 20:00:00,80.06935458725495
2026-11-06 21:00:00,79.80551293426728
2026-11-06 22:00:00,92.48296944100551
2026-11-06 23:00:00,95.07675400073889
2026-11-07 00:00:00,101.3503931652841
2026-11-07 01:00:00,106.0716364465168
2026-11-07 02:00:00,127.9501189137395
2026-11-07 03:00:00,127.6713931393506
2026-11-07 04:00:00,132.0296138217645
2026-11-07 05:00:00,133.7662901487865
2026-11-07 06:00:00,136.5086925599356
2026-11-07 07:00:00,125.2445200913613
2026-11-07 08:00:00,129.281446052934
2026-11-07 09:00:00,134.6687180879496
2026-11-07 10:00:00,119.7496984267916
2026-11-07 11:00:00,105.7024257718428
2026-11-07 12:00:00,98.08354956361688
2026-11-07 13:00:00,91.41112969707711
2026-11-07 14:00:00,90.84782768690941
2026-11-07 15:00:00,78.3088521315697
2026-11-07 16:00:00,73.00790111471846
2026-11-07 17:00:00,81.41197242376349
2026-11-07 18:00:00,68.78504812360858
2026-11-07 19:00:00,78.59204642709172
2026-11-07 20:00:00,84.49572124063384
2026-11-07 21:00:00,89.48084392266851
2026-11-07 22:00:00,93.40085132669859
2026-11-07 23:00:00,96.81393838402737
2026-11-08 00:00:00,115.4071079803648
2026-11-08 01:00:00,120.2091294914033
2026-11-08 02:00:00,123.1779589013101
2026-11-08 03:00:00,128.730048305417
2026-11-08 04:00:00,142.5733499170222
2026-11-08 05:00:00,142.0851981133071
2026-11-08 06:00:00,142.0339537520081
2026-11-08 07:00:00,129.991816892861
2026-11-08 08:00:00,134.6165863987808
2026-11-08 09:00:00,132.5601900345261
2026-11-08 10:00:00,119.5798576340989
2026-11-08 11:00:00,127.5350047218876
2026-11-08 12:00:00,117.0058491037409
2026-11-08 13:00:00,106.0455334191031
2026-11-08 14:00:00,105.489289650579
2026-11-08 15:00:00,93.12086362139947
2026-11-08 16:00:00,87.56263448236207
2026-11-08 17:00:00,84.13775792773376
2026-11-08 18:00:00,85.7825562002272
2026-11-08 19:00:00,87.38048692325269
2026-11-08 20:00:00,87.73575353009869
2026-11-08 21:00:00,106.4318715433964
2026-11-08 22:00:00,93.92621123198221
2026-11-08 23:00:00,116.0007550749005
2026-11-09 00:00:00,130.3210047230991
2026-11-09 01:00:00,123.8910380817921
2026-11-09 02:00:00,149.963071149604
2026-11-09 03:00:00,148.3850202111016
2026-11-09 04:00:00,152.8262425447519
2026-11-09 05:00:00,146.3040916855179
2026-11-09 06:00:00,162.5079557440509
2026-11-09 07:00:00,154.7217736881179
2026-11-09 08:00:00,162.0126213827521
2026-11-09 09:00:00,141.773211236858
2026-11-09 10:00:00,145.7726086614194
2026-11-09 11:00:00,139.4256859728493
2026-11-09 12:00:00,125.1830764206657
2026-11-09 13:00:00,129.488004834503
2026-11-09 14:00:00,126.4476254881761
2026-11-09 15:00:00,121.3021409905637
2026-11-09 16:00:00,114.3142050914378
2026-11-09 17:00:00,108.7927491605564
2026-11-09 18:00:00,116.3283948156779
2026-11-09 19:00:00,100.6964474270217
2026-11-09 20:00:00,110.7123254956146
2026-11-09 21:00:00,106.5956540963621
2026-11-09 22:00:00,123.1477349977717
2026-11-09 23:00:00,122.2067964688507
2026-11-10 00:00:00,135.757072181373
2026-11-10 01:00:00,155.5507297391808
2026-11-10 02:00:00,159.8420158994984
2026-11-10 03:00:00,165.6402296792292
2026-11-10 04:00:00,155.3380922343484
2026-11-10 05:00:00,167.3909565188661
2026-11-10 06:00:00,175.5569956035309
2026-11-10 07:00:00,155.9712548645094
2026-11-10 08:00:00,165.1380948555615
2026-11-10 09:00:00,173.0192333775274
2026-11-10 10:00:00,169.7177899203877
2026-11-10 11:00:00,155.5649682507756
2026-11-10 12:00:00,131.7917410524167
2026-11-10 13:00:00,122.7068802573295
2026-11-10 14:00:00,135.0474129596141
2026-11-10 15:00:00,121.4661992572065
2026-11-10 16:00:00,127.5353924472286
2026-11-10 17:00:00,114.8624643608233
2026-11-10 18:00:00,110.5004567911076
2026-11-10 19:00:00,111.0741768899327
2026-11-10 20:00:00,116.9001881240397
2026-11-10 21:00:00,123.1509049522247
2026-11-10 22:00:00,118.8211363037536
2026-11-10 23:00:00,140.6764488417316
2026-11-11 00:00:00,143.7468259530783
2026-11-11 01:00:00,138.2741230301961
2026-11-11 02:00:00,156.4400934329178
2026-11-11 03:00:00,170.5652886386521
2026-11-11 04:00:00,169.8525220752894
2026-11-11 05:00:00,166.1137734868186
2026-11-11 06:00:00,157.126951783135
2026-11-11 07:00:00,163.405039970732
2026-11-11 08:00:00,181.2446518845896
2026-11-11 09:00:00,145.4238591171811
2026-11-11 10:00:00,147.0044146477578
2026-11-11 11:00:00,139.2506174935839
2026-11-11 12:00:00,128.4295539641939
2026-11-11 13:00:00,135.1949660534278
2026-11-11 14:00:00,130.6799871615164
2026-11-11 15:00:00,116.7307252518585
2026-11-11 16:00:00,117.5674648772336
2026-11-11 17:00:00,114.9563682248505
2026-11-11 18:00:00,103.1742684454055
2026-11-11 19:00:00,95.78904800428565
2026-11-11 20:00:00,114.3976132387822
2026-11-11 21:00:00,101.7612287874531
2026-11-11 22:00:00,106.221251112125
2026-11-11 23:00:00,116.4616906680126
2026-11-12 00:00:00,120.9782110241961
2026-11-12 01:00:00,127.8898862805113
2026-11-12 02:00:00,144.6588559546304
2026-11-12 03:00:00,160.8408887110339
2026-11-12 04:00:00,139.7254037691912
2026-11-12 05:00:00,148.3416936981418
2026-11-12 06:00:00,164.7323424755835
2026-11-12 07:00:00,139.399671414168
2026-11-12 08:00:00,155.2926155629164
2026-11-12 09:00:00,153.7379065846684
2026-11-12 10:00:00,132.6451811905499
2026-11-12 11:00:00,138.6328717391168
2026-11-12 12:00:00,114.2909576316481
2026-11-12 13:00:00,120.2509951916974
2026-11-12 14:00:00,112.6193921756891
2026-11-12 15:00:00,105.7064533535783
2026-11-12 16:00:00,101.5960967523129
2026-11-12 17:00:00,84.92584492746495
2026-11-12 18:00:00,82.30313841033127
2026-11-12 19:00:00,83.92682806435465
2026-11-12 20:00:00,90.91065378603555
2026-11-12 21:00:00,81.93957274707623
2026-11-12 22:00:00,93.42533372112307
2026-11-12 23:00:00,94.094420538324
2026-11-13 00:00:00,102.7643412848293
2026-11-13 01:00:00,105.2187012863818
2026-11-13 02:00:00,108.8830336448093
2026-11-13 03:00:00,126.4073867618054
2026-11-13 04:00:00,131.1811210313257
2026-11-13 05:00:00,141.8025021028436
2026-11-13 06:00:00,137.1729443656199
2026-11-13 07:00:00,142.7299078357388
2026-11-13 08:00:00,127.2010673319851
2026-11-13 09:00:00,139.9961394944274
2026-11-13 10:00:00,125.1777930611113
2026-11-13 11:00:00,113.4083408703712
2026-11-13 12:00:00,95.42805978052154
2026-11-13 13:00:00,98.96868564926831
2026-11-13 14:00:00,85.56910415329386
2026-11-13 15:00:00,74.0058647796238
2026-11-13 16:00:00,79.2362745631788
2026-11-13 17:00:00,71.0192099123584
2026-11-13 18:00:00,69.57737436730498
2026-11-13 19:00:00,69.5131021682666
2026-11-13 20:00:00,73.3422504556676
2026-11-13 21:00:00,76.16456995312276
2026-11-13 22:00:00,91.70327439084213
2026-11-13 23:00:00,108.0751815535565
2026-11-14 00:00:00,102.2814229181509
2026-11-14 01:00:00,109.315779810019
2026-11-14 02:00:00,122.8279523747442
2026-11-14 03:00:00,137.4405481228559
2026-11-14 04:00:00,126.7857910940988
2026-11-14 05:00:00,136.1673123082684
2026-11-14 06:00:00,139.04125960178
2026-11-14 07:00:00,138.8045977822772
2026-11-14 08:00:00,133.9010302342844
2026-11-14 09:00:00,115.9357617251022
2026-11-14 10:00:00,110.5703577076562
2026-11-14 11:00:00,106.0952129482212
2026-11-14 12:00:00,86.24127167893013
2026-11-14 13:00:00,82.26274023804112
2026-11-14 14:00:00,75.23098809223433
2026-11-14 15:00:00,76.70360328388915
2026-11-14 16:00:00,69.69558016457268
2026-11-14 17:00:00,73.72706798583287
2026-11-14 18:00:00,72.44028886033408
2026-11-14 19:00:00,77.97080402613663
2026-11-14 20:00:00,84.94216316752241
2026-11-14 21:00:00,88.76739526058314
2026-11-14 22:00:00,86.66104052309673
2026-11-14 23:00:00,99.07442441076437
2026-11-15 00:00:00,108.2989395063528
2026-11-15 01:00:00,111.1247164301237
2026-11-15 02:00:00,118.3429143681328
2026-11-15 03:00:00,126.8977128200667
2026-11-15 04:00:00,144.3862781322002
2026-11-15 05:00:00,134.2471722446688
2026-11-15 06:00:00,126.4465593017078
2026-11-15 07:00:00,131.1536849041786
2026-11-15 08:00:00,132.520047962724
2026-11-15 09:00:00,135.2628952776365
2026-11-15 10:00:00,126.439153300264
2026-11-15 11:00:00,113.5870157849409
2026-11-15 12:00:00,113.2584251702285
2026-11-15 13:00:00,105.3623652192379
2026-11-15 14:00:00,97.68177891385582
2026-11-15 15:00:00,84.31092585893295
2026-11-15 16:00:00,85.33762788055203
2026-11-15 17:00:00,81.12998433277201
2026-11-15 18:00:00,91.5856936976533
2026-11-15 19:00:00,97.36715381249172
2026-11-15 20:00:00,94.01260989428843
2026-11-15 21:00:00,94.55310631365424
2026-11-15 22:00:00,115.1793200688498
2026-11-15 23:00:00,123.1710843247384
2026-11-16 00:00:00,132.0822296064309
2026-11-16 01:00:00,141.3670541494065
2026-11-16 02:00:00,129.8588045675318
2026-11-16 03:00:00,150.8347046031097
2026-11-16 04:00:00,160.5357967069434
2026-11-16 05:00:00,138.459130945863
2026-11-16 06:00:00,162.123356111958
2026-11-16 07:00:00,153.3738418777062
2026-11-16 08:00:00,161.8061998409651
2026-11-16 09:00:00,136.7133794021677
2026-11-16 10:00:00,148.4206642579091
2026-11-16 11:00:00,137.7326107374117
2026-11-16 12:00:00,138.0528341500996
2026-11-16 13:00:00,122.3677707410129
2026-11-16 14:00:00,118.4157987039935
2026-11-16 15:00:00,101.7481292965158
2026-11-16 16:00:00,95.17024663523858
2026-11-16 17:00:00,103.410049486174
2026-11-16 18:00:00,103.7718694173077
2026-11-16 19:00:00,99.51532213992186
2026-11-16 20:00:00,116.0620172753872
2026-11-16 21:00:00,102.1835578909406
2026-11-16 22:00:00,109.6291544457322
2026-11-16 23:00:00,113.7983238841263
2026-11-17 00:00:00,129.4159132333229
2026-11-17 01:00:00,142.1081490087373
2026-11-17 02:00:00,141.4903987122451
2026-11-17 03:00:00,163.8956691230658
2026-11-17 04:00:00,168.3873589342227
2026-11-17 05:00:00,177.5456944318005
2026-11-17 06:00:00,152.9791230583488
2026-11-17 07:00:00,172.5848242904574
2026-11-17 08:00:00,170.3255933832822
2026-11-17 09:00:00,163.9824810648651
2026-11-17 10:00:00,151.764170957463
2026-11-17 11:00:00,156.4618238350639
2026-11-17 12:00:00,128.2355701825969
2026-11-17 13:00:00,139.3176961498679
2026-11-17 14:00:00,113.4344982357737
2026-11-17 15:00:00,120.0293708184139
2026-11-17 16:00:00,106.9110168030943
2026-11-17 17:00:00,111.8944800534268
2026-11-17 18:00:00,102.3236221673404
2026-11-17 19:00:00,116.5834573316341
2026-11-17 20:00:00,116.8034148938098
2026-11-17 21:00:00,121.0031622006711
2026-11-17 22:00:00,132.5430586706729
2026-11-17 23:00:00,142.7412485718057
2026-11-18 00:00:00,156.2082658547791
2026-11-18 01:00:00,140.1471014633083
2026-11-18 02:00:00,155.9560459827889
2026-11-18 03:00:00,171.1143657577531
2026-11-18 04:00:00,177.6844692429192
2026-11-18 05:00:00,166.3662445289241
2026-11-18 06:00:00,174.1984437601502
2026-11-18 07:00:00,171.0032047557182
2026-11-18 08:00:00,154.7953690588324
2026-11-18 09:00:00,152.121081414778
2026-11-18 10:00:00,153.5370156675943
2026-11-18 11:00:00,126.0986189622096
2026-11-18 12:00:00,135.4333659268905
2026-11-18 13:00:00,123.8524403417877
2026-11-18 14:00:00,105.2586680856483
2026-11-18 15:00:00,99.10900032293287
2026-11-18 16:00:00,103.3229489575369
2026-11-18 17:00:00,100.0311105713083
2026-11-18 18:00:00,100.2999101642455
2026-11-18 19:00:00,96.61684268411888
2026-11-18 20:00:00,103.2961023009821
2026-11-18 21:00:00,116.4614795753175
2026-11-18 22:00:00,122.2220000803932
2026-11-18 23:00:00,127.9158709643903
2026-11-19 00:00:00,134.7069159855134
2026-11-19 01:00:00,140.850691433561
2026-11-19 02:00:00,132.1475978781316
2026-11-19 03:00:00,136.7140079695583
2026-11-19 04:00:00,147.8388237952615
2026-11-19 05:00:00,143.4325909127386
2026-11-19 06:00:00,147.2228508346865
2026-11-19 07:00:00,163.2662090392233
2026-11-19 08:00:00,159.2394248004658
2026-11-19 09:00:00,131.3442948353996
2026-11-19 10:00:00,124.2821384294971
2026-11-19 11:00:00,121.8839182893148
2026-11-19 12:00:00,105.6834816966441
2026-11-19 13:00:00,101.8231734415413
2026-11-19 14:00:00,102.8070600858047
2026-11-19 15:00:00,102.7618308016754
2026-11-19 16:00:00,83.23346036898779
2026-11-19 17:00:00,78.66231103299341
2026-11-19 18:00:00,84.88864511594615
2026-11-19 19:00:00,77.97285453023184
2026-11-19 20:00:00,96.11953061689869
2026-11-19 21:00:00,97.8318679430442
2026-11-19 22:00:00,105.9948678944802
2026-11-19 23:00:00,113.8884274995774
2026-11-20 00:00:00,108.6597154821109
2026-11-20 01:00:00,110.5488320241122
2026-11-20 02:00:00,124.4058226531694
2026-11-20 03:00:00,142.528412634403
2026-11-20 04:00:00,140.0042593732667
2026-11-20 05:00:00,128.0464013364155
2026-11-20 06:00:00,135.9936748655322
2026-11-20 07:00:00,137.9815953758552
2026-11-20 08:00:00,138.4347842221881
2026-11-20 09:00:00,128.5138823069947
2026-11-20 10:00:00,108.8658567648385
2026-11-20 11:00:00,103.8982342078696
2026-11-20 12:00:00,102.6812049577333
2026-11-20 13:00:00,85.61332617828836
2026-11-20 14:00:00,78.10569306124849
2026-11-20 15:00:00,73.20614818067467
2026-11-20 16:00:00,68.6508904371383
2026-11-20 17:00:00,72.12302125918673
2026-11-20 18:00:00,76.00746226515574
2026-11-20 19:00:00,77.53971487064716
2026-11-20 20:00:00,74.69561481031664
2026-11-20 21:00:00,75.68168337116866
2026-11-20 22:00:00,89.48145641812437
2026-11-20 23:00:00,96.13857137358663
2026-11-21 00:00:00,113.6367090969047
2026-11-21 01:00:00,114.7525052308639
2026-11-21 02:00:00,126.1822158704313
2026-11-21 03:00:00,118.3901420203495
2026-11-21 04:00:00,121.9608215417608
2026-11-21 05:00:00,137.5792617412706
2026-11-21 06:00:00,120.2949192769815
2026-11-21 07:00:00,121.9528196854836
2026-11-21 08:00:00,113.3013840980903
2026-11-21 09:00:00,125.9697852671177
2026-11-21 10:00:00,119.471828532817
2026-11-21 11:00:00,98.08361855435508
2026-11-21 12:00:00,101.6180842972942
2026-11-21 13:00:00,98.60806636610575
2026-11-21 14:00:00,77.64634398460252
2026-11-21 15:00:00,75.29459637030881
2026-11-21 16:00:00,72.13872286052737
2026-11-21 17:00:00,65.08297049045616
2026-11-21 18:00:00,72.71702764036709
2026-11-21 19:00:00,73.22790030569105
2026-11-21 20:00:00,68.37002928096908
2026-11-21 21:00:00,80.55425966533907
2026-11-21 22:00:00,78.50268154542636
2026-11-21 23:00:00,92.15987356025926
2026-11-22 00:00:00,97.93755680264147
2026-11-22 01:00:00,100.5419365092493
2026-11-22 02:00:00,102.7138476367975
2026-11-22 03:00:00,121.8904241199915
2026-11-22 04:00:00,135.3338635998137
2026-11-22 05:00:00,119.8331634886139
2026-11-22 06:00:00,131.4810483741372
2026-11-22 07:00:00,132.0536527193569
2026-11-22 08:00:00,128.7243368638939
2026-11-22 09:00:00,128.2297863917967
2026-11-22 10:00:00,133.2552279649364
2026-11-22 11:00:00,119.1792848694577
2026-11-22 12:00:00,110.6753022997588
2026-11-22 13:00:00,105.3225673347413
2026-11-22 14:00:00,98.81644362184328
2026-11-22 15:00:00,79.8918540228579
2026-11-22 16:00:00,76.45105352928671
2026-11-22 17:00:00,78.1779764287614
2026-11-22 18:00:00,80.2794963134899
2026-11-22 19:00:00,89.73298429253293
2026-11-22 20:00:00,88.75886315299071
2026-11-22 21:00:00,104.0075565100988
2026-11-22 22:00:00,104.017058509548
2026-11-22 23:00:00,112.1351672874846
2026-11-23 00:00:00,132.5722480455719
2026-11-23 01:00:00,123.5976473960497
2026-11-23 02:00:00,124.1747927223894
2026-11-23 03:00:00,144.973085941263
2026-11-23 04:00:00,132.1933023825065
2026-11-23 05:00:00,160.8427740602041
2026-11-23 06:00:00,148.1994921295451
2026-11-23 07:00:00,149.0622844690546
2026-11-23 08:00:00,142.2754407393216
2026-11-23 09:00:00,148.3120788310166
2026-11-23 10:00:00,134.9085432323479
2026-11-23 11:00:00,125.9455647487717
2026-11-23 12:00:00,126.8135924925646
2026-11-23 13:00:00,105.5440252178331
2026-11-23 14:00:00,112.4345985322081
2026-11-23 15:00:00,103.5962735212434
2026-11-23 16:00:00,95.90459664822225
2026-11-23 17:00:00,94.09925878073017
2026-11-23 18:00:00,89.63856911139007
2026-11-23 19:00:00,95.79326620961676
2026-11-23 20:00:00,102.6371682467828
2026-11-23 21:00:00,106.9034497383953
2026-11-23 22:00:00,106.3483140778927
2026-11-23 23:00:00,122.7918675842415
2026-11-24 00:00:00,124.5956560887875
2026-11-24 01:00:00,135.6143984325012
2026-11-24 02:00:00,153.4652760028564
2026-11-24 03:00:00,158.8256786713301
2026-11-24 04:00:00,143.3313675638615
2026-11-24 05:00:00,167.628278004691
2026-11-24 06:00:00,154.8342163631202
2026-11-24 07:00:00,150.0342208774564
2026-11-24 08:00:00,156.9231620983364
2026-11-24 09:00:00,158.9725089334426
2026-11-24 10:00:00,143.3729457795006
2026-11-24 11:00:00,140.3769933475235
2026-11-24 12:00:00,125.7406455314407
2026-11-24 13:00:00,120.8299724046829
2026-11-24 14:00:00,121.3353245701691
2026-11-24 15:00:00,106.1888698067309
2026-11-24 16:00:00,104.0582976255991
2026-11-24 17:00:00,101.7940256213528
2026-11-24 18:00:00,107.0182605524734
2026-11-24 19:00:00,111.1818615665349
2026-11-24 20:00:00,111.7207510319224
2026-11-24 21:00:00,101.4594221946576
2026-11-24 22:00:00,108.5376462417808
2026-11-24 23:00:00,134.798020487829
2026-11-25 00:00:00,142.1522519832834
2026-11-25 01:00:00,146.493009020907
2026-11-25 02:00:00,137.7614006266182
2026-11-25 03:00:00,150.8229088891641
2026-11-25 04:00:00,149.352955216535
2026-11-25 05:00:00,175.5561443389735
2026-11-25 06:00:00,166.8940411049821
2026-11-25 07:00:00,156.5461520977716
2026-11-25 08:00:00,153.9081264052434
2026-11-25 09:00:00,165.8228742910746
2026-11-25 10:00:00,158.4805073717252
2026-11-25 11:00:00,150.4409622358613
2026-11-25 12:00:00,128.165393175598
2026-11-25 13:00:00,121.9522950022241
2026-11-25 14:00:00,130.3627882186585
2026-11-25 15:00:00,123.8565072371627
2026-11-25 16:00:00,110.4549705164776
2026-11-25 17:00:00,108.3380142725486
2026-11-25 18:00:00,94.93673987937038
2026-11-25 19:00:00,104.7159265312185
2026-11-25 20:00:00,107.5798738975995
2026-11-25 21:00:00,101.4557743765482
2026-11-25 22:00:00,107.9087742332338
2026-11-25 23:00:00,119.2137676724937
2026-11-26 00:00:00,128.6242553358705
2026-11-26 01:00:00,132.8297167778922
2026-11-26 02:00:00,129.5541196450308
2026-11-26 03:00:00,142.5294490550494
2026-11-26 04:00:00,147.3253027991928
2026-11-26 05:00:00,143.5313231555136
2026-11-26 06:00:00,162.8321095658221
2026-11-26 07:00:00,161.5851190732097
2026-11-26 08:00:00,142.3105668430662
2026-11-26 09:00:00,155.2466648738321
2026-11-26 10:00:00,141.0828881508523
2026-11-26 11:00:00,138.9548280995567
2026-11-26 12:00:00,111.7894440125548
2026-11-26 13:00:00,122.5781749336788
2026-11-26 14:00:00,102.7058073049114
2026-11-26 15:00:00,92.25402560661016
2026-11-26 16:00:00,96.22727349269061
2026-11-26 17:00:00,94.82948016411038
2026-11-26 18:00:00,87.38267000196431
2026-11-26 19:00:00,79.6281516736334
2026-11-26 20:00:00,85.75689613009015
2026-11-26 21:00:00,77.80367083007569
2026-11-26 22:00:00,80.08240125921171
2026-11-26 23:00:00,91.2227149328573
2026-11-27 00:00:00,92.44194906705748
2026-11-27 01:00:00,114.5301706745056
2026-11-27 02:00:00,112.8794273227551
2026-11-27 03:00:00,111.2030971524464
2026-11-27 04:00:00,134.5188506439152
2026-11-27 05:00:00,129.8388424159336
2026-11-27 06:00:00,127.0160514540596
2026-11-27 07:00:00,136.7130352911786
2026-11-27 08:00:00,138.8537829790724
2026-11-27 09:00:00,124.572786224725
2026-11-27 10:00:00,111.4880444513255
2026-11-27 11:00:00,106.3154405997744
2026-11-27 12:00:00,98.7726348938083
2026-11-27 13:00:00,89.51453033899243
2026-11-27 14:00:00,94.30031135155131
2026-11-27 15:00:00,86.95949762213354
2026-11-27 16:00:00,71.55276959173528
2026-11-27 17:00:00,70.12988256297254
2026-11-27 18:00:00,70.53043873010535
2026-11-27 19:00:00,70.53393134235877
2026-11-27 20:00:00,64.12669707782213
2026-11-27 21:00:00,70.06369926496862
2026-11-27 22:00:00,82.54551514129375
2026-11-27 23:00:00,80.69062585812075
2026-11-28 00:00:00,85.03942804430835
2026-11-28 01:00:00,107.3388683107017
2026-11-28 02:00:00,104.0035231264759
2026-11-28 03:00:00,111.8121568145998
2026-11-28 04:00:00,124.3287185011133
2026-11-28 05:00:00,116.7493387706402
2026-11-28 06:00:00,114.1563060700722
2026-11-28 07:00:00,125.2371785851628
2026-11-28 08:00:00,110.3708263653136
2026-11-28 09:00:00,115.6382529950293
2026-11-28 10:00:00,104.9331889816733
2026-11-28 11:00:00,93.67941869030324
2026-11-28 12:00:00,97.89365320387641
2026-11-28 13:00:00,80.36990069062578
2026-11-28 14:00:00,85.30356081352953
2026-11-28 15:00:00,73.56199179755527
2026-11-28 16:00:00,61.84084322510235
2026-11-28 17:00:00,62.48706559143378
2026-11-28 18:00:00,69.85209286574168
2026-11-28 19:00:00,70.773951749197
2026-11-28 20:00:00,79.31884514157812
2026-11-28 21:00:00,79.54588833092289
2026-11-28 22:00:00,91.50120419375698
2026-11-28 23:00:00,90.02083406313385
2026-11-29 00:00:00,106.7041872919934
2026-11-29 01:00:00,114.9788976829971
2026-11-29 02:00:00,115.4193877064783
2026-11-29 03:00:00,114.8007221572464
2026-11-29 04:00:00,128.2097765803008
2026-11-29 05:00:00,142.1557305414441
2026-11-29 06:00:00,118.0490717100418
2026-11-29 07:00:00,122.3186899940016
2026-11-29 08:00:00,134.7396428742954
2026-11-29 09:00:00,127.7243627937311
2026-11-29 10:00:00,109.2363699203874
2026-11-29 11:00:00,100.7214741151352
2026-11-29 12:00:00,106.2905502783525
2026-11-29 13:00:00,100.094580286348
2026-11-29 14:00:00,89.94476127502602
2026-11-29 15:00:00,81.23999760848679
2026-11-29 16:00:00,71.06981019303359
2026-11-29 17:00:00,80.97042939140499
2026-11-29 18:00:00,74.9520978883651
2026-11-29 19:00:00,76.50914599511887
2026-11-29 20:00:00,90.91104295219883
2026-11-29 21:00:00,93.23368187785694
2026-11-29 22:00:00,100.9701862713246
2026-11-29 23:00:00,118.5869564956534
2026-11-30 00:00:00,116.3843071706635
2026-11-30 01:00:00,124.9061085302222
2026-11-30 02:00:00,122.496795838424
2026-11-30 03:00:00,137.3861842778639
2026-11-30 04:00:00,156.1893353754027
2026-11-30 05:00:00,147.0250991798572
2026-11-30 06:00:00,154.2759160624289
2026-11-30 07:00:00,147.0390349312042
2026-11-30 08:00:00,147.4834690933333
2026-11-30 09:00:00,150.8935412145921
2026-11-30 10:00:00,121.3071174947745
2026-11-30 11:00:00,123.2869600689729
2026-11-30 12:00:00,121.2276274909981
2026-11-30 13:00:00,109.2536629007078
2026-11-30 14:00:00,117.326918874617
2026-11-30 15:00:00,92.7964909923146
2026-11-30 16:00:00,89.82692703599832
2026-11-30 17:00:00,94.5725490400183
2026-11-30 18:00:00,103.2164126609701
2026-11-30 19:00:00,97.8133433399728
2026-11-30 20:00:00,95.97787022659224
2026-11-30 21:00:00,95.18989024622603
2026-11-30 22:00:00,109.0293990904841
2026-11-30 23:00:00,120.8075644851256
2026-12-01 00:00:00,127.6885015890454
2026-12-01 01:00:00,122.0607354306297
2026-12-01 02:00:00,154.3293690210295
2026-12-01 03:00:00,160.0656765418522
2026-12-01 04:00:00,144.5156698886285
2026-12-01 05:00:00,159.2646159992069
2026-12-01 06:00:00,168.8702041234896
2026-12-01 07:00:00,166.7804258798659
2026-12-01 08:00:00,143.2161941381053
2026-12-01 09:00:00,162.1019986856441
2026-12-01 10:00:00,135.7780714277019
2026-12-01 11:00:00,147.7139405372658
2026-12-01 12:00:00,128.0285408819543
2026-12-01 13:00:00,113.6489431335771
2026-12-01 14:00:00,105.7805026456346
2026-12-01 15:00:00,114.7469449237658
2026-12-01 16:00:00,109.1378664594649
2026-12-01 17:00:00,99.5985806051776
2026-12-01 18:00:00,103.1962146996376
2026-12-01 19:00:00,113.4653970810916
2026-12-01 20:00:00,102.9414235964714
2026-12-01 21:00:00,124.76676878882
2026-12-01 22:00:00,121.6085769576791
2026-12-01 23:00:00,138.1837719003027
2026-12-02 00:00:00,138.4196557302458
2026-12-02 01:00:00,143.5249425285161
2026-12-02 02:00:00,147.0266737154998
2026-12-02 03:00:00,149.703657649508
2026-12-02 04:00:00,145.3341487691769
2026-12-02 05:00:00,173.4119378950086
2026-12-02 06:00:00,172.3557625046199
2026-12-02 07:00:00,167.2737951782551
2026-12-02 08:00:00,158.5302979743535
2026-12-02 09:00:00,147.1015763896428
2026-12-02 10:00:00,143.6574690699528
2026-12-02 11:00:00,125.7926323926398
2026-12-02 12:00:00,133.1560927907326
2026-12-02 13:00:00,132.5146607592981
2026-12-02 14:00:00,108.4316752446108
2026-12-02 15:00:00,111.1945066499449
2026-12-02 16:00:00,102.3513896275532
2026-12-02 17:00:00,106.145023487846
2026-12-02 18:00:00,86.37016780291759
2026-12-02 19:00:00,93.43923150791514
2026-12-02 20:00:00,104.7924947566551
2026-12-02 21:00:00,99.04686033180613
2026-12-02 22:00:00,109.2786140961756
2026-12-02 23:00:00,100.9025764704352
2026-12-03 00:00:00,114.3378793662398
2026-12-03 01:00:00,130.1693827021278
2026-12-03 02:00:00,121.1556937158368
2026-12-03 03:00:00,126.736855816923
2026-12-03 04:00:00,147.9815333482749
2026-12-03 05:00:00,132.0797382464845
2026-12-03 06:00:00,141.3443652939642
2026-12-03 07:00:00,134.7550042919809
2026-12-03 08:00:00,142.3741123709227
2026-12-03 09:00:00,133.2080733933168
2026-12-03 10:00:00,128.1453176944289
2026-12-03 11:00:00,116.1517268116915
2026-12-03 12:00:00,112.1048627906247
2026-12-03 13:00:00,108.2733841589441
2026-12-03 14:00:00,92.65875755129309
2026-12-03 15:00:00,98.00706575441818
2026-12-03 16:00:00,91.16908282842172
2026-12-03 17:00:00,78.21296224234824
2026-12-03 18:00:00,79.75671977854361
2026-12-03 19:00:00,79.56793011828282
2026-12-03 20:00:00,80.34109365566769
2026-12-03 21:00:00,88.02808499021107
2026-12-03 22:00:00,81.59545963062702
2026-12-03 23:00:00,91.02127931910697
2026-12-04 00:00:00,97.20210667454089
2026-12-04 01:00:00,101.2722216472051
2026-12-04 02:00:00,116.1466155421814
2026-12-04 03:00:00,128.2319379628744
2026-12-04 04:00:00,125.0587784593655
2026-12-04 05:00:00,127.8788842877913
2026-12-04 06:00:00,119.5479012995696
2026-12-04 07:00:00,117.7048364201734
2026-12-04 08:00:00,135.5278647792742
2026-12-04 09:00:00,127.5998701490102
2026-12-04 10:00:00,109.1064608278312
2026-12-04 11:00:00,117.0266046255997
2026-12-04 12:00:00,99.2632576394434
2026-12-04 13:00:00,99.49778516217532
2026-12-04 14:00:00,89.75348862278565
2026-12-04 15:00:00,81.9496724170158
2026-12-04 16:00:00,74.68151691360111
2026-12-04 17:00:00,72.21277102112516
2026-12-04 18:00:00,63.83484770428209
2026-12-04 19:00:00,69.33597127446295
2026-12-04 20:00:00,60.2654718910694
2026-12-04 21:00:00,66.8799323767632
2026-12-04 22:00:00,77.79559625025544
2026-12-04 23:00:00,87.80372134913893
2026-12-05 00:00:00,91.79760999194448
2026-12-05 01:00:00,96.3709039345787
2026-12-05 02:00:00,114.8014890204757
2026-12-05 03:00:00,109.1585815253919
2026-12-05 04:00:00,115.0510004555213
2026-12-05 05:00:00,119.7498747677471
2026-12-05 06:00:00,109.9214307253977
2026-12-05 07:00:00,132.4951739950637
2026-12-05 08:00:00,127.7595690282494
2026-12-05 09:00:00,105.4782255443535
2026-12-05 10:00:00,111.0852780733079
2026-12-05 11:00:00,103.2634582163604
2026-12-05 12:00:00,90.26928832649733
2026-12-05 13:00:00,80.77617294794055
2026-12-05 14:00:00,74.1549923453093
2026-12-05 15:00:00,69.26897756514458
2026-12-05 16:00:00,73.05516137056925
2026-12-05 17:00:00,59.25469753992086
2026-12-05 18:00:00,67.87293733063748
2026-12-05 19:00:00,63.19561110480215
2026-12-05 20:00:00,71.77912928242321
2026-12-05 21:00:00,74.58829161727834
2026-12-05 22:00:00,74.55253553919135
2026-12-05 23:00:00,84.89390478259425
2026-12-06 00:00:00,91.21360831141668
2026-12-06 01:00:00,103.0756028995798
2026-12-06 02:00:00,110.3516568918812
2026-12-06 03:00:00,116.6715139345406
2026-12-06 04:00:00,112.4912575249597
2026-12-06 05:00:00,114.5828877564077
2026-12-06 06:00:00,137.3989481632085
2026-12-06 07:00:00,126.4810920478995
2026-12-06 08:00:00,124.2954551300453
2026-12-06 09:00:00,130.8352621296906
2026-12-06 10:00:00,115.1036563655669
2026-12-06 11:00:00,98.50297008320318
2026-12-06 12:00:00,91.4658192749842
2026-12-06 13:00:00,90.47748747898655
2026-12-06 14:00:00,79.12088131152751
2026-12-06 15:00:00,76.95144361843187
2026-12-06 16:00:00,74.43356262327539
2026-12-06 17:00:00,68.70743126492914
2026-12-06 18:00:00,77.32671067020249
2026-12-06 19:00:00,83.6222883393212
2026-12-06 20:00:00,90.61820352287847
2026-12-06 21:00:00,88.34989381692037
2026-12-06 22:00:00,108.4196295524168
2026-12-06 23:00:00,110.3769734398826
2026-12-07 00:00:00,117.9340871393434
2026-12-07 01:00:00,120.7643105075869
2026-12-07 02:00:00,131.2141251137404
2026-12-07 03:00:00,125.1564910755791
2026-12-07 04:00:00,131.6856913800644
2026-12-07 05:00:00,145.204484860263
2026-12-07 06:00:00,145.9871786729049
2026-12-07 07:00:00,149.7750862548878
2026-12-07 08:00:00,134.5148835039971
2026-12-07 09:00:00,144.4689339738638
2026-12-07 10:00:00,125.0269390947738
2026-12-07 11:00:00,115.2027440508301
2026-12-07 12:00:00,117.9764094790241
2026-12-07 13:00:00,105.6436672813601
2026-12-07 14:00:00,102.9507056930057
2026-12-07 15:00:00,99.39031396801037
2026-12-07 16:00:00,86.89536154149475
2026-12-07 17:00:00,96.01942174351713
2026-12-07 18:00:00,94.39126827335193
2026-12-07 19:00:00,87.51506080363903
2026-12-07 20:00:00,96.06501712685935
2026-12-07 21:00:00,111.1553022081392
2026-12-07 22:00:00,113.9407856156762
2026-12-07 23:00:00,120.2300464704332
2026-12-08 00:00:00,112.3168004815018
2026-12-08 01:00:00,129.0780422018947
2026-12-08 02:00:00,151.5982601013095
2026-12-08 03:00:00,131.4405075619024
2026-12-08 04:00:00,138.7555554320607
2026-12-08 05:00:00,140.5962167307914
2026-12-08 06:00:00,160.4653165710978
2026-12-08 07:00:00,170.5120617169
2026-12-08 08:00:00,144.2371422373032
2026-12-08 09:00:00,165.0713032057106
2026-12-08 10:00:00,138.8762861564313
2026-12-08 11:00:00,148.8526797827692
2026-12-08 12:00:00,132.6303321395212
2026-12-08 13:00:00,129.1838781996819
2026-12-08 14:00:00,116.8635822829847
2026-12-08 15:00:00,112.0555331685144
2026-12-08 16:00:00,117.2452160072657
2026-12-08 17:00:00,106.5829380176603
2026-12-08 18:00:00,93.1474926607948
2026-12-08 19:00:00,99.68683235246984
2026-12-08 20:00:00,108.6624417227238
2026-12-08 21:00:00,99.82813847781361
2026-12-08 22:00:00,109.901195903675
2026-12-08 23:00:00,109.5659244853778
2026-12-09 00:00:00,126.1007669746624
2026-12-09 01:00:00,142.4911760528103
2026-12-09 02:00:00,143.8902474177091
2026-12-09 03:00:00,142.8828698213515
2026-12-09 04:00:00,139.5900050237927
2026-12-09 05:00:00,145.6210385515034
2026-12-09 06:00:00,167.3173300189125
2026-12-09 07:00:00,148.9689035938751
2026-12-09 08:00:00,162.6978114185601
2026-12-09 09:00:00,143.8300962195448
2026-12-09 10:00:00,140.572129174401
2026-12-09 11:00:00,125.4073684425718
2026-12-09 12:00:00,119.9577112516881
2026-12-09 13:00:00,128.2410205307942
2026-12-09 14:00:00,108.1407180243157
2026-12-09 15:00:00,105.2029507799354
2026-12-09 16:00:00,96.3077077168129
2026-12-09 17:00:00,94.11510551371951
2026-12-09 18:00:00,90.80979543778042
2026-12-09 19:00:00,82.96621968559162
2026-12-09 20:00:00,84.97755657169066
2026-12-09 21:00:00,90.41489341589913
2026-12-09 22:00:00,103.5628826181661
2026-12-09 23:00:00,118.1003830401705
2026-12-10 00:00:00,122.9170520984493
2026-12-10 01:00:00,115.1008836728824
2026-12-10 02:00:00,125.2033451821643
2026-12-10 03:00:00,141.6207486161128
2026-12-10 04:00:00,135.0238227335368
2026-12-10 05:00:00,146.6231188616154
2026-12-10 06:00:00,154.7381382038974
2026-12-10 07:00:00,135.2923860602127
2026-12-10 08:00:00,131.5064352949654
2026-12-10 09:00:00,120.4382795432778
2026-12-10 10:00:00,128.846137335417
2026-12-10 11:00:00,107.1312067333157
2026-12-10 12:00:00,109.9076088713027
2026-12-10 13:00:00,101.3218012604846
2026-12-10 14:00:00,92.6094181077919
2026-12-10 15:00:00,82.07277976669072
2026-12-10 16:00:00,78.22122247920802
2026-12-10 17:00:00,75.44836562460041
2026-12-10 18:00:00,72.22022537543022
2026-12-10 19:00:00,76.23091389138372
2026-12-10 20:00:00,75.8505431257654
2026-12-10 21:00:00,85.00023950461464
2026-12-10 22:00:00,84.45148909256015
2026-12-10 23:00:00,93.47145656460108
2026-12-11 00:00:00,89.89174792419786
2026-12-11 01:00:00,97.68969672579311
2026-12-11 02:00:00,108.3259768743629
2026-12-11 03:00:00,121.6758747405346
2026-12-11 04:00:00,129.6640280764823
2026-12-11 05:00:00,127.5170755722887
2026-12-11 06:00:00,115.0421917104517
2026-12-11 07:00:00,130.9278662754019
2026-12-11 08:00:00,130.0522174716661
2026-12-11 09:00:00,104.6170087231623
2026-12-11 10:00:00,101.2043306974128
2026-12-11 11:00:00,107.4442701960126
2026-12-11 12:00:00,86.58084993334936
2026-12-11 13:00:00,81.75950155058077
2026-12-11 14:00:00,77.4973145053004
2026-12-11 15:00:00,72.09795234322272
2026-12-11 16:00:00,64.23760816167562
2026-12-11 17:00:00,63.71876528602591
2026-12-11 18:00:00,54.26059831246899
2026-12-11 19:00:00,60.41266001083142
2026-12-11 20:00:00,60.07810390743472
2026-12-11 21:00:00,67.11502555646244
2026-12-11 22:00:00,69.75214111719683
2026-12-11 23:00:00,82.85576116429998
2026-12-12 00:00:00,96.65014650353075
2026-12-12 01:00:00,90.87320008506076
2026-12-12 02:00:00,101.936953229841
2026-12-12 03:00:00,121.023512490388
2026-12-12 04:00:00,124.5473349577086
2026-12-12 05:00:00,109.5480069177997
2026-12-12 06:00:00,125.7770541717701
2026-12-12 07:00:00,105.0538064064618
2026-12-12 08:00:00,107.3256350398604
2026-12-12 09:00:00,103.0664713591036
2026-12-12 10:00:00,107.031743467787
2026-12-12 11:00:00,95.99145788280859
2026-12-12 12:00:00,79.91632305021653
2026-12-12 13:00:00,79.13277003869327
2026-12-12 14:00:00,65.5088094087846
2026-12-12 15:00:00,70.32545739722909
2026-12-12 16:00:00,65.68092808112472
2026-12-12 17:00:00,55.09252066953191
2026-12-12 18:00:00,65.2389173451164
2026-12-12 19:00:00,67.41404749134354
2026-12-12 20:00:00,69.51211887601536
2026-12-12 21:00:00,69.35676216314519
2026-12-12 22:00:00,81.4518811685394
2026-12-12 23:00:00,89.27572588082323
2026-12-13 00:00:00,98.36551830352893
2026-12-13 01:00:00,112.0507357857675
2026-12-13 02:00:00,116.179588556306
2026-12-13 03:00:00,108.5361704295248
2026-12-13 04:00:00,117.1414283899218
2026-12-13 05:00:00,113.8832181821021
2026-12-13 06:00:00,137.93089651453
2026-12-13 07:00:00,114.3984572052741
2026-12-13 08:00:00,129.6815910515144
2026-12-13 09:00:00,117.0252741280087
2026-12-13 10:00:00,119.437888023267
2026-12-13 11:00:00,103.6095686565164
2026-12-13 12:00:00,90.60346275518317
2026-12-13 13:00:00,100.5752969056479
2026-12-13 14:00:00,89.73482288234729
2026-12-13 15:00:00,79.38995126796517
2026-12-13 16:00:00,71.4690153348561
2026-12-13 17:00:00,74.36583280006852
2026-12-13 18:00:00,68.36811846842254
2026-12-13 19:00:00,71.72029722156653
2026-12-13 20:00:00,77.77948833544502
2026-12-13 21:00:00,81.12458382521135
2026-12-13 22:00:00,95.8373581331521
2026-12-13 23:00:00,92.3671766757836
2026-12-14 00:00:00,111.7123669884095
2026-12-14 01:00:00,107.8225838975419
2026-12-14 02:00:00,123.8747507318333
2026-12-14 03:00:00,118.1461843071073
2026-12-14 04:00:00,143.8411593093455
2026-12-14 05:00:00,128.8721980003567
2026-12-14 06:00:00,138.8205594882347
2026-12-14 07:00:00,143.809143708603
2026-12-14 08:00:00,129.4626496839629
2026-12-14 09:00:00,133.0189267665349
2026-12-14 10:00:00,135.0157401840855
2026-12-14 11:00:00,122.7745546915346
2026-12-14 12:00:00,120.2808944707535
2026-12-14 13:00:00,121.0461758742726
2026-12-14 14:00:00,106.5547984103376
2026-12-14 15:00:00,97.9595007985369
2026-12-14 16:00:00,94.68343742739903
2026-12-14 17:00:00,98.17669056588129
2026-12-14 18:00:00,92.9926333986263
2026-12-14 19:00:00,100.8804628897403
2026-12-14 20:00:00,88.91813069798478
2026-12-14 21:00:00,110.4379498545352
2026-12-14 22:00:00,113.8389992341321
2026-12-14 23:00:00,115.5477564015149
2026-12-15 00:00:00,128.9415496470124
2026-12-15 01:00:00,124.8640845786351
2026-12-15 02:00:00,126.7241915719935
2026-12-15 03:00:00,132.5608033398754
2026-12-15 04:00:00,150.910422763824
2026-12-15 05:00:00,152.5264528449346
2026-12-15 06:00:00,153.4151308280812
2026-12-15 07:00:00,148.714723081184
2026-12-15 08:00:00,142.1255337137263
2026-12-15 09:00:00,132.7400561327651
2026-12-15 10:00:00,129.0082078302897
2026-12-15 11:00:00,137.7862043315104
2026-12-15 12:00:00,129.4701418744111
2026-12-15 13:00:00,120.155151076048
2026-12-15 14:00:00,119.1869749086795
2026-12-15 15:00:00,97.25869499925483
2026-12-15 16:00:00,93.65275855081313
2026-12-15 17:00:00,96.93036165693398
2026-12-15 18:00:00,96.38073482094532
2026-12-15 19:00:00,91.84602403817435
2026-12-15 20:00:00,107.6333062010518
2026-12-15 21:00:00,100.3624277658016
2026-12-15 22:00:00,120.1572444018834
2026-12-15 23:00:00,120.2165919388965
2026-12-16 00:00:00,140.6112296659884
2026-12-16 01:00:00,148.3842119437934
2026-12-16 02:00:00,149.9865723761052
2026-12-16 03:00:00,155.9643007600256
2026-12-16 04:00:00,138.9607185073424
2026-12-16 05:00:00,153.7508750449395
2026-12-16 06:00:00,143.1251807428619
2026-12-16 07:00:00,140.1893671812575
2026-12-16 08:00:00,153.4522403775355
2026-12-16 09:00:00,131.5868639821706
2026-12-16 10:00:00,137.7122971992225
2026-12-16 11:00:00,115.5150767121933
2026-12-16 12:00:00,124.2105086378115
2026-12-16 13:00:00,107.0648375212972
2026-12-16 14:00:00,104.0714990140052
2026-12-16 15:00:00,98.10230657388871
2026-12-16 16:00:00,85.27095033645747
2026-12-16 17:00:00,96.79655671160171
2026-12-16 18:00:00,89.00226598960249
2026-12-16 19:00:00,95.32723430119106
2026-12-16 20:00:00,97.53239812908257
2026-12-16 21:00:00,106.7725989732481
2026-12-16 22:00:00,101.1924516242941
2026-12-16 23:00:00,101.4292156986134
2026-12-17 00:00:00,110.9722435988861
2026-12-17 01:00:00,114.8503751158304
2026-12-17 02:00:00,141.926272531028
2026-12-17 03:00:00,131.7496604762424
2026-12-17 04:00:00,142.8357460437522
2026-12-17 05:00:00,140.0888118647436
2026-12-17 06:00:00,139.6240275966971
2026-12-17 07:00:00,135.8243512439233
2026-12-17 08:00:00,139.7228967814091
2026-12-17 09:00:00,120.5331472514625
2026-12-17 10:00:00,120.131926995274
2026-12-17 11:00:00,112.0221751115706
2026-12-17 12:00:00,107.2541862300108
2026-12-17 13:00:00,88.35169719152994
2026-12-17 14:00:00,90.3649907978999
2026-12-17 15:00:00,76.21591601887594
2026-12-17 16:00:00,72.94957887767403
2026-12-17 17:00:00,77.19998628563134
2026-12-17 18:00:00,64.47159338968903
2026-12-17 19:00:00,77.57643440533819
2026-12-17 20:00:00,79.14530246381675
2026-12-17 21:00:00,80.11836231646744
2026-12-17 22:00:00,83.45699322178632
2026-12-17 23:00:00,88.10791871882874
2026-12-18 00:00:00,108.0240412066564
2026-12-18 01:00:00,113.9578286703042
2026-12-18 02:00:00,122.335951775698
2026-12-18 03:00:00,128.7279692774928
2026-12-18 04:00:00,113.3870218742323
2026-12-18 05:00:00,116.0579853093787
2026-12-18 06:00:00,124.2841816838929
2026-12-18 07:00:00,132.4947257439857
2026-12-18 08:00:00,111.1554019553361
2026-12-18 09:00:00,103.6654941394655
2026-12-18 10:00:00,112.8625507905472
2026-12-18 11:00:00,104.4034960270684
2026-12-18 12:00:00,90.68681830790392
2026-12-18 13:00:00,79.8212951515921
2026-12-18 14:00:00,80.53500428950258
2026-12-18 15:00:00,61.48242403474622
2026-12-18 16:00:00,63.35818784713189
2026-12-18 17:00:00,55.35669184648292
2026-12-18 18:00:00,59.51368710051662
2026-12-18 19:00:00,58.87063083248116
2026-12-18 20:00:00,62.03742840080584
2026-12-18 21:00:00,69.4525563228674
2026-12-18 22:00:00,69.5895579274321
2026-12-18 23:00:00,82.33222277686866
2026-12-19 00:00:00,83.84668951898111
2026-12-19 01:00:00,93.02534731515016
2026-12-19 02:00:00,105.0957006948552
2026-12-19 03:00:00,99.59354167524586
2026-12-19 04:00:00,119.4535879217696
2026-12-19 05:00:00,111.5719647081092
2026-12-19 06:00:00,122.2103362877105
2026-12-19 07:00:00,112.5611187239119
2026-12-19 08:00:00,115.9853841668797
2026-12-19 09:00:00,98.90308202385853
2026-12-19 10:00:00,99.43106214954673
2026-12-19 11:00:00,91.42063155727068
2026-12-19 12:00:00,77.27977056501541
2026-12-19 13:00:00,81.70465783862724
2026-12-19 14:00:00,74.5710410849005
2026-12-19 15:00:00,60.93818418276835
2026-12-19 16:00:00,55.465296626979
2026-12-19 17:00:00,62.13256153894371
2026-12-19 18:00:00,52.7193397136916
2026-12-19 19:00:00,63.11338539774945
2026-12-19 20:00:00,57.56262816797905
2026-12-19 21:00:00,62.47329010191343
2026-12-19 22:00:00,70.23948798028952
2026-12-19 23:00:00,89.58652695086361
2026-12-20 00:00:00,83.43055643024319
2026-12-20 01:00:00,101.6357461020442
2026-12-20 02:00:00,114.9263750584052
2026-12-20 03:00:00,122.2080647169339
2026-12-20 04:00:00,125.5237679035782
2026-12-20 05:00:00,127.8164192249615
2026-12-20 06:00:00,131.8445781122825
2026-12-20 07:00:00,129.6939395635351
2026-12-20 08:00:00,124.4728573633678
2026-12-20 09:00:00,116.8213571256875
2026-12-20 10:00:00,103.0496336027303
2026-12-20 11:00:00,97.52070732908885
2026-12-20 12:00:00,86.93161855354909
2026-12-20 13:00:00,86.48152900446384
2026-12-20 14:00:00,86.13698615570439
2026-12-20 15:00:00,69.49939654624768
2026-12-20 16:00:00,74.66309913245584
2026-12-20 17:00:00,74.19949929758627
2026-12-20 18:00:00,71.7109464219106
2026-12-20 19:00:00,76.04321125092638
2026-12-20 20:00:00,72.44237625803683
2026-12-20 21:00:00,86.29407884018246
2026-12-20 22:00:00,87.35734129588299
2026-12-20 23:00:00,84.39199201108921
2026-12-21 00:00:00,105.813326252082
2026-12-21 01:00:00,113.5283078370959
2026-12-21 02:00:00,109.2518340010109
2026-12-21 03:00:00,124.1754604567483
2026-12-21 04:00:00,131.7516123828478
2026-12-21 05:00:00,133.6454256641521
2026-12-21 06:00:00,126.0230579880055
2026-12-21 07:00:00,151.3382669293237
2026-12-21 08:00:00,130.3183554320637
2026-12-21 09:00:00,126.1769290842725
2026-12-21 10:00:00,124.4781850940643
2026-12-21 11:00:00,126.138883901177
2026-12-21 12:00:00,102.8324756093257
2026-12-21 13:00:00,103.8608039536578
2026-12-21 14:00:00,89.80451832753576
2026-12-21 15:00:00,96.18406662687818
2026-12-21 16:00:00,90.70922150611
2026-12-21 17:00:00,82.10590295363268
2026-12-21 18:00:00,78.48743615681202
2026-12-21 19:00:00,94.40852612294289
2026-12-21 20:00:00,89.17713793563246
2026-12-21 21:00:00,109.0197496029794
2026-12-21 22:00:00,102.786181482271
2026-12-21 23:00:00,105.9177388611125
2026-12-22 00:00:00,122.9249265928659
2026-12-22 01:00:00,129.121347231956
2026-12-22 02:00:00,152.3811165522795
2026-12-22 03:00:00,156.2545591207551
2026-12-22 04:00:00,138.3626529295659
2026-12-22 05:00:00,166.064793368222
2026-12-22 06:00:00,162.9422656288585
2026-12-22 07:00:00,150.2287836312877
2026-12-22 08:00:00,133.1267680022914
2026-12-22 09:00:00,140.7007851884287
2026-12-22 10:00:00,134.5922343157921
2026-12-22 11:00:00,137.3135453897343
2026-12-22 12:00:00,113.6571582820052
2026-12-22 13:00:00,105.5857492122411
2026-12-22 14:00:00,107.3516205887309
2026-12-22 15:00:00,100.4866811633655
2026-12-22 16:00:00,90.45764970547258
2026-12-22 17:00:00,101.8200993202593
2026-12-22 18:00:00,98.0394868763197
2026-12-22 19:00:00,98.8458202046289
2026-12-22 20:00:00,105.2909066915834
2026-12-22 21:00:00,104.8109795070722
2026-12-22 22:00:00,119.8464963747808
2026-12-22 23:00:00,119.749643238263
2026-12-23 00:00:00,125.6286302845525
2026-12-23 01:00:00,124.1823738966347
2026-12-23 02:00:00,134.7978630465449
2026-12-23 03:00:00,153.0534028701219
2026-12-23 04:00:00,149.5614498914726
2026-12-23 05:00:00,135.8446030346016
2026-12-23 06:00:00,136.3838872630004
2026-12-23 07:00:00,153.5719043822884
2026-12-23 08:00:00,160.9403392986172
2026-12-23 09:00:00,130.7913191682284
2026-12-23 10:00:00,133.7807547265837
2026-12-23 11:00:00,138.6263407588043
2026-12-23 12:00:00,119.5618605171333
2026-12-23 13:00:00,116.0581458047612
2026-12-23 14:00:00,109.380231383418
2026-12-23 15:00:00,94.30876102438121
2026-12-23 16:00:00,83.67191038718153
2026-12-23 17:00:00,83.60900409608966
2026-12-23 18:00:00,91.37469031489387
2026-12-23 19:00:00,88.48661446222397
2026-12-23 20:00:00,80.44506134348755
2026-12-23 21:00:00,90.57644535361797
2026-12-23 22:00:00,86.92707452572047
2026-12-23 23:00:00,99.40789754693607
2026-12-24 00:00:00,105.7108479597733
2026-12-24 01:00:00,122.0960138111035
2026-12-24 02:00:00,110.3606796034236
2026-12-24 03:00:00,118.8355574370959
2026-12-24 04:00:00,129.8277959300248
2026-12-24 05:00:00,139.4454743746065
2026-12-24 06:00:00,139.4142435115131
2026-12-24 07:00:00,146.3095822677388
2026-12-24 08:00:00,135.834798184064
2026-12-24 09:00:00,115.7671794724101
2026-12-24 10:00:00,124.7687876836787
2026-12-24 11:00:00,104.8611606690005
2026-12-24 12:00:00,102.5974975851489
2026-12-24 13:00:00,99.06137043860936
2026-12-24 14:00:00,80.02666703959694
2026-12-24 15:00:00,72.60051601369416
2026-12-24 16:00:00,77.0284280130871
2026-12-24 17:00:00,66.01183866413393
2026-12-24 18:00:00,72.47585544123895
2026-12-24 19:00:00,73.4299150446274
2026-12-24 20:00:00,73.03765319274119
2026-12-24 21:00:00,71.44302119574539
2026-12-24 22:00:00,79.71186944676073
2026-12-24 23:00:00,82.99639129679653
2026-12-25 00:00:00,89.07339708658486
2026-12-25 01:00:00,105.0529723034809
2026-12-25 02:00:00,108.6136172586724
2026-12-25 03:00:00,108.9663010646634
2026-12-25 04:00:00,118.1864999250614
2026-12-25 05:00:00,120.6481567692983
2026-12-25 06:00:00,115.4256493143448
2026-12-25 07:00:00,121.4206252509283
2026-12-25 08:00:00,105.4611602514651
2026-12-25 09:00:00,106.704935574922
2026-12-25 10:00:00,106.794029153655
2026-12-25 11:00:00,95.91719668443034
2026-12-25 12:00:00,76.52328724123892
2026-12-25 13:00:00,75.79544339000816
2026-12-25 14:00:00,65.45715201705588
2026-12-25 15:00:00,54.85081829100513
2026-12-25 16:00:00,60.30666463903687
2026-12-25 17:00:00,50.05469805032362
2026-12-25 18:00:00,51.97205334418938
2026-12-25 19:00:00,61.15225490847434
2026-12-25 20:00:00,56.14075653560708
2026-12-25 21:00:00,70.75617609186179
2026-12-25 22:00:00,79.96019782058265
2026-12-25 23:00:00,83.9029684628038
2026-12-26 00:00:00,90.23546628276503
2026-12-26 01:00:00,94.70582567888832
2026-12-26 02:00:00,108.4828402165744
2026-12-26 03:00:00,113.7580422840633
2026-12-26 04:00:00,116.9116984025707
2026-12-26 05:00:00,102.2988803673124
2026-12-26 06:00:00,119.7994721724907
2026-12-26 07:00:00,110.6146948839438
2026-12-26 08:00:00,112.8432355536908
2026-12-26 09:00:00,103.6720869983703
2026-12-26 10:00:00,84.04919475798785
2026-12-26 11:00:00,90.43845935019945
2026-12-26 12:00:00,79.5553941807948
2026-12-26 13:00:00,69.1636397376346
2026-12-26 14:00:00,59.3025491976866
2026-12-26 15:00:00,57.6774761345522
2026-12-26 16:00:00,57.60266657157728
2026-12-26 17:00:00,51.55245455890249
2026-12-26 18:00:00,51.28847933595504
2026-12-26 19:00:00,53.05771069545617
2026-12-26 20:00:00,56.12091560830311
2026-12-26 21:00:00,63.77106126528771
2026-12-26 22:00:00,75.28011005601975
2026-12-26 23:00:00,79.57907555542945
2026-12-27 00:00:00,93.6392738637241
2026-12-27 01:00:00,88.61041250289574
2026-12-27 02:00:00,94.90632858910494
2026-12-27 03:00:00,99.9076609160423
2026-12-27 04:00:00,117.1749934619047
2026-12-27 05:00:00,107.3278638513027
2026-12-27 06:00:00,114.1928679757797
2026-12-27 07:00:00,109.9560070926186
2026-12-27 08:00:00,125.4070064082975
2026-12-27 09:00:00,112.3897445560131
2026-12-27 10:00:00,111.7482818681497
2026-12-27 11:00:00,94.77095019618103
2026-12-27 12:00:00,100.1077471110874
2026-12-27 13:00:00,97.54205189927609
2026-12-27 14:00:00,83.42043381329839
2026-12-27 15:00:00,77.23931150416034
2026-12-27 16:00:00,78.74532483558805
2026-12-27 17:00:00,64.32033032646282
2026-12-27 18:00:00,65.68748735907434
2026-12-27 19:00:00,64.8159806792523
2026-12-27 20:00:00,68.28694365053619
2026-12-27 21:00:00,79.24992254944699
2026-12-27 22:00:00,84.19668416200659
2026-12-27 23:00:00,91.44936231458408
2026-12-28 00:00:00,101.0586567770721
2026-12-28 01:00:00,98.19527640606353
2026-12-28 02:00:00,118.2384290622566
2026-12-28 03:00:00,111.2905409325839
2026-12-28 04:00:00,116.6967468289758
2026-12-28 05:00:00,143.3544490140092
2026-12-28 06:00:00,135.087986317638
2026-12-28 07:00:00,141.0379489338771
2026-12-28 08:00:00,144.637555608496
2026-12-28 09:00:00,127.4549481002442
2026-12-28 10:00:00,129.1857182733444
2026-12-28 11:00:00,118.1168255719331
2026-12-28 12:00:00,106.571609027076
2026-12-28 13:00:00,97.2762289514088
2026-12-28 14:00:00,103.1743592650584
2026-12-28 15:00:00,85.31912486874123
2026-12-28 16:00:00,83.88070881373301
2026-12-28 17:00:00,81.52835280001976
2026-12-28 18:00:00,78.5811103084552
2026-12-28 19:00:00,88.28504454675642
2026-12-28 20:00:00,95.78012072909247
2026-12-28 21:00:00,103.8082125534539
2026-12-28 22:00:00,113.7585174353621
2026-12-28 23:00:00,109.5826005216812
